module,file,symbol,kind,visibility,line
CPlot2D_wrapper_module,../scripts/../src/extlibs/CPlot2D/simple_CPlot2D_wrapper.f90,C_CDataPoint__delete,subroutine,private,122
CPlot2D_wrapper_module,../scripts/../src/extlibs/CPlot2D/simple_CPlot2D_wrapper.f90,C_CDataPoint__new2,function,private,117
CPlot2D_wrapper_module,../scripts/../src/extlibs/CPlot2D/simple_CPlot2D_wrapper.f90,C_CDataSet__AddDataPoint,subroutine,private,126
CPlot2D_wrapper_module,../scripts/../src/extlibs/CPlot2D/simple_CPlot2D_wrapper.f90,C_CDataSet__delete,subroutine,private,131
CPlot2D_wrapper_module,../scripts/../src/extlibs/CPlot2D/simple_CPlot2D_wrapper.f90,C_CDataSet__new,function,private,68
CPlot2D_wrapper_module,../scripts/../src/extlibs/CPlot2D/simple_CPlot2D_wrapper.f90,C_CDataSet__SetDashedLine,subroutine,private,102
CPlot2D_wrapper_module,../scripts/../src/extlibs/CPlot2D/simple_CPlot2D_wrapper.f90,C_CDataSet__SetDatasetColor,subroutine,private,112
CPlot2D_wrapper_module,../scripts/../src/extlibs/CPlot2D/simple_CPlot2D_wrapper.f90,C_CDataSet__SetDrawLine,subroutine,private,87
CPlot2D_wrapper_module,../scripts/../src/extlibs/CPlot2D/simple_CPlot2D_wrapper.f90,C_CDataSet__SetDrawMarker,subroutine,private,82
CPlot2D_wrapper_module,../scripts/../src/extlibs/CPlot2D/simple_CPlot2D_wrapper.f90,C_CDataSet__SetFillArea,subroutine,private,107
CPlot2D_wrapper_module,../scripts/../src/extlibs/CPlot2D/simple_CPlot2D_wrapper.f90,C_CDataSet__SetLineWidth,subroutine,private,97
CPlot2D_wrapper_module,../scripts/../src/extlibs/CPlot2D/simple_CPlot2D_wrapper.f90,C_CDataSet__SetMarkerSize,subroutine,private,92
CPlot2D_wrapper_module,../scripts/../src/extlibs/CPlot2D/simple_CPlot2D_wrapper.f90,C_CPlot2D__AddDataSet,subroutine,private,44
CPlot2D_wrapper_module,../scripts/../src/extlibs/CPlot2D/simple_CPlot2D_wrapper.f90,C_CPlot2D__delete,subroutine,private,64
CPlot2D_wrapper_module,../scripts/../src/extlibs/CPlot2D/simple_CPlot2D_wrapper.f90,C_CPlot2D__new,function,private,19
CPlot2D_wrapper_module,../scripts/../src/extlibs/CPlot2D/simple_CPlot2D_wrapper.f90,C_CPlot2D__OutputPostScriptPlot,subroutine,private,59
CPlot2D_wrapper_module,../scripts/../src/extlibs/CPlot2D/simple_CPlot2D_wrapper.f90,C_CPlot2D__SetDrawLegend,subroutine,private,34
CPlot2D_wrapper_module,../scripts/../src/extlibs/CPlot2D/simple_CPlot2D_wrapper.f90,C_CPlot2D__SetDrawXAxisGridLines,subroutine,private,72
CPlot2D_wrapper_module,../scripts/../src/extlibs/CPlot2D/simple_CPlot2D_wrapper.f90,C_CPlot2D__SetDrawYAxisGridLines,subroutine,private,77
CPlot2D_wrapper_module,../scripts/../src/extlibs/CPlot2D/simple_CPlot2D_wrapper.f90,C_CPlot2D__SetFlipY,subroutine,private,39
CPlot2D_wrapper_module,../scripts/../src/extlibs/CPlot2D/simple_CPlot2D_wrapper.f90,C_CPlot2D__SetXAxisSize,subroutine,private,24
CPlot2D_wrapper_module,../scripts/../src/extlibs/CPlot2D/simple_CPlot2D_wrapper.f90,C_CPlot2D__SetXAxisTitle,subroutine,private,49
CPlot2D_wrapper_module,../scripts/../src/extlibs/CPlot2D/simple_CPlot2D_wrapper.f90,C_CPlot2D__SetYAxisSize,subroutine,private,29
CPlot2D_wrapper_module,../scripts/../src/extlibs/CPlot2D/simple_CPlot2D_wrapper.f90,C_CPlot2D__SetYAxisTitle,subroutine,private,54
CPlot2D_wrapper_module,../scripts/../src/extlibs/CPlot2D/simple_CPlot2D_wrapper.f90,CDataPoint__delete,subroutine,private,253
CPlot2D_wrapper_module,../scripts/../src/extlibs/CPlot2D/simple_CPlot2D_wrapper.f90,CDataPoint__new2,subroutine,private,243
CPlot2D_wrapper_module,../scripts/../src/extlibs/CPlot2D/simple_CPlot2D_wrapper.f90,CDataPoint_type,type,public,6
CPlot2D_wrapper_module,../scripts/../src/extlibs/CPlot2D/simple_CPlot2D_wrapper.f90,CDataSet__AddDataPoint,subroutine,private,248
CPlot2D_wrapper_module,../scripts/../src/extlibs/CPlot2D/simple_CPlot2D_wrapper.f90,CDataSet__delete,subroutine,private,238
CPlot2D_wrapper_module,../scripts/../src/extlibs/CPlot2D/simple_CPlot2D_wrapper.f90,CDataSet__new,subroutine,private,189
CPlot2D_wrapper_module,../scripts/../src/extlibs/CPlot2D/simple_CPlot2D_wrapper.f90,CDataSet__SetDashedLine,subroutine,private,223
CPlot2D_wrapper_module,../scripts/../src/extlibs/CPlot2D/simple_CPlot2D_wrapper.f90,CDataSet__SetDatasetColor,subroutine,private,233
CPlot2D_wrapper_module,../scripts/../src/extlibs/CPlot2D/simple_CPlot2D_wrapper.f90,CDataSet__SetDrawLine,subroutine,private,208
CPlot2D_wrapper_module,../scripts/../src/extlibs/CPlot2D/simple_CPlot2D_wrapper.f90,CDataSet__SetDrawMarker,subroutine,private,203
CPlot2D_wrapper_module,../scripts/../src/extlibs/CPlot2D/simple_CPlot2D_wrapper.f90,CDataSet__SetFillArea,subroutine,private,228
CPlot2D_wrapper_module,../scripts/../src/extlibs/CPlot2D/simple_CPlot2D_wrapper.f90,CDataSet__SetLineWidth,subroutine,private,218
CPlot2D_wrapper_module,../scripts/../src/extlibs/CPlot2D/simple_CPlot2D_wrapper.f90,CDataSet__SetMarkerSize,subroutine,private,213
CPlot2D_wrapper_module,../scripts/../src/extlibs/CPlot2D/simple_CPlot2D_wrapper.f90,CDataSet_addpoint,subroutine,private,259
CPlot2D_wrapper_module,../scripts/../src/extlibs/CPlot2D/simple_CPlot2D_wrapper.f90,CDataSet_type,type,private,10
CPlot2D_wrapper_module,../scripts/../src/extlibs/CPlot2D/simple_CPlot2D_wrapper.f90,CPlot2D__AddDataSet,subroutine,private,164
CPlot2D_wrapper_module,../scripts/../src/extlibs/CPlot2D/simple_CPlot2D_wrapper.f90,CPlot2D__delete,subroutine,private,184
CPlot2D_wrapper_module,../scripts/../src/extlibs/CPlot2D/simple_CPlot2D_wrapper.f90,CPlot2D__new,subroutine,private,139
CPlot2D_wrapper_module,../scripts/../src/extlibs/CPlot2D/simple_CPlot2D_wrapper.f90,CPlot2D__OutputPostScriptPlot,subroutine,private,179
CPlot2D_wrapper_module,../scripts/../src/extlibs/CPlot2D/simple_CPlot2D_wrapper.f90,CPlot2D__SetDrawLegend,subroutine,private,154
CPlot2D_wrapper_module,../scripts/../src/extlibs/CPlot2D/simple_CPlot2D_wrapper.f90,CPlot2D__SetDrawXAxisGridLines,subroutine,private,198
CPlot2D_wrapper_module,../scripts/../src/extlibs/CPlot2D/simple_CPlot2D_wrapper.f90,CPlot2D__SetDrawYAxisGridLines,subroutine,private,193
CPlot2D_wrapper_module,../scripts/../src/extlibs/CPlot2D/simple_CPlot2D_wrapper.f90,CPlot2D__SetFlipY,subroutine,private,159
CPlot2D_wrapper_module,../scripts/../src/extlibs/CPlot2D/simple_CPlot2D_wrapper.f90,CPlot2D__SetXAxisSize,subroutine,private,144
CPlot2D_wrapper_module,../scripts/../src/extlibs/CPlot2D/simple_CPlot2D_wrapper.f90,CPlot2D__SetXAxisTitle,subroutine,private,169
CPlot2D_wrapper_module,../scripts/../src/extlibs/CPlot2D/simple_CPlot2D_wrapper.f90,CPlot2D__SetYAxisSize,subroutine,private,149
CPlot2D_wrapper_module,../scripts/../src/extlibs/CPlot2D/simple_CPlot2D_wrapper.f90,CPlot2D__SetYAxisTitle,subroutine,private,174
CPlot2D_wrapper_module,../scripts/../src/extlibs/CPlot2D/simple_CPlot2D_wrapper.f90,CPlot2D_type,type,private,14
CPlot2D_wrapper_module,../scripts/../src/extlibs/CPlot2D/simple_CPlot2D_wrapper.f90,plot2D,subroutine,private,268
CPlot2D_wrapper_module,../scripts/../src/extlibs/CPlot2D/simple_CPlot2D_wrapper.f90,test_CPlot2D,subroutine,private,335
curl_easy,../scripts/../src/extlibs/curl/src/curl_easy.f90,curl_easy_cleanup,subroutine,public,1022
curl_easy,../scripts/../src/extlibs/curl/src/curl_easy.f90,curl_easy_escape_,function,private,759
curl_easy,../scripts/../src/extlibs/curl/src/curl_easy.f90,curl_easy_getinfo_c_double,function,private,769
curl_easy,../scripts/../src/extlibs/curl/src/curl_easy.f90,curl_easy_getinfo_c_long,function,private,779
curl_easy,../scripts/../src/extlibs/curl/src/curl_easy.f90,curl_easy_getinfo_c_ptr,function,private,789
curl_easy,../scripts/../src/extlibs/curl/src/curl_easy.f90,curl_easy_init,function,public,799
curl_easy,../scripts/../src/extlibs/curl/src/curl_easy.f90,curl_easy_pause,function,public,806
curl_easy,../scripts/../src/extlibs/curl/src/curl_easy.f90,curl_easy_perform,function,public,815
curl_easy,../scripts/../src/extlibs/curl/src/curl_easy.f90,curl_easy_setopt_c_char,function,private,823
curl_easy,../scripts/../src/extlibs/curl/src/curl_easy.f90,curl_easy_setopt_c_funptr,function,private,853
curl_easy,../scripts/../src/extlibs/curl/src/curl_easy.f90,curl_easy_setopt_c_long,function,private,833
curl_easy,../scripts/../src/extlibs/curl/src/curl_easy.f90,curl_easy_setopt_c_ptr,function,private,843
curl_easy,../scripts/../src/extlibs/curl/src/curl_easy.f90,curl_easy_strerror_,function,private,863
curl_easy,../scripts/../src/extlibs/curl/src/curl_easy.f90,curl_easy_unescape_,function,private,871
curl_easy,../scripts/../src/extlibs/curl/src/curl_easy.f90,curl_escape_,function,private,882
curl_easy,../scripts/../src/extlibs/curl/src/curl_easy.f90,curl_free,subroutine,public,1029
curl_easy,../scripts/../src/extlibs/curl/src/curl_easy.f90,curl_global_cleanup,subroutine,public,1036
curl_easy,../scripts/../src/extlibs/curl/src/curl_easy.f90,curl_global_init_,function,private,891
curl_easy,../scripts/../src/extlibs/curl/src/curl_easy.f90,curl_mime_addpart,function,public,899
curl_easy,../scripts/../src/extlibs/curl/src/curl_easy.f90,curl_mime_data,function,public,907
curl_easy,../scripts/../src/extlibs/curl/src/curl_easy.f90,curl_mime_encoder_,function,private,917
curl_easy,../scripts/../src/extlibs/curl/src/curl_easy.f90,curl_mime_filedata_,function,private,926
curl_easy,../scripts/../src/extlibs/curl/src/curl_easy.f90,curl_mime_filename_,function,private,935
curl_easy,../scripts/../src/extlibs/curl/src/curl_easy.f90,curl_mime_free,subroutine,public,1040
curl_easy,../scripts/../src/extlibs/curl/src/curl_easy.f90,curl_mime_headers,function,public,944
curl_easy,../scripts/../src/extlibs/curl/src/curl_easy.f90,curl_mime_init,function,public,954
curl_easy,../scripts/../src/extlibs/curl/src/curl_easy.f90,curl_mime_name_,function,private,962
curl_easy,../scripts/../src/extlibs/curl/src/curl_easy.f90,curl_mime_subparts,function,public,971
curl_easy,../scripts/../src/extlibs/curl/src/curl_easy.f90,curl_mime_type_,function,private,980
curl_easy,../scripts/../src/extlibs/curl/src/curl_easy.f90,curl_slist,type,private,685
curl_easy,../scripts/../src/extlibs/curl/src/curl_easy.f90,curl_slist_append_,function,private,989
curl_easy,../scripts/../src/extlibs/curl/src/curl_easy.f90,curl_slist_free_all,subroutine,public,1047
curl_easy,../scripts/../src/extlibs/curl/src/curl_easy.f90,curl_unescape_,function,private,998
curl_easy,../scripts/../src/extlibs/curl/src/curl_easy.f90,curl_version_,function,private,1007
curl_easy,../scripts/../src/extlibs/curl/src/curl_easy.f90,curl_version_info_,function,private,1014
curl_easy,../scripts/../src/extlibs/curl/src/curl_easy.f90,curl_version_info_data,type,private,691
curl_easy,../scripts/../src/extlibs/curl/src/curl_easy.f90,curl_version_now,function,public,1056
curl_multi,../scripts/../src/extlibs/curl/src/curl_multi.f90,curl_msg,type,private,57
curl_multi,../scripts/../src/extlibs/curl/src/curl_multi.f90,curl_multi_add_handle,function,public,76
curl_multi,../scripts/../src/extlibs/curl/src/curl_multi.f90,curl_multi_cleanup,function,public,85
curl_multi,../scripts/../src/extlibs/curl/src/curl_multi.f90,curl_multi_info_read,function,public,93
curl_multi,../scripts/../src/extlibs/curl/src/curl_multi.f90,curl_multi_init,function,public,102
curl_multi,../scripts/../src/extlibs/curl/src/curl_multi.f90,curl_multi_perform,function,public,109
curl_multi,../scripts/../src/extlibs/curl/src/curl_multi.f90,curl_multi_poll,function,public,118
curl_multi,../scripts/../src/extlibs/curl/src/curl_multi.f90,curl_multi_remove_handle,function,public,130
curl_multi,../scripts/../src/extlibs/curl/src/curl_multi.f90,curl_multi_strerror,function,public,165
curl_multi,../scripts/../src/extlibs/curl/src/curl_multi.f90,curl_multi_strerror_,function,private,139
curl_multi,../scripts/../src/extlibs/curl/src/curl_multi.f90,curl_multi_timeout,function,public,147
curl_multi,../scripts/../src/extlibs/curl/src/curl_multi.f90,curl_multi_wakeup,function,public,156
curl_urlapi,../scripts/../src/extlibs/curl/src/curl_urlapi.f90,curl_url,function,public,86
curl_urlapi,../scripts/../src/extlibs/curl/src/curl_urlapi.f90,curl_url_cleanup,subroutine,public,131
curl_urlapi,../scripts/../src/extlibs/curl/src/curl_urlapi.f90,curl_url_dup,function,public,93
curl_urlapi,../scripts/../src/extlibs/curl/src/curl_urlapi.f90,curl_url_get,function,public,139
curl_urlapi,../scripts/../src/extlibs/curl/src/curl_urlapi.f90,curl_url_get_,function,private,101
curl_urlapi,../scripts/../src/extlibs/curl/src/curl_urlapi.f90,curl_url_set,function,public,157
curl_urlapi,../scripts/../src/extlibs/curl/src/curl_urlapi.f90,curl_url_set_,function,private,112
curl_urlapi,../scripts/../src/extlibs/curl/src/curl_urlapi.f90,curl_url_strerror,function,public,172
curl_urlapi,../scripts/../src/extlibs/curl/src/curl_urlapi.f90,curl_url_strerror_,function,private,123
curl_util,../scripts/../src/extlibs/curl/src/curl_util.f90,c_f_str_ptr,subroutine,public,27
curl_util,../scripts/../src/extlibs/curl/src/curl_util.f90,c_strlen,function,private,17
fox_m_fsys_abort_flush,../scripts/../src/extlibs/xml/fsys/fox_m_fsys_abort_flush.F90,abort,subroutine,public,79
fox_m_fsys_abort_flush,../scripts/../src/extlibs/xml/fsys/fox_m_fsys_abort_flush.F90,pure_pxfabort,function,public,112
fox_m_fsys_abort_flush,../scripts/../src/extlibs/xml/fsys/fox_m_fsys_abort_flush.F90,pxfabort,subroutine,public,73
fox_m_fsys_abort_flush,../scripts/../src/extlibs/xml/fsys/fox_m_fsys_abort_flush.F90,pxfflush,subroutine,public,42
fox_m_fsys_string,../scripts/../src/extlibs/xml/fsys/fox_m_fsys_string.F90,toLower,function,public,18
fox_m_utils_mtprng,../scripts/../src/extlibs/xml/utils/fox_m_utils_mtprng.F90,mtprng_init,subroutine,private,132
fox_m_utils_mtprng,../scripts/../src/extlibs/xml/utils/fox_m_utils_mtprng.F90,mtprng_init_by_array,subroutine,private,156
fox_m_utils_mtprng,../scripts/../src/extlibs/xml/utils/fox_m_utils_mtprng.F90,mtprng_rand,function,private,264
fox_m_utils_mtprng,../scripts/../src/extlibs/xml/utils/fox_m_utils_mtprng.F90,mtprng_rand64,function,private,205
fox_m_utils_mtprng,../scripts/../src/extlibs/xml/utils/fox_m_utils_mtprng.F90,mtprng_rand_range,function,private,288
fox_m_utils_mtprng,../scripts/../src/extlibs/xml/utils/fox_m_utils_mtprng.F90,mtprng_rand_real1,function,private,306
fox_m_utils_mtprng,../scripts/../src/extlibs/xml/utils/fox_m_utils_mtprng.F90,mtprng_rand_real2,function,private,325
fox_m_utils_mtprng,../scripts/../src/extlibs/xml/utils/fox_m_utils_mtprng.F90,mtprng_rand_real3,function,private,344
fox_m_utils_uri,../scripts/../src/extlibs/xml/utils/fox_m_utils_uri.F90,appendPaths,function,private,572
fox_m_utils_uri,../scripts/../src/extlibs/xml/utils/fox_m_utils_uri.F90,checkAuthority,function,private,260
fox_m_utils_uri,../scripts/../src/extlibs/xml/utils/fox_m_utils_uri.F90,checkFragment,function,private,380
fox_m_utils_uri,../scripts/../src/extlibs/xml/utils/fox_m_utils_uri.F90,checkHost,function,private,250
fox_m_utils_uri,../scripts/../src/extlibs/xml/utils/fox_m_utils_uri.F90,checkIpvX,function,private,196
fox_m_utils_uri,../scripts/../src/extlibs/xml/utils/fox_m_utils_uri.F90,checkNonOpaquePath,function,private,314
fox_m_utils_uri,../scripts/../src/extlibs/xml/utils/fox_m_utils_uri.F90,checkOpaquePart,function,private,171
fox_m_utils_uri,../scripts/../src/extlibs/xml/utils/fox_m_utils_uri.F90,checkPath,function,private,360
fox_m_utils_uri,../scripts/../src/extlibs/xml/utils/fox_m_utils_uri.F90,checkPathSegment,function,private,299
fox_m_utils_uri,../scripts/../src/extlibs/xml/utils/fox_m_utils_uri.F90,checkQuery,function,private,373
fox_m_utils_uri,../scripts/../src/extlibs/xml/utils/fox_m_utils_uri.F90,checkScheme,function,private,183
fox_m_utils_uri,../scripts/../src/extlibs/xml/utils/fox_m_utils_uri.F90,cleanUp,subroutine,private,501
fox_m_utils_uri,../scripts/../src/extlibs/xml/utils/fox_m_utils_uri.F90,copyURI,function,public,797
fox_m_utils_uri,../scripts/../src/extlibs/xml/utils/fox_m_utils_uri.F90,destroyURI,subroutine,public,826
fox_m_utils_uri,../scripts/../src/extlibs/xml/utils/fox_m_utils_uri.F90,dumpURI,subroutine,public,746
fox_m_utils_uri,../scripts/../src/extlibs/xml/utils/fox_m_utils_uri.F90,expressSegments,function,private,674
fox_m_utils_uri,../scripts/../src/extlibs/xml/utils/fox_m_utils_uri.F90,expressURI,function,public,711
fox_m_utils_uri,../scripts/../src/extlibs/xml/utils/fox_m_utils_uri.F90,expressURI_len,function,private,693
fox_m_utils_uri,../scripts/../src/extlibs/xml/utils/fox_m_utils_uri.F90,getAuthority,function,public,882
fox_m_utils_uri,../scripts/../src/extlibs/xml/utils/fox_m_utils_uri.F90,getFragment,function,public,1002
fox_m_utils_uri,../scripts/../src/extlibs/xml/utils/fox_m_utils_uri.F90,getHost,function,public,926
fox_m_utils_uri,../scripts/../src/extlibs/xml/utils/fox_m_utils_uri.F90,getPath,function,public,958
fox_m_utils_uri,../scripts/../src/extlibs/xml/utils/fox_m_utils_uri.F90,getPort,function,public,948
fox_m_utils_uri,../scripts/../src/extlibs/xml/utils/fox_m_utils_uri.F90,getQuery,function,public,980
fox_m_utils_uri,../scripts/../src/extlibs/xml/utils/fox_m_utils_uri.F90,getScheme,function,public,859
fox_m_utils_uri,../scripts/../src/extlibs/xml/utils/fox_m_utils_uri.F90,getUserinfo,function,public,904
fox_m_utils_uri,../scripts/../src/extlibs/xml/utils/fox_m_utils_uri.F90,hasAuthority,function,public,871
fox_m_utils_uri,../scripts/../src/extlibs/xml/utils/fox_m_utils_uri.F90,hasFragment,function,public,991
fox_m_utils_uri,../scripts/../src/extlibs/xml/utils/fox_m_utils_uri.F90,hasHost,function,public,915
fox_m_utils_uri,../scripts/../src/extlibs/xml/utils/fox_m_utils_uri.F90,hasPort,function,public,937
fox_m_utils_uri,../scripts/../src/extlibs/xml/utils/fox_m_utils_uri.F90,hasQuery,function,public,969
fox_m_utils_uri,../scripts/../src/extlibs/xml/utils/fox_m_utils_uri.F90,hasScheme,function,public,848
fox_m_utils_uri,../scripts/../src/extlibs/xml/utils/fox_m_utils_uri.F90,hasUserinfo,function,public,893
fox_m_utils_uri,../scripts/../src/extlibs/xml/utils/fox_m_utils_uri.F90,isAbsoluteURI,function,public,533
fox_m_utils_uri,../scripts/../src/extlibs/xml/utils/fox_m_utils_uri.F90,normalizepath,function,private,614
fox_m_utils_uri,../scripts/../src/extlibs/xml/utils/fox_m_utils_uri.F90,parseURI,function,public,388
fox_m_utils_uri,../scripts/../src/extlibs/xml/utils/fox_m_utils_uri.F90,pctEncode,function,private,151
fox_m_utils_uri,../scripts/../src/extlibs/xml/utils/fox_m_utils_uri.F90,pctEncode_len,function,private,137
fox_m_utils_uri,../scripts/../src/extlibs/xml/utils/fox_m_utils_uri.F90,produceResult,subroutine,private,517
fox_m_utils_uri,../scripts/../src/extlibs/xml/utils/fox_m_utils_uri.F90,rebaseURI,function,public,547
fox_m_utils_uri,../scripts/../src/extlibs/xml/utils/fox_m_utils_uri.F90,unEscape_alloc,function,private,87
fox_m_utils_uri,../scripts/../src/extlibs/xml/utils/fox_m_utils_uri.F90,verifyWithPctEncoding,function,private,115
fox_m_utils_uuid,../scripts/../src/extlibs/xml/utils/fox_m_utils_uuid.F90,generate_uuid,function,public,36
fox_m_utils_uuid,../scripts/../src/extlibs/xml/utils/fox_m_utils_uuid.F90,get_utc_since_1582,function,private,183
fox_m_utils_uuid,../scripts/../src/extlibs/xml/utils/fox_m_utils_uuid.F90,int32ToHexOctets,function,private,154
fox_m_utils_uuid,../scripts/../src/extlibs/xml/utils/fox_m_utils_uuid.F90,int64ToHexOctets,function,private,166
fox_m_utils_uuid,../scripts/../src/extlibs/xml/utils/fox_m_utils_uuid.F90,isLeapYear,function,private,238
json_file_module,../scripts/../src/extlibs/json/json_file_module.f90,json_file,type,private,62
json_value_module,../scripts/../src/extlibs/json/json_value_module.f90,json_core,type,private,157
json_value_module,../scripts/../src/extlibs/json/json_value_module.f90,json_value,type,private,106
m_common_charset,../scripts/../src/extlibs/xml/common/m_common_charset.F90,allowed_encoding,function,public,276
m_common_charset,../scripts/../src/extlibs/xml/common/m_common_charset.F90,checkChars,function,public,232
m_common_charset,../scripts/../src/extlibs/xml/common/m_common_charset.F90,isInitialNameChar,function,public,162
m_common_charset,../scripts/../src/extlibs/xml/common/m_common_charset.F90,isInitialNCNameChar,function,public,190
m_common_charset,../scripts/../src/extlibs/xml/common/m_common_charset.F90,isLegalChar,function,public,104
m_common_charset,../scripts/../src/extlibs/xml/common/m_common_charset.F90,isLegalCharRef,function,public,132
m_common_charset,../scripts/../src/extlibs/xml/common/m_common_charset.F90,isNameChar,function,public,176
m_common_charset,../scripts/../src/extlibs/xml/common/m_common_charset.F90,isNCNameChar,function,public,203
m_common_charset,../scripts/../src/extlibs/xml/common/m_common_charset.F90,isRepCharRef,function,public,147
m_common_charset,../scripts/../src/extlibs/xml/common/m_common_charset.F90,isUSASCII,function,public,257
m_common_charset,../scripts/../src/extlibs/xml/common/m_common_charset.F90,isXML1_0_NameChar,function,public,216
m_common_charset,../scripts/../src/extlibs/xml/common/m_common_charset.F90,isXML1_1_NameChar,function,public,224
m_common_content_model,../scripts/../src/extlibs/xml/common/m_common_content_model.F90,checkCP,function,public,155
m_common_content_model,../scripts/../src/extlibs/xml/common/m_common_content_model.F90,checkCPToEnd,function,public,300
m_common_content_model,../scripts/../src/extlibs/xml/common/m_common_content_model.F90,copyCP,function,private,77
m_common_content_model,../scripts/../src/extlibs/xml/common/m_common_content_model.F90,copyCPtree,function,private,87
m_common_content_model,../scripts/../src/extlibs/xml/common/m_common_content_model.F90,destroyCP,subroutine,private,395
m_common_content_model,../scripts/../src/extlibs/xml/common/m_common_content_model.F90,destroyCPtree,subroutine,public,402
m_common_content_model,../scripts/../src/extlibs/xml/common/m_common_content_model.F90,dumpCP,subroutine,private,427
m_common_content_model,../scripts/../src/extlibs/xml/common/m_common_content_model.F90,dumpCPtree,subroutine,public,453
m_common_content_model,../scripts/../src/extlibs/xml/common/m_common_content_model.F90,elementContentCP,function,public,366
m_common_content_model,../scripts/../src/extlibs/xml/common/m_common_content_model.F90,emptyContentCP,function,public,383
m_common_content_model,../scripts/../src/extlibs/xml/common/m_common_content_model.F90,newCP,function,public,48
m_common_content_model,../scripts/../src/extlibs/xml/common/m_common_content_model.F90,nextCPafterfail,function,private,246
m_common_content_model,../scripts/../src/extlibs/xml/common/m_common_content_model.F90,nextCPaftermatch,function,private,209
m_common_content_model,../scripts/../src/extlibs/xml/common/m_common_content_model.F90,nextCPMustMatch,function,private,319
m_common_content_model,../scripts/../src/extlibs/xml/common/m_common_content_model.F90,transformCPPlus,subroutine,public,124
m_common_elstack,../scripts/../src/extlibs/xml/common/m_common_elstack.F90,elstack_item,type,private,20
m_common_elstack,../scripts/../src/extlibs/xml/common/m_common_elstack.F90,elstack_t,type,private,25
m_common_entity_expand,../scripts/../src/extlibs/xml/common/m_common_entity_expand.F90,expand_entity_value_alloc,function,public,22
m_common_io,../scripts/../src/extlibs/xml/common/m_common_io.F90,find_eor_eof,subroutine,private,49
m_common_io,../scripts/../src/extlibs/xml/common/m_common_io.F90,get_unit,subroutine,public,28
m_common_io,../scripts/../src/extlibs/xml/common/m_common_io.F90,setup_io,subroutine,public,23
m_common_namecheck,../scripts/../src/extlibs/xml/common/m_common_namecheck.F90,checkAttValue,function,public,369
m_common_namecheck,../scripts/../src/extlibs/xml/common/m_common_namecheck.F90,checkCharacterEntityReference,function,public,423
m_common_namecheck,../scripts/../src/extlibs/xml/common/m_common_namecheck.F90,checkEncName,function,public,51
m_common_namecheck,../scripts/../src/extlibs/xml/common/m_common_namecheck.F90,checkName,function,public,79
m_common_namecheck,../scripts/../src/extlibs/xml/common/m_common_namecheck.F90,checkNames,function,public,94
m_common_namecheck,../scripts/../src/extlibs/xml/common/m_common_namecheck.F90,checkNCName,function,public,190
m_common_namecheck,../scripts/../src/extlibs/xml/common/m_common_namecheck.F90,checkNCNames,function,public,206
m_common_namecheck,../scripts/../src/extlibs/xml/common/m_common_namecheck.F90,checkNmtoken,function,public,245
m_common_namecheck,../scripts/../src/extlibs/xml/common/m_common_namecheck.F90,checkNmtokens,function,public,257
m_common_namecheck,../scripts/../src/extlibs/xml/common/m_common_namecheck.F90,checkPEDef,function,public,307
m_common_namecheck,../scripts/../src/extlibs/xml/common/m_common_namecheck.F90,checkPITarget,function,public,66
m_common_namecheck,../scripts/../src/extlibs/xml/common/m_common_namecheck.F90,checkPseudoAttValue,function,public,338
m_common_namecheck,../scripts/../src/extlibs/xml/common/m_common_namecheck.F90,checkPublicId,function,public,297
m_common_namecheck,../scripts/../src/extlibs/xml/common/m_common_namecheck.F90,checkQName,function,public,133
m_common_namecheck,../scripts/../src/extlibs/xml/common/m_common_namecheck.F90,checkQNames,function,public,151
m_common_namecheck,../scripts/../src/extlibs/xml/common/m_common_namecheck.F90,checkRepCharEntityReference,function,public,452
m_common_namecheck,../scripts/../src/extlibs/xml/common/m_common_namecheck.F90,likeCharacterEntityReference,function,public,404
m_common_namecheck,../scripts/../src/extlibs/xml/common/m_common_namecheck.F90,localpartOfQname,function,public,493
m_common_namecheck,../scripts/../src/extlibs/xml/common/m_common_namecheck.F90,prefixOfQName,function,public,485
m_common_notations,../scripts/../src/extlibs/xml/common/m_common_notations.F90,add_notation,subroutine,public,57
m_common_notations,../scripts/../src/extlibs/xml/common/m_common_notations.F90,destroy_notation_list,subroutine,public,43
m_common_notations,../scripts/../src/extlibs/xml/common/m_common_notations.F90,init_notation_list,subroutine,public,29
m_common_notations,../scripts/../src/extlibs/xml/common/m_common_notations.F90,notation_exists,function,public,103
m_common_struct,../scripts/../src/extlibs/xml/common/m_common_struct.F90,destroy_xml_doc_state,subroutine,public,57
m_common_struct,../scripts/../src/extlibs/xml/common/m_common_struct.F90,init_xml_doc_state,subroutine,public,47
m_common_struct,../scripts/../src/extlibs/xml/common/m_common_struct.F90,register_external_GE,subroutine,public,106
m_common_struct,../scripts/../src/extlibs/xml/common/m_common_struct.F90,register_external_PE,subroutine,public,81
m_common_struct,../scripts/../src/extlibs/xml/common/m_common_struct.F90,register_internal_GE,subroutine,public,94
m_common_struct,../scripts/../src/extlibs/xml/common/m_common_struct.F90,register_internal_PE,subroutine,public,69
m_contours,../scripts/../src/extlibs/xml/wkml/m_contours.F90,add_line,subroutine,private,271
m_contours,../scripts/../src/extlibs/xml/wkml/m_contours.F90,add_point,subroutine,private,246
m_contours,../scripts/../src/extlibs/xml/wkml/m_contours.F90,add_polygon,subroutine,private,392
m_contours,../scripts/../src/extlibs/xml/wkml/m_contours.F90,addLinesToContourObject,subroutine,private,2074
m_contours,../scripts/../src/extlibs/xml/wkml/m_contours.F90,addLineToLineList,subroutine,private,2001
m_contours,../scripts/../src/extlibs/xml/wkml/m_contours.F90,addPolygonsToContourObject,subroutine,private,2108
m_contours,../scripts/../src/extlibs/xml/wkml/m_contours.F90,addPolygonToPolygonList,subroutine,private,2022
m_contours,../scripts/../src/extlibs/xml/wkml/m_contours.F90,checkPointOnPolygon,function,private,1250
m_contours,../scripts/../src/extlibs/xml/wkml/m_contours.F90,complexScalePoints,subroutine,private,489
m_contours,../scripts/../src/extlibs/xml/wkml/m_contours.F90,concatenate_lines,subroutine,private,436
m_contours,../scripts/../src/extlibs/xml/wkml/m_contours.F90,destroy_contourLines,subroutine,private,136
m_contours,../scripts/../src/extlibs/xml/wkml/m_contours.F90,destroy_contourObject,subroutine,public,218
m_contours,../scripts/../src/extlibs/xml/wkml/m_contours.F90,draw,subroutine,private,785
m_contours,../scripts/../src/extlibs/xml/wkml/m_contours.F90,GCONTR,subroutine,private,846
m_contours,../scripts/../src/extlibs/xml/wkml/m_contours.F90,init_contourObject,subroutine,private,163
m_contours,../scripts/../src/extlibs/xml/wkml/m_contours.F90,init_line,subroutine,private,129
m_contours,../scripts/../src/extlibs/xml/wkml/m_contours.F90,joinUpLines,subroutine,private,1486
m_contours,../scripts/../src/extlibs/xml/wkml/m_contours.F90,make_contours_on_a_complex_grid,function,public,719
m_contours,../scripts/../src/extlibs/xml/wkml/m_contours.F90,make_contours_on_a_simple_grid,function,public,652
m_contours,../scripts/../src/extlibs/xml/wkml/m_contours.F90,make_contours_on_simplest_grid,function,public,583
m_contours,../scripts/../src/extlibs/xml/wkml/m_contours.F90,nextLineOnEdge,function,private,1290
m_contours,../scripts/../src/extlibs/xml/wkml/m_contours.F90,pointInPolygon,function,private,1269
m_contours,../scripts/../src/extlibs/xml/wkml/m_contours.F90,polygonsInPolygons,subroutine,private,1707
m_contours,../scripts/../src/extlibs/xml/wkml/m_contours.F90,scale_contours_complex,subroutine,private,558
m_contours,../scripts/../src/extlibs/xml/wkml/m_contours.F90,scale_contours_simple,subroutine,private,533
m_contours,../scripts/../src/extlibs/xml/wkml/m_contours.F90,setpnew,subroutine,private,1354
m_contours,../scripts/../src/extlibs/xml/wkml/m_contours.F90,shave_polygon,subroutine,private,307
m_contours,../scripts/../src/extlibs/xml/wkml/m_contours.F90,shave_polygons,subroutine,private,378
m_contours,../scripts/../src/extlibs/xml/wkml/m_contours.F90,simpleScalePoints,subroutine,private,464
m_contours,../scripts/../src/extlibs/xml/wkml/m_contours.F90,whichLevel,function,private,1231
m_dom_error,../scripts/../src/extlibs/xml/dom/m_dom_error.f90,destroyDOMException,subroutine,private,189
m_dom_error,../scripts/../src/extlibs/xml/dom/m_dom_error.f90,dom_error,subroutine,public,178
m_dom_error,../scripts/../src/extlibs/xml/dom/m_dom_error.f90,errorString,function,private,67
m_dom_error,../scripts/../src/extlibs/xml/dom/m_dom_error.f90,getExceptionCode,function,public,150
m_dom_error,../scripts/../src/extlibs/xml/dom/m_dom_error.f90,inException,function,public,204
m_dom_error,../scripts/../src/extlibs/xml/dom/m_dom_error.f90,internal_error,subroutine,public,196
m_dom_error,../scripts/../src/extlibs/xml/dom/m_dom_error.f90,throw_exception,subroutine,public,162
m_dom_parse,../scripts/../src/extlibs/xml/dom/m_dom_parse.f90,characters_handler,subroutine,private,155
m_dom_parse,../scripts/../src/extlibs/xml/dom/m_dom_parse.f90,comment_handler,subroutine,private,209
m_dom_parse,../scripts/../src/extlibs/xml/dom/m_dom_parse.f90,endCdata_handler,subroutine,private,344
m_dom_parse,../scripts/../src/extlibs/xml/dom/m_dom_parse.f90,endDocument_Handler,subroutine,private,240
m_dom_parse,../scripts/../src/extlibs/xml/dom/m_dom_parse.f90,endDTD_handler,subroutine,private,257
m_dom_parse,../scripts/../src/extlibs/xml/dom/m_dom_parse.f90,endElement_handler,subroutine,private,142
m_dom_parse,../scripts/../src/extlibs/xml/dom/m_dom_parse.f90,endEntity_handler,subroutine,private,431
m_dom_parse,../scripts/../src/extlibs/xml/dom/m_dom_parse.f90,entityErrorHandler,subroutine,private,374
m_dom_parse,../scripts/../src/extlibs/xml/dom/m_dom_parse.f90,externalEntityDecl_handler,subroutine,private,387
m_dom_parse,../scripts/../src/extlibs/xml/dom/m_dom_parse.f90,FoX_endDTD_handler,subroutine,private,320
m_dom_parse,../scripts/../src/extlibs/xml/dom/m_dom_parse.f90,ignorableWhitespace_handler,subroutine,private,183
m_dom_parse,../scripts/../src/extlibs/xml/dom/m_dom_parse.f90,internalEntityDecl_handler,subroutine,private,348
m_dom_parse,../scripts/../src/extlibs/xml/dom/m_dom_parse.f90,normalErrorHandler,subroutine,private,368
m_dom_parse,../scripts/../src/extlibs/xml/dom/m_dom_parse.f90,notationDecl_handler,subroutine,private,327
m_dom_parse,../scripts/../src/extlibs/xml/dom/m_dom_parse.f90,parsefile,function,public,524
m_dom_parse,../scripts/../src/extlibs/xml/dom/m_dom_parse.f90,parsestring,function,public,562
m_dom_parse,../scripts/../src/extlibs/xml/dom/m_dom_parse.f90,processingInstruction_handler,subroutine,private,221
m_dom_parse,../scripts/../src/extlibs/xml/dom/m_dom_parse.f90,runParser,subroutine,private,458
m_dom_parse,../scripts/../src/extlibs/xml/dom/m_dom_parse.f90,skippedEntity_handler,subroutine,private,445
m_dom_parse,../scripts/../src/extlibs/xml/dom/m_dom_parse.f90,startCdata_handler,subroutine,private,341
m_dom_parse,../scripts/../src/extlibs/xml/dom/m_dom_parse.f90,startDocument_handler,subroutine,private,233
m_dom_parse,../scripts/../src/extlibs/xml/dom/m_dom_parse.f90,startDTD_handler,subroutine,private,244
m_dom_parse,../scripts/../src/extlibs/xml/dom/m_dom_parse.f90,startElement_handler,subroutine,private,59
m_dom_parse,../scripts/../src/extlibs/xml/dom/m_dom_parse.f90,startEntity_handler,subroutine,private,417
m_dom_parse,../scripts/../src/extlibs/xml/dom/m_dom_parse.f90,unparsedEntityDecl_handler,subroutine,private,402
m_dom_utils,../scripts/../src/extlibs/xml/dom/m_dom_utils.f90,dump2,subroutine,private,59
m_dom_utils,../scripts/../src/extlibs/xml/dom/m_dom_utils.f90,dumpTree,subroutine,public,47
m_dom_utils,../scripts/../src/extlibs/xml/dom/m_dom_utils.f90,iter_dmp_xml,subroutine,private,217
m_dom_utils,../scripts/../src/extlibs/xml/dom/m_dom_utils.f90,serialize,subroutine,public,102
m_ieee,../scripts/../src/extlibs/xml/fsys/m_ieee.f90,generate_nan,function,public,10
m_sax_operate,../scripts/../src/extlibs/xml/sax/m_sax_operate.F90,attributeDecl_handler,subroutine,private,214
m_sax_operate,../scripts/../src/extlibs/xml/sax/m_sax_operate.F90,characters_handler,subroutine,private,143
m_sax_operate,../scripts/../src/extlibs/xml/sax/m_sax_operate.F90,close_xml_t,subroutine,public,65
m_sax_operate,../scripts/../src/extlibs/xml/sax/m_sax_operate.F90,comment_handler,subroutine,private,238
m_sax_operate,../scripts/../src/extlibs/xml/sax/m_sax_operate.F90,elementDecl_handler,subroutine,private,222
m_sax_operate,../scripts/../src/extlibs/xml/sax/m_sax_operate.F90,endCdata_handler,subroutine,private,242
m_sax_operate,../scripts/../src/extlibs/xml/sax/m_sax_operate.F90,endDocument_handler,subroutine,private,147
m_sax_operate,../scripts/../src/extlibs/xml/sax/m_sax_operate.F90,endDTD_handler,subroutine,private,245
m_sax_operate,../scripts/../src/extlibs/xml/sax/m_sax_operate.F90,endElement_handler,subroutine,private,150
m_sax_operate,../scripts/../src/extlibs/xml/sax/m_sax_operate.F90,endEntity_handler,subroutine,private,248
m_sax_operate,../scripts/../src/extlibs/xml/sax/m_sax_operate.F90,endPrefixMapping_handler,subroutine,private,156
m_sax_operate,../scripts/../src/extlibs/xml/sax/m_sax_operate.F90,error_handler,subroutine,private,202
m_sax_operate,../scripts/../src/extlibs/xml/sax/m_sax_operate.F90,externalEntityDecl_handler,subroutine,private,227
m_sax_operate,../scripts/../src/extlibs/xml/sax/m_sax_operate.F90,fatalError_handler,subroutine,private,206
m_sax_operate,../scripts/../src/extlibs/xml/sax/m_sax_operate.F90,ignorableWhitespace_handler,subroutine,private,160
m_sax_operate,../scripts/../src/extlibs/xml/sax/m_sax_operate.F90,internalEntityDecl_handler,subroutine,private,233
m_sax_operate,../scripts/../src/extlibs/xml/sax/m_sax_operate.F90,notationDecl_handler,subroutine,private,189
m_sax_operate,../scripts/../src/extlibs/xml/sax/m_sax_operate.F90,open_xml_file,subroutine,public,28
m_sax_operate,../scripts/../src/extlibs/xml/sax/m_sax_operate.F90,open_xml_string,subroutine,public,54
m_sax_operate,../scripts/../src/extlibs/xml/sax/m_sax_operate.F90,parse,subroutine,public,74
m_sax_operate,../scripts/../src/extlibs/xml/sax/m_sax_operate.F90,processingInstruction_handler,subroutine,private,164
m_sax_operate,../scripts/../src/extlibs/xml/sax/m_sax_operate.F90,skippedEntity_handler,subroutine,private,169
m_sax_operate,../scripts/../src/extlibs/xml/sax/m_sax_operate.F90,startCdata_handler,subroutine,private,252
m_sax_operate,../scripts/../src/extlibs/xml/sax/m_sax_operate.F90,startDocument_handler,subroutine,private,173
m_sax_operate,../scripts/../src/extlibs/xml/sax/m_sax_operate.F90,startDTD_handler,subroutine,private,255
m_sax_operate,../scripts/../src/extlibs/xml/sax/m_sax_operate.F90,startElement_handler,subroutine,private,176
m_sax_operate,../scripts/../src/extlibs/xml/sax/m_sax_operate.F90,startEntity_handler,subroutine,private,261
m_sax_operate,../scripts/../src/extlibs/xml/sax/m_sax_operate.F90,startPrefixMapping_handler,subroutine,private,184
m_sax_operate,../scripts/../src/extlibs/xml/sax/m_sax_operate.F90,stop_parser,subroutine,public,304
m_sax_operate,../scripts/../src/extlibs/xml/sax/m_sax_operate.F90,unparsedEntityDecl_handler,subroutine,private,195
m_sax_operate,../scripts/../src/extlibs/xml/sax/m_sax_operate.F90,warning_handler,subroutine,private,210
m_sax_parser,../scripts/../src/extlibs/xml/sax/m_sax_parser.F90,add_entity,subroutine,private,2457
m_sax_parser,../scripts/../src/extlibs/xml/sax/m_sax_parser.F90,attributeDecl_handler,subroutine,private,315
m_sax_parser,../scripts/../src/extlibs/xml/sax/m_sax_parser.F90,characters_handler,subroutine,private,244
m_sax_parser,../scripts/../src/extlibs/xml/sax/m_sax_parser.F90,checkAttributes,subroutine,private,2583
m_sax_parser,../scripts/../src/extlibs/xml/sax/m_sax_parser.F90,checkIdRefs,subroutine,private,2938
m_sax_parser,../scripts/../src/extlibs/xml/sax/m_sax_parser.F90,checkXMLAttributes,subroutine,private,2829
m_sax_parser,../scripts/../src/extlibs/xml/sax/m_sax_parser.F90,close_tag,subroutine,private,2408
m_sax_parser,../scripts/../src/extlibs/xml/sax/m_sax_parser.F90,comment_handler,subroutine,private,339
m_sax_parser,../scripts/../src/extlibs/xml/sax/m_sax_parser.F90,elementDecl_handler,subroutine,private,323
m_sax_parser,../scripts/../src/extlibs/xml/sax/m_sax_parser.F90,endCdata_handler,subroutine,private,343
m_sax_parser,../scripts/../src/extlibs/xml/sax/m_sax_parser.F90,endDocument_handler,subroutine,private,248
m_sax_parser,../scripts/../src/extlibs/xml/sax/m_sax_parser.F90,endDTD_handler,subroutine,private,346
m_sax_parser,../scripts/../src/extlibs/xml/sax/m_sax_parser.F90,endDTDchecks,subroutine,private,2871
m_sax_parser,../scripts/../src/extlibs/xml/sax/m_sax_parser.F90,endElement_handler,subroutine,private,251
m_sax_parser,../scripts/../src/extlibs/xml/sax/m_sax_parser.F90,endEntity_handler,subroutine,private,354
m_sax_parser,../scripts/../src/extlibs/xml/sax/m_sax_parser.F90,endPrefixMapping_handler,subroutine,private,257
m_sax_parser,../scripts/../src/extlibs/xml/sax/m_sax_parser.F90,error_handler,subroutine,private,303
m_sax_parser,../scripts/../src/extlibs/xml/sax/m_sax_parser.F90,error_handler,subroutine,private,2957
m_sax_parser,../scripts/../src/extlibs/xml/sax/m_sax_parser.F90,externalEntityDecl_handler,subroutine,private,328
m_sax_parser,../scripts/../src/extlibs/xml/sax/m_sax_parser.F90,fatalError_handler,subroutine,private,307
m_sax_parser,../scripts/../src/extlibs/xml/sax/m_sax_parser.F90,FoX_endDTD_handler,subroutine,private,349
m_sax_parser,../scripts/../src/extlibs/xml/sax/m_sax_parser.F90,getDefaultAttributes,subroutine,private,2561
m_sax_parser,../scripts/../src/extlibs/xml/sax/m_sax_parser.F90,getLocalNameofQName,function,private,3019
m_sax_parser,../scripts/../src/extlibs/xml/sax/m_sax_parser.F90,getNSDict,function,public,63
m_sax_parser,../scripts/../src/extlibs/xml/sax/m_sax_parser.F90,getURIofQName,function,private,3004
m_sax_parser,../scripts/../src/extlibs/xml/sax/m_sax_parser.F90,ignorableWhitespace_handler,subroutine,private,261
m_sax_parser,../scripts/../src/extlibs/xml/sax/m_sax_parser.F90,internalEntityDecl_handler,subroutine,private,334
m_sax_parser,../scripts/../src/extlibs/xml/sax/m_sax_parser.F90,notationDecl_handler,subroutine,private,290
m_sax_parser,../scripts/../src/extlibs/xml/sax/m_sax_parser.F90,open_tag,subroutine,private,2335
m_sax_parser,../scripts/../src/extlibs/xml/sax/m_sax_parser.F90,parseDTD,subroutine,private,1552
m_sax_parser,../scripts/../src/extlibs/xml/sax/m_sax_parser.F90,processingInstruction_handler,subroutine,private,265
m_sax_parser,../scripts/../src/extlibs/xml/sax/m_sax_parser.F90,sax_error,subroutine,private,2953
m_sax_parser,../scripts/../src/extlibs/xml/sax/m_sax_parser.F90,sax_parse,subroutine,public,153
m_sax_parser,../scripts/../src/extlibs/xml/sax/m_sax_parser.F90,sax_parser_destroy,subroutine,public,120
m_sax_parser,../scripts/../src/extlibs/xml/sax/m_sax_parser.F90,sax_parser_init,subroutine,public,70
m_sax_parser,../scripts/../src/extlibs/xml/sax/m_sax_parser.F90,skippedEntity_handler,subroutine,private,270
m_sax_parser,../scripts/../src/extlibs/xml/sax/m_sax_parser.F90,startCdata_handler,subroutine,private,358
m_sax_parser,../scripts/../src/extlibs/xml/sax/m_sax_parser.F90,startDocument_handler,subroutine,private,274
m_sax_parser,../scripts/../src/extlibs/xml/sax/m_sax_parser.F90,startDTD_handler,subroutine,private,361
m_sax_parser,../scripts/../src/extlibs/xml/sax/m_sax_parser.F90,startElement_handler,subroutine,private,277
m_sax_parser,../scripts/../src/extlibs/xml/sax/m_sax_parser.F90,startEntity_handler,subroutine,private,367
m_sax_parser,../scripts/../src/extlibs/xml/sax/m_sax_parser.F90,startPrefixMapping_handler,subroutine,private,285
m_sax_parser,../scripts/../src/extlibs/xml/sax/m_sax_parser.F90,unparsedEntityDecl_handler,subroutine,private,296
m_sax_parser,../scripts/../src/extlibs/xml/sax/m_sax_parser.F90,URIlength,function,private,2991
m_sax_parser,../scripts/../src/extlibs/xml/sax/m_sax_parser.F90,warning_handler,subroutine,private,311
m_sax_reader,../scripts/../src/extlibs/xml/sax/m_sax_reader.F90,close_actual_file,subroutine,private,177
m_sax_reader,../scripts/../src/extlibs/xml/sax/m_sax_reader.F90,close_file,subroutine,public,163
m_sax_reader,../scripts/../src/extlibs/xml/sax/m_sax_reader.F90,column,function,public,340
m_sax_reader,../scripts/../src/extlibs/xml/sax/m_sax_reader.F90,get_all_characters,function,public,313
m_sax_reader,../scripts/../src/extlibs/xml/sax/m_sax_reader.F90,get_character,function,public,286
m_sax_reader,../scripts/../src/extlibs/xml/sax/m_sax_reader.F90,line,function,public,333
m_sax_reader,../scripts/../src/extlibs/xml/sax/m_sax_reader.F90,open_actual_file,subroutine,private,144
m_sax_reader,../scripts/../src/extlibs/xml/sax/m_sax_reader.F90,open_file,subroutine,public,51
m_sax_reader,../scripts/../src/extlibs/xml/sax/m_sax_reader.F90,open_new_file,subroutine,public,85
m_sax_reader,../scripts/../src/extlibs/xml/sax/m_sax_reader.F90,open_new_string,subroutine,public,197
m_sax_reader,../scripts/../src/extlibs/xml/sax/m_sax_reader.F90,parse_text_declaration,subroutine,public,366
m_sax_reader,../scripts/../src/extlibs/xml/sax/m_sax_reader.F90,parse_xml_declaration,subroutine,public,347
m_sax_reader,../scripts/../src/extlibs/xml/sax/m_sax_reader.F90,pop_buffer_stack,subroutine,public,250
m_sax_reader,../scripts/../src/extlibs/xml/sax/m_sax_reader.F90,push_chars,subroutine,public,278
m_sax_reader,../scripts/../src/extlibs/xml/sax/m_sax_reader.F90,reading_first_entity,function,public,394
m_sax_reader,../scripts/../src/extlibs/xml/sax/m_sax_reader.F90,reading_main_file,function,public,387
m_sax_tokenizer,../scripts/../src/extlibs/xml/sax/m_sax_tokenizer.F90,expand_pe_text,function,public,1064
m_sax_tokenizer,../scripts/../src/extlibs/xml/sax/m_sax_tokenizer.F90,normalize_attribute_text,function,public,937
m_sax_tokenizer,../scripts/../src/extlibs/xml/sax/m_sax_tokenizer.F90,sax_tokenize,subroutine,public,30
m_sax_tokenizer,../scripts/../src/extlibs/xml/sax/m_sax_tokenizer.F90,tokenizeDTD,subroutine,private,546
m_sax_xml_source,../scripts/../src/extlibs/xml/sax/m_sax_xml_source.F90,get_char_from_file,function,public,49
m_sax_xml_source,../scripts/../src/extlibs/xml/sax/m_sax_xml_source.F90,parse_declaration,subroutine,public,172
m_sax_xml_source,../scripts/../src/extlibs/xml/sax/m_sax_xml_source.F90,push_file_chars,subroutine,public,160
m_sax_xml_source,../scripts/../src/extlibs/xml/sax/m_sax_xml_source.F90,read_single_char,function,private,109
m_sax_xml_source,../scripts/../src/extlibs/xml/sax/m_sax_xml_source.F90,rewind_source,subroutine,private,150
m_wcml_core,../scripts/../src/extlibs/xml/wcml/m_wcml_core.F90,cmlAddNamespace,subroutine,public,57
m_wcml_core,../scripts/../src/extlibs/xml/wcml/m_wcml_core.F90,cmlBeginFile,subroutine,public,30
m_wcml_core,../scripts/../src/extlibs/xml/wcml/m_wcml_core.F90,cmlEndCml,subroutine,public,117
m_wcml_core,../scripts/../src/extlibs/xml/wcml/m_wcml_core.F90,cmlFinishFile,subroutine,public,47
m_wcml_core,../scripts/../src/extlibs/xml/wcml/m_wcml_core.F90,cmlStartCml,subroutine,public,72
m_wcml_lists,../scripts/../src/extlibs/xml/wcml/m_wcml_lists.F90,cmlEndbandList,subroutine,public,174
m_wcml_lists,../scripts/../src/extlibs/xml/wcml/m_wcml_lists.F90,cmlEndkpointList,subroutine,public,209
m_wcml_lists,../scripts/../src/extlibs/xml/wcml/m_wcml_lists.F90,cmlEndmetadataList,subroutine,public,69
m_wcml_lists,../scripts/../src/extlibs/xml/wcml/m_wcml_lists.F90,cmlEndmodule,subroutine,public,244
m_wcml_lists,../scripts/../src/extlibs/xml/wcml/m_wcml_lists.F90,cmlEndparameterList,subroutine,public,139
m_wcml_lists,../scripts/../src/extlibs/xml/wcml/m_wcml_lists.F90,cmlEndpropertyList,subroutine,public,104
m_wcml_lists,../scripts/../src/extlibs/xml/wcml/m_wcml_lists.F90,cmlEndStep,subroutine,public,274
m_wcml_lists,../scripts/../src/extlibs/xml/wcml/m_wcml_lists.F90,cmlStartbandList,subroutine,public,149
m_wcml_lists,../scripts/../src/extlibs/xml/wcml/m_wcml_lists.F90,cmlStartkpointList,subroutine,public,184
m_wcml_lists,../scripts/../src/extlibs/xml/wcml/m_wcml_lists.F90,cmlStartmetadataList,subroutine,public,44
m_wcml_lists,../scripts/../src/extlibs/xml/wcml/m_wcml_lists.F90,cmlStartmodule,subroutine,public,219
m_wcml_lists,../scripts/../src/extlibs/xml/wcml/m_wcml_lists.F90,cmlStartparameterList,subroutine,public,114
m_wcml_lists,../scripts/../src/extlibs/xml/wcml/m_wcml_lists.F90,cmlStartpropertyList,subroutine,public,79
m_wcml_lists,../scripts/../src/extlibs/xml/wcml/m_wcml_lists.F90,cmlStartStep,subroutine,public,253
m_wcml_metadata,../scripts/../src/extlibs/xml/wcml/m_wcml_metadata.F90,cmlAddMetadata,subroutine,public,16
m_wkml_core,../scripts/../src/extlibs/xml/wkml/m_wkml_core.F90,kmlAddNamespace,subroutine,public,55
m_wkml_core,../scripts/../src/extlibs/xml/wkml/m_wkml_core.F90,kmlBeginFile,subroutine,public,20
m_wkml_core,../scripts/../src/extlibs/xml/wkml/m_wkml_core.F90,kmlFinishFile,subroutine,public,45
m_wxml_escape,../scripts/../src/extlibs/xml/wxml/m_wxml_escape.F90,escape_string,function,public,58
m_wxml_escape,../scripts/../src/extlibs/xml/wxml/m_wxml_escape.F90,escape_string_len,function,public,24
mod_phasecorr,../scripts/../src/main/commanders/test/simple_test_mod_phasecorr.f90,alloc,subroutine,public,70
mod_phasecorr,../scripts/../src/main/commanders/test/simple_test_mod_phasecorr.f90,gen_images,subroutine,public,81
mod_phasecorr,../scripts/../src/main/commanders/test/simple_test_mod_phasecorr.f90,kill,subroutine,public,63
mod_phasecorr,../scripts/../src/main/commanders/test/simple_test_mod_phasecorr.f90,new,subroutine,public,30
mod_phasecorr,../scripts/../src/main/commanders/test/simple_test_mod_phasecorr.f90,run,subroutine,public,36
mod_phasecorr,../scripts/../src/main/commanders/test/simple_test_mod_phasecorr.f90,t_phasecorr,type,public,16
mod_phasecorr,../scripts/../src/main/commanders/test/simple_test_mod_phasecorr.f90,vis_imgs,subroutine,public,117
procedure,../scripts/../src/fileio/simple_fileio.f90,add2fbody_1,function,public,384
procedure,../scripts/../src/fileio/simple_fileio.f90,add2fbody_2,function,public,396
procedure,../scripts/../src/fileio/simple_fileio.f90,add2fbody_3,function,public,408
procedure,../scripts/../src/main/stream/simple_stream_watcher.f90,add2history_1,subroutine,private,219
procedure,../scripts/../src/main/stream/simple_stream_watcher.f90,add2history_2,subroutine,private,232
procedure,../scripts/../src/main/stream/simple_stream_watcher.f90,add2watchdirs,subroutine,private,307
procedure,../scripts/../src/extlibs/xml/common/m_common_element.F90,add_attribute,function,private,831
procedure,../scripts/../src/extlibs/xml/common/m_common_element.F90,add_element,function,private,239
procedure,../scripts/../src/extlibs/xml/common/m_common_entities.F90,add_entity,subroutine,private,205
procedure,../scripts/../src/extlibs/xml/wxml/m_wxml_core.F90,add_eol,subroutine,private,1710
procedure,../scripts/../src/extlibs/xml/common/m_common_error.F90,add_error,subroutine,public,141
procedure,../scripts/../src/extlibs/xml/common/m_common_entities.F90,add_external_entity,subroutine,private,255
procedure,../scripts/../src/extlibs/xml/common/m_common_entities.F90,add_internal_entity,subroutine,private,243
procedure,../scripts/../src/extlibs/xml/common/m_common_attrs.F90,add_item_to_dict,subroutine,private,468
procedure,../scripts/../src/extlibs/xml/fsys/fox_m_fsys_string_list.F90,add_string,subroutine,private,55
procedure,../scripts/../src/extlibs/xml/common/m_common_buffer.F90,add_to_buffer,subroutine,private,169
procedure,../scripts/../src/extlibs/json/json_value_module.f90,add_to_path,subroutine,private,7622
procedure,../scripts/../src/utils/qsys/simple_qsys_ctrl.f90,add_to_stream_stack,subroutine,private,1091
procedure,../scripts/../src/utils/qsys/simple_qsys_ctrl.f90,add_to_streaming,subroutine,private,1066
procedure,../scripts/../src/extlibs/xml/wcml/m_wcml_molecule.F90,addBondArray,subroutine,private,1555
procedure,../scripts/../src/extlibs/xml/wcml/m_wcml_molecule.F90,addcoords_x3_dp,subroutine,private,1465
procedure,../scripts/../src/extlibs/xml/wcml/m_wcml_molecule.F90,addcoords_x3_sp,subroutine,private,748
procedure,../scripts/../src/extlibs/xml/wcml/m_wcml_molecule.F90,addcoords_xfrac_dp,subroutine,private,1483
procedure,../scripts/../src/extlibs/xml/wcml/m_wcml_molecule.F90,addcoords_xfrac_sp,subroutine,private,766
procedure,../scripts/../src/extlibs/xml/wcml/m_wcml_molecule.F90,addcoords_xyz3_dp,subroutine,private,1435
procedure,../scripts/../src/extlibs/xml/wcml/m_wcml_molecule.F90,addcoords_xyz3_sp,subroutine,private,718
procedure,../scripts/../src/extlibs/xml/wcml/m_wcml_molecule.F90,addcoords_xyzfrac_dp,subroutine,private,1450
procedure,../scripts/../src/extlibs/xml/wcml/m_wcml_molecule.F90,addcoords_xyzfrac_sp,subroutine,private,733
procedure,../scripts/../src/extlibs/xml/common/m_common_namespaces.F90,addDefaultNS,subroutine,public,132
procedure,../scripts/../src/extlibs/xml/wcml/m_wcml_molecule.F90,addDlpolyMatrix_3_dp,subroutine,private,1522
procedure,../scripts/../src/extlibs/xml/wcml/m_wcml_molecule.F90,addDlpolyMatrix_3_sp,subroutine,private,805
procedure,../scripts/../src/extlibs/xml/wcml/m_wcml_molecule.F90,addDlpolyMatrix_dp,subroutine,private,1494
procedure,../scripts/../src/extlibs/xml/wcml/m_wcml_molecule.F90,addDlpolyMatrix_sp,subroutine,private,777
procedure,../scripts/../src/extlibs/xml/common/m_common_namespaces.F90,addPrefix,subroutine,private,353
procedure,../scripts/../src/extlibs/xml/common/m_common_namespaces.F90,addPrefixedNS,subroutine,public,244
procedure,../scripts/../src/extlibs/xml/common/m_common_namespaces.F90,addPrefixedURI,subroutine,private,176
procedure,../scripts/../src/extlibs/xml/dom/m_dom_dom.F90,adoptNode,function,public,8130
procedure,../scripts/../src/utils/structs/simple_chash.f90,alloc_chash,subroutine,private,120
procedure,../scripts/../src/utils/structs/simple_hash.f90,alloc_hash,subroutine,private,105
procedure,../scripts/../src/utils/simple_imgarr_utils.f90,alloc_imgarr,subroutine,public,18
procedure,../scripts/../src/extlibs/json/json_value_module.f90,alloc_str,type,private,5061
procedure,../scripts/../src/utils/math/simple_stat.f90,analyze_smat,subroutine,private,1116
procedure,../scripts/../src/utils/math/simple_linalg.f90,ang2vox,function,private,841
procedure,../scripts/../src/main/simple_eul_prob_tab_utils.f90,angle_sampling_1,function,private,309
procedure,../scripts/../src/main/simple_eul_prob_tab_utils.f90,angle_sampling_2,function,private,321
procedure,../scripts/../src/extlibs/json/json_value_module.f90,annotate_invalid_json,subroutine,private,9270
procedure,../scripts/../src/main/interp/simple_kbinterpol.f90,apod,function,private,121
procedure,../scripts/../src/main/interp/simple_kbinterpol.f90,apod_fast,function,private,146
procedure,../scripts/../src/main/interp/simple_kbinterpol.f90,apod_fast_device,function,private,537
procedure,../scripts/../src/main/interp/simple_kbinterpol.f90,apod_fast_value_deriv,subroutine,private,181
procedure,../scripts/../src/main/interp/simple_kbinterpol.f90,apod_kb15_a2,function,private,565
procedure,../scripts/../src/main/interp/simple_kbinterpol.f90,apod_mat_2d,subroutine,private,216
procedure,../scripts/../src/main/interp/simple_kbinterpol.f90,apod_mat_2d_fast,subroutine,private,284
procedure,../scripts/../src/main/interp/simple_kbinterpol.f90,apod_mat_3d,subroutine,private,247
procedure,../scripts/../src/main/interp/simple_kbinterpol.f90,apod_mat_3d_fast,subroutine,private,310
procedure,../scripts/../src/main/interp/simple_kbinterpol.f90,apod_mat_3d_fast_grad,subroutine,private,343
procedure,../scripts/../src/utils/simple_string.f90,append,function,private,105
procedure,../scripts/../src/fileio/simple_fileio.f90,append2basename_1,function,public,421
procedure,../scripts/../src/fileio/simple_fileio.f90,append2basename_2,function,public,431
procedure,../scripts/../src/main/simple_eul_prob_tab_utils.f90,append_candidate,subroutine,private,68
procedure,../scripts/../src/utils/simple_string_utils.f90,append_limited_char,subroutine,private,597
procedure,../scripts/../src/extlibs/xml/dom/m_dom_dom.F90,append_nl,subroutine,private,4781
procedure,../scripts/../src/extlibs/xml/dom/m_dom_dom.F90,append_nnm,subroutine,private,5520
procedure,../scripts/../src/main/simple_eul_prob_tab_utils.f90,append_or_replace_candidate,subroutine,private,91
procedure,../scripts/../src/main/ori/simple_ori.f90,append_ori,subroutine,private,219
procedure,../scripts/../src/extlibs/json/json_value_module.f90,append_text,subroutine,private,5617
procedure,../scripts/../src/extlibs/xml/dom/m_dom_dom.F90,appendChild,function,public,2456
procedure,../scripts/../src/extlibs/xml/dom/m_dom_dom.F90,appendData,subroutine,public,10536
procedure,../scripts/../src/extlibs/xml/dom/m_dom_dom.F90,appendNSNode,subroutine,private,11678
procedure,../scripts/../src/main/simple_sym.f90,apply2all,subroutine,private,333
procedure,../scripts/../src/main/simple_sym.f90,apply_1,subroutine,private,307
procedure,../scripts/../src/main/simple_sym.f90,apply_2,subroutine,private,322
procedure,../scripts/../src/main/ctf/simple_ctf.f90,apply_convention,subroutine,private,258
procedure,../scripts/../src/main/simple_abinitio_controller.f90,apply_refine3D_search_overrides,subroutine,private,478
procedure,../scripts/../src/main/simple_sym.f90,apply_sym_with_shift,subroutine,private,553
procedure,../scripts/../src/utils/math/simple_linalg.f90,arg,function,private,287
procedure,../scripts/../src/utils/math/simple_linalg.f90,arpack_stop,subroutine,private,1375
procedure,../scripts/../src/fileio/simple_fileio.f90,arr2file_dp,subroutine,public,891
procedure,../scripts/../src/fileio/simple_fileio.f90,arr2file_sp,subroutine,public,874
procedure,../scripts/../src/fileio/simple_fileio.f90,arr2txtfile_1,subroutine,public,908
procedure,../scripts/../src/fileio/simple_fileio.f90,arr2txtfile_2,subroutine,public,921
procedure,../scripts/../src/extlibs/xml/fsys/fox_m_fsys_parse_input.F90,arraytocomplexdp,subroutine,private,1918
procedure,../scripts/../src/extlibs/xml/fsys/fox_m_fsys_parse_input.F90,arraytocomplexsp,subroutine,private,1662
procedure,../scripts/../src/extlibs/xml/fsys/fox_m_fsys_parse_input.F90,arraytointeger,subroutine,private,1201
procedure,../scripts/../src/extlibs/xml/fsys/fox_m_fsys_parse_input.F90,arraytological,subroutine,private,1041
procedure,../scripts/../src/extlibs/xml/fsys/fox_m_fsys_parse_input.F90,arraytorealdp,subroutine,private,1508
procedure,../scripts/../src/extlibs/xml/fsys/fox_m_fsys_parse_input.F90,arraytorealsp,subroutine,private,1354
procedure,../scripts/../src/extlibs/xml/fsys/fox_m_fsys_parse_input.F90,arraytostring,subroutine,private,741
procedure,../scripts/../src/utils/simple_is_check_assert.f90,assert_eq2,function,public,227
procedure,../scripts/../src/utils/simple_is_check_assert.f90,assert_eq3,function,public,240
procedure,../scripts/../src/utils/simple_is_check_assert.f90,assert_eq4,function,public,253
procedure,../scripts/../src/utils/simple_is_check_assert.f90,assert_eqn,function,public,266
procedure,../scripts/../src/utils/simple_string.f90,assign,subroutine,private,89
procedure,../scripts/../src/extlibs/xml/common/m_common_element.F90,att_value_normalize,function,private,1623
procedure,../scripts/../src/extlibs/xml/common/m_common_element.F90,att_value_normalize_len,function,private,1604
procedure,../scripts/../src/extlibs/xml/common/m_common_element.F90,attribute_has_default,function,private,1465
procedure,../scripts/../src/extlibs/xml/wxml/m_wxml_overloads.F90,AttributeArrayCh,subroutine,private,597
procedure,../scripts/../src/extlibs/xml/wxml/m_wxml_overloads.F90,AttributeArrayCmplxDp,subroutine,private,503
procedure,../scripts/../src/extlibs/xml/wxml/m_wxml_overloads.F90,AttributeArrayCmplxSp,subroutine,private,521
procedure,../scripts/../src/extlibs/xml/wxml/m_wxml_overloads.F90,AttributeArrayInt,subroutine,private,573
procedure,../scripts/../src/extlibs/xml/wxml/m_wxml_overloads.F90,AttributeArrayLg,subroutine,private,585
procedure,../scripts/../src/extlibs/xml/wxml/m_wxml_overloads.F90,AttributeArrayRealDp,subroutine,private,539
procedure,../scripts/../src/extlibs/xml/wxml/m_wxml_overloads.F90,AttributeArrayRealSp,subroutine,private,556
procedure,../scripts/../src/extlibs/xml/common/m_common_element.F90,attributeDecl_handler,subroutine,private,1351
procedure,../scripts/../src/extlibs/xml/wxml/m_wxml_overloads.F90,AttributeMatrixCh,subroutine,private,704
procedure,../scripts/../src/extlibs/xml/wxml/m_wxml_overloads.F90,AttributeMatrixCmplxDp,subroutine,private,610
procedure,../scripts/../src/extlibs/xml/wxml/m_wxml_overloads.F90,AttributeMatrixCmplxSp,subroutine,private,628
procedure,../scripts/../src/extlibs/xml/wxml/m_wxml_overloads.F90,AttributeMatrixInt,subroutine,private,680
procedure,../scripts/../src/extlibs/xml/wxml/m_wxml_overloads.F90,AttributeMatrixLg,subroutine,private,692
procedure,../scripts/../src/extlibs/xml/wxml/m_wxml_overloads.F90,AttributeMatrixRealDp,subroutine,private,646
procedure,../scripts/../src/extlibs/xml/wxml/m_wxml_overloads.F90,AttributeMatrixRealSp,subroutine,private,663
procedure,../scripts/../src/extlibs/xml/wxml/m_wxml_overloads.F90,AttributeScalarCmplxDp,subroutine,private,408
procedure,../scripts/../src/extlibs/xml/wxml/m_wxml_overloads.F90,AttributeScalarCmplxSp,subroutine,private,426
procedure,../scripts/../src/extlibs/xml/wxml/m_wxml_overloads.F90,AttributeScalarInt,subroutine,private,478
procedure,../scripts/../src/extlibs/xml/wxml/m_wxml_overloads.F90,AttributeScalarLg,subroutine,private,490
procedure,../scripts/../src/extlibs/xml/wxml/m_wxml_overloads.F90,AttributeScalarRealDp,subroutine,private,444
procedure,../scripts/../src/extlibs/xml/wxml/m_wxml_overloads.F90,AttributeScalarRealSp,subroutine,private,461
procedure,../scripts/../src/utils/qsys/simple_qsys_ctrl.f90,augment_partition_job_descr,subroutine,private,338
procedure,../scripts/../src/utils/simple_segmentation.f90,automatic_thresh_sobel,subroutine,public,406
procedure,../scripts/../src/utils/simple_magic_boxes.f90,autoscale,subroutine,public,104
procedure,../scripts/../src/utils/math/simple_stat.f90,avg_frac_smallest,function,private,203
procedure,../scripts/../src/utils/math/simple_stat.f90,avg_sdev_1,subroutine,private,71
procedure,../scripts/../src/utils/math/simple_stat.f90,avg_sdev_2,subroutine,private,104
procedure,../scripts/../src/utils/math/simple_stat.f90,avg_sdev_3,subroutine,private,137
procedure,../scripts/../src/utils/math/simple_stat.f90,avg_sdev_4,subroutine,private,170
procedure,../scripts/../src/utils/math/simple_ran_tabu.f90,balanced,subroutine,private,242
procedure,../scripts/../src/fileio/simple_fileio.f90,basename,function,public,573
procedure,../scripts/../src/utils/simple_gauss2Dfit.f90,batch_gauss2Dfit_1,subroutine,public,26
procedure,../scripts/../src/utils/simple_gauss2Dfit.f90,batch_gauss2Dfit_2,subroutine,public,63
procedure,../scripts/../src/main/interp/simple_winfuns.f90,bessi0,function,private,349
procedure,../scripts/../src/main/interp/simple_winfuns.f90,bman_apod,function,private,163
procedure,../scripts/../src/main/interp/simple_winfuns.f90,bman_instr,function,private,175
procedure,../scripts/../src/utils/math/simple_math.f90,bounds_from_mask3D,subroutine,private,67
procedure,../scripts/../src/extlibs/xml/common/m_common_buffer.F90,buffer_length,function,private,98
procedure,../scripts/../src/extlibs/xml/common/m_common_buffer.F90,buffer_to_chararray,function,private,87
procedure,../scripts/../src/extlibs/xml/common/m_common_buffer.F90,buffer_to_str,function,private,79
procedure,../scripts/../src/main/simple_sym.f90,build_eullims,subroutine,private,162
procedure,../scripts/../src/main/simple_eul_prob_tab_utils.f90,build_pind_lookup,subroutine,private,179
procedure,../scripts/../src/main/simple_abinitio_controller.f90,build_refine3D_stage_cfg,subroutine,private,200
procedure,../scripts/../src/main/simple_sym.f90,build_refspiral,subroutine,private,747
procedure,../scripts/../src/utils/filter/simple_butterworth.f90,butterworth,function,private,19
procedure,../scripts/../src/utils/filter/simple_butterworth.f90,butterworth_filter_1,subroutine,private,53
procedure,../scripts/../src/utils/filter/simple_butterworth.f90,butterworth_filter_2,subroutine,private,65
procedure,../scripts/../src/utils/filter/simple_butterworth.f90,butterworth_filter_3,subroutine,private,75
procedure,../scripts/../src/utils/filter/simple_butterworth.f90,butterworth_filter_4,subroutine,private,85
procedure,../scripts/../src/utils/filter/simple_butterworth.f90,butterworth_filter_5,subroutine,private,95
procedure,../scripts/../src/extlibs/unix/src/unix.f90,c_f_str_chars,subroutine,public,143
procedure,../scripts/../src/extlibs/unix/src/unix.f90,c_f_str_ptr,subroutine,public,158
procedure,../scripts/../src/extlibs/unix/src/unix.f90,c_int32_to_uint16,function,public,61
procedure,../scripts/../src/extlibs/unix/src/unix.f90,c_int64_to_uint32,function,public,77
procedure,../scripts/../src/extlibs/unix/src/unix.f90,c_uint16_to_int32,function,public,93
procedure,../scripts/../src/extlibs/unix/src/unix.f90,c_uint32_to_int64,function,public,105
procedure,../scripts/../src/utils/math/simple_stat.f90,calc_ap_pref,function,private,1243
procedure,../scripts/../src/main/simple_eul_prob_tab_utils.f90,calc_athres,function,private,261
procedure,../scripts/../src/utils/simple_corrmat.f90,calc_cartesian_corrmat_1,subroutine,public,19
procedure,../scripts/../src/utils/simple_corrmat.f90,calc_cartesian_corrmat_2,subroutine,public,72
procedure,../scripts/../src/utils/math/simple_math_ft.f90,calc_graphene_mask,function,private,30
procedure,../scripts/../src/utils/simple_corrmat.f90,calc_inpl_invariant_cc_nomirr,function,public,129
procedure,../scripts/../src/main/simple_eul_prob_tab_utils.f90,calc_num2sample,subroutine,private,249
procedure,../scripts/../src/main/ori/simple_ori.f90,calc_offset2D,subroutine,private,1574
procedure,../scripts/../src/utils/math/simple_math.f90,calc_score_thres,function,private,889
procedure,../scripts/../src/utils/math/simple_stat.f90,calc_stats,subroutine,private,879
procedure,../scripts/../src/utils/simple_segmentation.f90,canny,subroutine,public,486
procedure,../scripts/../src/utils/simple_segmentation.f90,canny_edge,subroutine,public,625
procedure,../scripts/../src/extlibs/xml/dom/m_dom_dom.F90,canSetParameter_ch,function,private,686
procedure,../scripts/../src/extlibs/xml/dom/m_dom_dom.F90,canSetParameter_log,function,private,658
procedure,../scripts/../src/utils/simple_string_utils.f90,cast_str_types,function,private,59
procedure,../scripts/../src/utils/simple_string.f90,char2str,function,private,65
procedure,../scripts/../src/extlibs/xml/wxml/m_wxml_overloads.F90,CharactersArrayCh,subroutine,private,287
procedure,../scripts/../src/extlibs/xml/wxml/m_wxml_overloads.F90,CharactersArrayCmplxDp,subroutine,private,193
procedure,../scripts/../src/extlibs/xml/wxml/m_wxml_overloads.F90,CharactersArrayCmplxSp,subroutine,private,211
procedure,../scripts/../src/extlibs/xml/wxml/m_wxml_overloads.F90,CharactersArrayInt,subroutine,private,263
procedure,../scripts/../src/extlibs/xml/wxml/m_wxml_overloads.F90,CharactersArrayLg,subroutine,private,275
procedure,../scripts/../src/extlibs/xml/wxml/m_wxml_overloads.F90,CharactersArrayRealDp,subroutine,private,229
procedure,../scripts/../src/extlibs/xml/wxml/m_wxml_overloads.F90,CharactersArrayRealSp,subroutine,private,246
procedure,../scripts/../src/extlibs/xml/wxml/m_wxml_overloads.F90,CharactersMatrixCh,subroutine,private,394
procedure,../scripts/../src/extlibs/xml/wxml/m_wxml_overloads.F90,CharactersMatrixCmplxDp,subroutine,private,300
procedure,../scripts/../src/extlibs/xml/wxml/m_wxml_overloads.F90,CharactersMatrixCmplxSp,subroutine,private,318
procedure,../scripts/../src/extlibs/xml/wxml/m_wxml_overloads.F90,CharactersMatrixInt,subroutine,private,370
procedure,../scripts/../src/extlibs/xml/wxml/m_wxml_overloads.F90,CharactersMatrixLg,subroutine,private,382
procedure,../scripts/../src/extlibs/xml/wxml/m_wxml_overloads.F90,CharactersMatrixRealDp,subroutine,private,336
procedure,../scripts/../src/extlibs/xml/wxml/m_wxml_overloads.F90,CharactersMatrixRealSp,subroutine,private,353
procedure,../scripts/../src/extlibs/xml/wxml/m_wxml_overloads.F90,CharactersScalarCmplxDp,subroutine,private,97
procedure,../scripts/../src/extlibs/xml/wxml/m_wxml_overloads.F90,CharactersScalarCmplxSp,subroutine,private,115
procedure,../scripts/../src/extlibs/xml/wxml/m_wxml_overloads.F90,CharactersScalarInt,subroutine,private,167
procedure,../scripts/../src/extlibs/xml/wxml/m_wxml_overloads.F90,CharactersScalarLg,subroutine,private,179
procedure,../scripts/../src/extlibs/xml/wxml/m_wxml_overloads.F90,CharactersScalarRealDp,subroutine,private,133
procedure,../scripts/../src/extlibs/xml/wxml/m_wxml_overloads.F90,CharactersScalarRealSp,subroutine,private,150
procedure,../scripts/../src/main/ori/simple_ori.f90,chash2ori,subroutine,private,1256
procedure,../scripts/../src/utils/structs/simple_chash.f90,chash2str,function,private,470
procedure,../scripts/../src/utils/simple_is_check_assert.f90,check4nans2D_1,subroutine,public,176
procedure,../scripts/../src/utils/simple_is_check_assert.f90,check4nans2D_2,subroutine,public,185
procedure,../scripts/../src/utils/simple_is_check_assert.f90,check4nans3D_1,subroutine,public,158
procedure,../scripts/../src/utils/simple_is_check_assert.f90,check4nans3D_2,subroutine,public,167
procedure,../scripts/../src/utils/simple_is_check_assert.f90,check4nans_1,subroutine,public,194
procedure,../scripts/../src/utils/simple_is_check_assert.f90,check4nans_2,subroutine,public,211
procedure,../scripts/../src/extlibs/xml/common/m_common_buffer.F90,check_buffer,subroutine,private,141
procedure,../scripts/../src/extlibs/xml/common/m_common_element.F90,check_duplicates,function,private,749
procedure,../scripts/../src/extlibs/json/json_value_module.f90,check_if_valid,subroutine,private,2596
procedure,../scripts/../src/extlibs/xml/wxml/m_wxml_core.F90,check_xf,subroutine,private,1702
procedure,../scripts/../src/extlibs/xml/wcml/m_wcml_molecule.F90,checkBondIdRefs,subroutine,private,1589
procedure,../scripts/../src/extlibs/xml/wkml/m_wkml_color.F90,checkColorHex,function,private,76
procedure,../scripts/../src/extlibs/xml/common/m_common_elstack.F90,checkContentModel,function,private,166
procedure,../scripts/../src/extlibs/xml/common/m_common_elstack.F90,checkContentModelToEnd,function,private,184
procedure,../scripts/../src/extlibs/xml/common/m_common_namespaces.F90,checkEndNamespaces,subroutine,private,668
procedure,../scripts/../src/extlibs/xml/wxml/m_wxml_core.F90,checkExistingRefs,function,private,554
procedure,../scripts/../src/extlibs/xml/wxml/m_wxml_core.F90,checkExistingRefsInAttValue,function,private,1361
procedure,../scripts/../src/extlibs/xml/fsys/fox_m_fsys_format.F90,checkFmt,function,private,2090
procedure,../scripts/../src/extlibs/xml/common/m_common_namespaces.F90,checkNamespaces,subroutine,private,442
procedure,../scripts/../src/extlibs/xml/common/m_common_namespaces.F90,checkNamespacesWriting,subroutine,private,615
procedure,../scripts/../src/extlibs/xml/wxml/m_wxml_core.F90,checkParsedRefsInAttValue,function,private,1388
procedure,../scripts/../src/main/stream/simple_stream_watcher.f90,clear_history,subroutine,private,253
procedure,../scripts/../src/utils/qsys/simple_qsys_ctrl.f90,clear_partition_job_descr,subroutine,private,362
procedure,../scripts/../src/utils/qsys/simple_qsys_ctrl.f90,clear_stack,subroutine,private,243
procedure,../scripts/../src/extlibs/xml/dom/m_dom_dom.F90,cloneNode,function,public,2948
procedure,../scripts/../src/extlibs/xml/wxml/m_wxml_core.F90,close_start_tag,subroutine,private,1735
procedure,../scripts/../src/extlibs/xml/wcml/m_wcml_geometry.F90,cmlAddAngle_dp,subroutine,private,115
procedure,../scripts/../src/extlibs/xml/wcml/m_wcml_geometry.F90,cmlAddAngle_sp,subroutine,private,56
procedure,../scripts/../src/extlibs/xml/wcml/m_wcml_molecule.F90,cmlAddAtoms_3_dp,subroutine,private,1136
procedure,../scripts/../src/extlibs/xml/wcml/m_wcml_molecule.F90,cmlAddAtoms_3_dp_sh,subroutine,private,1182
procedure,../scripts/../src/extlibs/xml/wcml/m_wcml_molecule.F90,cmlAddAtoms_3_sp,subroutine,private,419
procedure,../scripts/../src/extlibs/xml/wcml/m_wcml_molecule.F90,cmlAddAtoms_3_sp_sh,subroutine,private,465
procedure,../scripts/../src/extlibs/xml/wcml/m_wcml_molecule.F90,cmlAddAtomsdp,subroutine,private,1050
procedure,../scripts/../src/extlibs/xml/wcml/m_wcml_molecule.F90,cmlAddAtomsdp_sh,subroutine,private,1093
procedure,../scripts/../src/extlibs/xml/wcml/m_wcml_molecule.F90,cmlAddAtomssp,subroutine,private,333
procedure,../scripts/../src/extlibs/xml/wcml/m_wcml_molecule.F90,cmlAddAtomssp_sh,subroutine,private,376
procedure,../scripts/../src/extlibs/xml/wcml/m_wcml_coma.F90,cmlAddBandListdp,subroutine,private,486
procedure,../scripts/../src/extlibs/xml/wcml/m_wcml_coma.F90,cmlAddBandListsp,subroutine,private,224
procedure,../scripts/../src/extlibs/xml/wcml/m_wcml_molecule.F90,cmlAddCoords_dp,subroutine,private,1406
procedure,../scripts/../src/extlibs/xml/wcml/m_wcml_molecule.F90,cmlAddCoords_sp,subroutine,private,689
procedure,../scripts/../src/extlibs/xml/wcml/m_wcml_lattice.F90,cmlAddCrystaldp,subroutine,private,143
procedure,../scripts/../src/extlibs/xml/wcml/m_wcml_lattice.F90,cmlAddCrystalsp,subroutine,private,44
procedure,../scripts/../src/extlibs/xml/wcml/m_wcml_coma.F90,cmlAddEigenValuedp,subroutine,private,386
procedure,../scripts/../src/extlibs/xml/wcml/m_wcml_coma.F90,cmlAddEigenValuesp,subroutine,private,124
procedure,../scripts/../src/extlibs/xml/wcml/m_wcml_coma.F90,cmlAddEigenValueVectorCmplxdp,subroutine,private,452
procedure,../scripts/../src/extlibs/xml/wcml/m_wcml_coma.F90,cmlAddEigenValueVectorCmplxsp,subroutine,private,190
procedure,../scripts/../src/extlibs/xml/wcml/m_wcml_coma.F90,cmlAddEigenValueVectordp,subroutine,private,417
procedure,../scripts/../src/extlibs/xml/wcml/m_wcml_coma.F90,cmlAddEigenValueVectorsp,subroutine,private,155
procedure,../scripts/../src/extlibs/xml/wcml/m_wcml_coma.F90,cmlAddKPointdp,subroutine,private,362
procedure,../scripts/../src/extlibs/xml/wcml/m_wcml_coma.F90,cmlAddKPointsp,subroutine,private,100
procedure,../scripts/../src/extlibs/xml/wcml/m_wcml_lattice.F90,cmlAddLatticedp,subroutine,private,201
procedure,../scripts/../src/extlibs/xml/wcml/m_wcml_lattice.F90,cmlAddLatticesp,subroutine,private,102
procedure,../scripts/../src/extlibs/xml/wcml/m_wcml_geometry.F90,cmlAddLength_dp,subroutine,private,97
procedure,../scripts/../src/extlibs/xml/wcml/m_wcml_geometry.F90,cmlAddLength_sp,subroutine,private,38
procedure,../scripts/../src/extlibs/xml/wcml/m_wcml_molecule.F90,cmlAddMolecule_3_dp,subroutine,private,943
procedure,../scripts/../src/extlibs/xml/wcml/m_wcml_molecule.F90,cmlAddMolecule_3_dp_sh,subroutine,private,997
procedure,../scripts/../src/extlibs/xml/wcml/m_wcml_molecule.F90,cmlAddMolecule_3_sp,subroutine,private,226
procedure,../scripts/../src/extlibs/xml/wcml/m_wcml_molecule.F90,cmlAddMolecule_3_sp_sh,subroutine,private,280
procedure,../scripts/../src/extlibs/xml/wcml/m_wcml_molecule.F90,cmlAddMoleculedp,subroutine,private,837
procedure,../scripts/../src/extlibs/xml/wcml/m_wcml_molecule.F90,cmlAddMoleculedp_sh,subroutine,private,890
procedure,../scripts/../src/extlibs/xml/wcml/m_wcml_molecule.F90,cmlAddMoleculesp,subroutine,private,120
procedure,../scripts/../src/extlibs/xml/wcml/m_wcml_molecule.F90,cmlAddMoleculesp_sh,subroutine,private,173
procedure,../scripts/../src/extlibs/xml/wcml/m_wcml_molecule.F90,cmlAddParticles_3_dp,subroutine,private,1313
procedure,../scripts/../src/extlibs/xml/wcml/m_wcml_molecule.F90,cmlAddParticles_3_dp_sh,subroutine,private,1359
procedure,../scripts/../src/extlibs/xml/wcml/m_wcml_molecule.F90,cmlAddParticles_3_sp,subroutine,private,596
procedure,../scripts/../src/extlibs/xml/wcml/m_wcml_molecule.F90,cmlAddParticles_3_sp_sh,subroutine,private,642
procedure,../scripts/../src/extlibs/xml/wcml/m_wcml_molecule.F90,cmlAddParticlesdp,subroutine,private,1227
procedure,../scripts/../src/extlibs/xml/wcml/m_wcml_molecule.F90,cmlAddParticlesdp_sh,subroutine,private,1270
procedure,../scripts/../src/extlibs/xml/wcml/m_wcml_molecule.F90,cmlAddParticlessp,subroutine,private,510
procedure,../scripts/../src/extlibs/xml/wcml/m_wcml_molecule.F90,cmlAddParticlessp_sh,subroutine,private,553
procedure,../scripts/../src/extlibs/xml/wcml/m_wcml_coma.F90,cmlAddSymmetrydp,subroutine,private,526
procedure,../scripts/../src/extlibs/xml/wcml/m_wcml_coma.F90,cmlAddSymmetryNoOps,subroutine,private,638
procedure,../scripts/../src/extlibs/xml/wcml/m_wcml_coma.F90,cmlAddSymmetrysp,subroutine,private,264
procedure,../scripts/../src/extlibs/xml/wcml/m_wcml_geometry.F90,cmlAddTorsion_dp,subroutine,private,134
procedure,../scripts/../src/extlibs/xml/wcml/m_wcml_geometry.F90,cmlAddTorsion_sp,subroutine,private,75
procedure,../scripts/../src/extlibs/xml/wcml/m_wcml_coma.F90,cmlEndBand,subroutine,private,631
procedure,../scripts/../src/extlibs/xml/wcml/m_wcml_coma.F90,cmlEndKpoint,subroutine,private,624
procedure,../scripts/../src/extlibs/xml/wcml/m_wcml_molecule.F90,cmlEndMolecule,subroutine,public,112
procedure,../scripts/../src/extlibs/xml/wcml/m_wcml_coma.F90,cmlStartBand,subroutine,private,590
procedure,../scripts/../src/extlibs/xml/wcml/m_wcml_coma.F90,cmlStartKPointdp,subroutine,private,328
procedure,../scripts/../src/extlibs/xml/wcml/m_wcml_coma.F90,cmlStartKPointsp,subroutine,private,66
procedure,../scripts/../src/extlibs/xml/wcml/m_wcml_molecule.F90,cmlStartMolecule,subroutine,public,79
procedure,../scripts/../src/utils/simple_string_utils.f90,cnt_recs_per_line,function,private,776
procedure,../scripts/../src/main/image/simple_ftiter.f90,comp_addr_logi,function,private,341
procedure,../scripts/../src/main/image/simple_ftiter.f90,comp_addr_phys1,function,private,296
procedure,../scripts/../src/main/image/simple_ftiter.f90,comp_addr_phys2,function,private,311
procedure,../scripts/../src/main/image/simple_ftiter.f90,comp_addr_phys3,function,private,326
procedure,../scripts/../src/main/image/simple_ftiter.f90,comp_addr_phys_orig,function,private,270
procedure,../scripts/../src/utils/simple_string_utils.f90,compact,subroutine,private,168
procedure,../scripts/../src/extlibs/json/json_string_utilities.f90,compact_real_string,subroutine,private,218
procedure,../scripts/../src/main/ori/simple_ori.f90,compeuler,subroutine,private,1464
procedure,../scripts/../src/main/ori/simple_ori.f90,compose2dshift3d,subroutine,private,1531
procedure,../scripts/../src/main/ori/simple_ori.f90,compose3d2d,subroutine,private,1482
procedure,../scripts/../src/extlibs/xml/fsys/fox_m_fsys_format.F90,concat_complex_dp_str,function,private,2238
procedure,../scripts/../src/extlibs/xml/fsys/fox_m_fsys_format.F90,concat_complex_sp_str,function,private,2215
procedure,../scripts/../src/extlibs/xml/fsys/fox_m_fsys_format.F90,concat_int_str,function,private,2123
procedure,../scripts/../src/extlibs/xml/fsys/fox_m_fsys_format.F90,concat_logical_str,function,private,2146
procedure,../scripts/../src/extlibs/xml/fsys/fox_m_fsys_format.F90,concat_real_dp_str,function,private,2192
procedure,../scripts/../src/extlibs/xml/fsys/fox_m_fsys_format.F90,concat_real_sp_str,function,private,2169
procedure,../scripts/../src/extlibs/xml/fsys/fox_m_fsys_format.F90,concat_str_complex_dp,function,private,2227
procedure,../scripts/../src/extlibs/xml/fsys/fox_m_fsys_format.F90,concat_str_complex_sp,function,private,2204
procedure,../scripts/../src/extlibs/xml/fsys/fox_m_fsys_format.F90,concat_str_int,function,private,2112
procedure,../scripts/../src/extlibs/xml/fsys/fox_m_fsys_format.F90,concat_str_logical,function,private,2135
procedure,../scripts/../src/extlibs/xml/fsys/fox_m_fsys_format.F90,concat_str_real_dp,function,private,2181
procedure,../scripts/../src/extlibs/xml/fsys/fox_m_fsys_format.F90,concat_str_real_sp,function,private,2158
procedure,../scripts/../src/utils/math/simple_ran_tabu.f90,constructor,function,private,42
procedure,../scripts/../src/main/ctf/simple_ctf.f90,constructor,function,private,52
procedure,../scripts/../src/main/stream/simple_stream_watcher.f90,constructor,function,private,59
procedure,../scripts/../src/main/interp/simple_kbinterpol.f90,constructor,function,private,60
procedure,../scripts/../src/main/image/simple_ftiter.f90,constructor,function,private,60
procedure,../scripts/../src/main/interp/simple_winfuns.f90,constructor,function,private,72
procedure,../scripts/../src/main/simple_sym.f90,constructor,function,private,94
procedure,../scripts/../src/utils/qsys/simple_qsys_ctrl.f90,constructor,function,private,118
procedure,../scripts/../src/main/ori/simple_ori.f90,constructor,function,private,132
procedure,../scripts/../src/main/image/simple_image.f90,constructor,function,private,2675
procedure,../scripts/../src/utils/structs/simple_hash.f90,constructor_1,function,private,67
procedure,../scripts/../src/utils/structs/simple_chash.f90,constructor_1,function,private,82
procedure,../scripts/../src/utils/structs/simple_hash.f90,constructor_2,function,private,73
procedure,../scripts/../src/utils/structs/simple_chash.f90,constructor_2,function,private,88
procedure,../scripts/../src/utils/math/simple_stat.f90,conv2rank_weights,subroutine,private,1472
procedure,../scripts/../src/extlibs/json/json_value_module.f90,convert,subroutine,private,7361
procedure,../scripts/../src/main/interp/simple_kbinterpol.f90,copy,subroutine,private,85
procedure,../scripts/../src/utils/structs/simple_hash.f90,copy,subroutine,private,141
procedure,../scripts/../src/utils/structs/simple_chash.f90,copy,subroutine,private,155
procedure,../scripts/../src/main/ori/simple_ori.f90,copy,subroutine,private,182
procedure,../scripts/../src/utils/simple_imgarr_utils.f90,copy_imgarr,function,public,68
procedure,../scripts/../src/extlibs/xml/dom/m_dom_dom.F90,copyDOMConfig,subroutine,public,713
procedure,../scripts/../src/extlibs/xml/common/m_common_namespaces.F90,copyURIMapping,subroutine,private,114
procedure,../scripts/../src/utils/math/simple_stat.f90,corrs2weights,function,private,929
procedure,../scripts/../src/main/interp/simple_edges_sqwins.f90,cosedge_1,function,private,136
procedure,../scripts/../src/main/interp/simple_edges_sqwins.f90,cosedge_2,function,private,156
procedure,../scripts/../src/main/interp/simple_edges_sqwins.f90,cosedge_inner_1,function,private,224
procedure,../scripts/../src/main/interp/simple_edges_sqwins.f90,cosedge_inner_2,function,private,242
procedure,../scripts/../src/main/interp/simple_edges_sqwins.f90,cosedge_r2_2d,function,private,194
procedure,../scripts/../src/main/interp/simple_edges_sqwins.f90,cosedge_r2_3d,function,private,172
procedure,../scripts/../src/extlibs/xml/fsys/fox_m_fsys_count_parse_input.F90,countcomplexdp,function,private,447
procedure,../scripts/../src/extlibs/xml/fsys/fox_m_fsys_count_parse_input.F90,countcomplexsp,function,private,346
procedure,../scripts/../src/extlibs/xml/fsys/fox_m_fsys_count_parse_input.F90,countinteger,function,private,191
procedure,../scripts/../src/extlibs/xml/fsys/fox_m_fsys_count_parse_input.F90,countlogical,function,private,140
procedure,../scripts/../src/extlibs/xml/fsys/fox_m_fsys_count_parse_input.F90,countrealdp,function,private,294
procedure,../scripts/../src/extlibs/xml/fsys/fox_m_fsys_count_parse_input.F90,countrealsp,function,private,242
procedure,../scripts/../src/extlibs/xml/fsys/fox_m_fsys_count_parse_input.F90,countstring,function,private,29
procedure,../scripts/../src/utils/math/simple_math.f90,create_hist_vector,subroutine,private,766
procedure,../scripts/../src/extlibs/xml/dom/m_dom_dom.F90,createAttribute,function,public,6533
procedure,../scripts/../src/extlibs/xml/dom/m_dom_dom.F90,createAttributeNS,function,public,7343
procedure,../scripts/../src/extlibs/xml/dom/m_dom_dom.F90,createCdataSection,function,public,6398
procedure,../scripts/../src/extlibs/xml/dom/m_dom_dom.F90,createComment,function,public,6336
procedure,../scripts/../src/extlibs/xml/dom/m_dom_dom.F90,createDocument,function,public,5672
procedure,../scripts/../src/extlibs/xml/dom/m_dom_dom.F90,createDocumentFragment,function,public,6245
procedure,../scripts/../src/extlibs/xml/dom/m_dom_dom.F90,createDocumentType,function,public,5589
procedure,../scripts/../src/extlibs/xml/dom/m_dom_dom.F90,createElement,function,public,6139
procedure,../scripts/../src/extlibs/xml/dom/m_dom_dom.F90,createElementNS,function,public,7168
procedure,../scripts/../src/extlibs/xml/dom/m_dom_dom.F90,createEmptyDocument,function,public,5800
procedure,../scripts/../src/extlibs/xml/dom/m_dom_dom.F90,createEmptyElement,function,private,6218
procedure,../scripts/../src/extlibs/xml/dom/m_dom_dom.F90,createEmptyElementNS,function,private,7318
procedure,../scripts/../src/extlibs/xml/dom/m_dom_dom.F90,createEmptyEntityReference,function,public,6698
procedure,../scripts/../src/extlibs/xml/dom/m_dom_dom.F90,createEntity,function,public,8682
procedure,../scripts/../src/extlibs/xml/dom/m_dom_dom.F90,createEntityReference,function,public,6590
procedure,../scripts/../src/extlibs/xml/dom/m_dom_dom.F90,createNamespaceNode,function,public,8642
procedure,../scripts/../src/extlibs/xml/dom/m_dom_dom.F90,createNode,function,private,727
procedure,../scripts/../src/extlibs/xml/dom/m_dom_dom.F90,createNotation,function,public,8730
procedure,../scripts/../src/extlibs/xml/dom/m_dom_dom.F90,createProcessingInstruction,function,public,6460
procedure,../scripts/../src/extlibs/xml/dom/m_dom_dom.F90,createTextNode,function,public,6284
procedure,../scripts/../src/utils/math/simple_math.f90,cross,function,private,1113
procedure,../scripts/../src/utils/math/simple_math_ft.f90,csq_1,function,private,72
procedure,../scripts/../src/utils/math/simple_math_ft.f90,csq_2,function,private,91
procedure,../scripts/../src/utils/simple_string_utils.f90,csv_field,function,private,685
procedure,../scripts/../src/extlibs/curl/src/curl_easy.f90,curl_easy_escape,function,private,1084
procedure,../scripts/../src/extlibs/curl/src/curl_easy.f90,curl_easy_getinfo_char,function,private,1104
procedure,../scripts/../src/extlibs/curl/src/curl_easy.f90,curl_easy_getinfo_double,function,private,1118
procedure,../scripts/../src/extlibs/curl/src/curl_easy.f90,curl_easy_getinfo_int,function,private,1128
procedure,../scripts/../src/extlibs/curl/src/curl_easy.f90,curl_easy_getinfo_long,function,private,1141
procedure,../scripts/../src/extlibs/curl/src/curl_easy.f90,curl_easy_getinfo_ptr,function,private,1154
procedure,../scripts/../src/extlibs/curl/src/curl_easy.f90,curl_easy_setopt_char,function,private,1164
procedure,../scripts/../src/extlibs/curl/src/curl_easy.f90,curl_easy_setopt_funptr,function,private,1174
procedure,../scripts/../src/extlibs/curl/src/curl_easy.f90,curl_easy_setopt_int,function,private,1184
procedure,../scripts/../src/extlibs/curl/src/curl_easy.f90,curl_easy_setopt_long,function,private,1194
procedure,../scripts/../src/extlibs/curl/src/curl_easy.f90,curl_easy_setopt_ptr,function,private,1204
procedure,../scripts/../src/extlibs/curl/src/curl_easy.f90,curl_easy_strerror,function,private,1214
procedure,../scripts/../src/extlibs/curl/src/curl_easy.f90,curl_easy_unescape,function,private,1225
procedure,../scripts/../src/extlibs/curl/src/curl_easy.f90,curl_escape,function,private,1247
procedure,../scripts/../src/extlibs/curl/src/curl_easy.f90,curl_global_init,function,private,1266
procedure,../scripts/../src/extlibs/curl/src/curl_easy.f90,curl_mime_encoder,function,private,1274
procedure,../scripts/../src/extlibs/curl/src/curl_easy.f90,curl_mime_filedata,function,private,1283
procedure,../scripts/../src/extlibs/curl/src/curl_easy.f90,curl_mime_filename,function,private,1292
procedure,../scripts/../src/extlibs/curl/src/curl_easy.f90,curl_mime_name,function,private,1301
procedure,../scripts/../src/extlibs/curl/src/curl_easy.f90,curl_mime_type,function,private,1310
procedure,../scripts/../src/extlibs/curl/src/curl_easy.f90,curl_slist_append,function,private,1338
procedure,../scripts/../src/extlibs/curl/src/curl_easy.f90,curl_unescape,function,private,1319
procedure,../scripts/../src/extlibs/curl/src/curl_easy.f90,curl_version,function,private,1348
procedure,../scripts/../src/extlibs/curl/src/curl_easy.f90,curl_version_info,function,private,1358
procedure,../scripts/../src/utils/math/simple_math_ft.f90,cyci_1d,function,private,111
procedure,../scripts/../src/utils/math/simple_math_ft.f90,cyci_1d_static,function,private,125
procedure,../scripts/../src/utils/simple_string.f90,dble2str,function,private,83
procedure,../scripts/../src/utils/structs/simple_chash.f90,dealloc_chash,subroutine,private,674
procedure,../scripts/../src/utils/structs/simple_hash.f90,dealloc_hash,subroutine,private,463
procedure,../scripts/../src/utils/simple_imgarr_utils.f90,dealloc_imgarr,subroutine,public,100
procedure,../scripts/../src/utils/qsys/simple_qsys_ctrl.f90,declare_coarray_jobs_finished,subroutine,private,770
procedure,../scripts/../src/extlibs/xml/common/m_common_element.F90,declared_element,function,private,207
procedure,../scripts/../src/extlibs/json/json_string_utilities.f90,decode_rfc6901,function,public,849
procedure,../scripts/../src/extlibs/json/json_string_utilities.f90,default_comp_ucs4,function,private,712
procedure,../scripts/../src/extlibs/json/json_string_utilities.f90,default_join_ucs4,function,private,676
procedure,../scripts/../src/extlibs/json/json_string_utilities.f90,default_neq_ucs4,function,private,748
procedure,../scripts/../src/utils/math/simple_linalg.f90,deg2rad_dp,function,private,823
procedure,../scripts/../src/utils/math/simple_linalg.f90,deg2rad_sp,function,private,817
procedure,../scripts/../src/fileio/simple_fileio.f90,del_files_1,subroutine,public,694
procedure,../scripts/../src/fileio/simple_fileio.f90,del_files_2,subroutine,public,712
procedure,../scripts/../src/utils/structs/simple_hash.f90,delete,subroutine,private,251
procedure,../scripts/../src/utils/structs/simple_chash.f90,delete,subroutine,private,318
procedure,../scripts/../src/main/ori/simple_ori.f90,delete_2Dclustering,subroutine,private,252
procedure,../scripts/../src/main/ori/simple_ori.f90,delete_3Dalignment,subroutine,private,281
procedure,../scripts/../src/main/ori/simple_ori.f90,delete_entry,subroutine,private,242
procedure,../scripts/../src/extlibs/xml/dom/m_dom_dom.F90,deleteData,subroutine,public,10723
procedure,../scripts/../src/extlibs/xml/common/m_common_element.F90,destroy_attribute_list,subroutine,private,804
procedure,../scripts/../src/extlibs/xml/common/m_common_element.F90,destroy_attribute_t,subroutine,private,794
procedure,../scripts/../src/extlibs/xml/common/m_common_attrs.F90,destroy_dict,subroutine,private,971
procedure,../scripts/../src/extlibs/xml/common/m_common_attrs.F90,destroy_dict_item,subroutine,private,948
procedure,../scripts/../src/extlibs/xml/common/m_common_element.F90,destroy_element_list,subroutine,private,177
procedure,../scripts/../src/extlibs/xml/common/m_common_elstack.F90,destroy_elstack,subroutine,private,63
procedure,../scripts/../src/extlibs/xml/common/m_common_entities.F90,destroy_entity,subroutine,private,124
procedure,../scripts/../src/extlibs/xml/common/m_common_entities.F90,destroy_entity_list,subroutine,private,156
procedure,../scripts/../src/extlibs/xml/common/m_common_error.F90,destroy_error_stack,subroutine,public,129
procedure,../scripts/../src/extlibs/json/json_value_module.f90,destroy_json_core,subroutine,private,808
procedure,../scripts/../src/extlibs/json/json_value_module.f90,destroy_json_data,subroutine,private,1245
procedure,../scripts/../src/extlibs/xml/fsys/fox_m_fsys_string_list.F90,destroy_string_list,subroutine,private,42
procedure,../scripts/../src/extlibs/xml/fsys/fox_m_fsys_array_str.F90,destroy_vs,subroutine,private,83
procedure,../scripts/../src/extlibs/xml/dom/m_dom_dom.F90,destroyAllNodesRecursively,subroutine,public,862
procedure,../scripts/../src/extlibs/xml/dom/m_dom_dom.F90,destroyDocument,subroutine,public,5818
procedure,../scripts/../src/extlibs/xml/dom/m_dom_dom.F90,destroyDocumentType,subroutine,private,823
procedure,../scripts/../src/extlibs/xml/dom/m_dom_dom.F90,destroyDOMConfig,subroutine,private,719
procedure,../scripts/../src/extlibs/xml/dom/m_dom_dom.F90,destroyElementOrAttribute,subroutine,private,766
procedure,../scripts/../src/extlibs/xml/dom/m_dom_dom.F90,destroyEntityOrNotation,subroutine,private,798
procedure,../scripts/../src/extlibs/xml/dom/m_dom_dom.F90,destroyNamedNodeMap,subroutine,public,5553
procedure,../scripts/../src/extlibs/xml/common/m_common_namespaces.F90,destroyNamespaceDictionary,subroutine,private,94
procedure,../scripts/../src/extlibs/xml/dom/m_dom_dom.F90,destroyNode,subroutine,private,745
procedure,../scripts/../src/extlibs/xml/dom/m_dom_dom.F90,destroyNodeContents,subroutine,private,948
procedure,../scripts/../src/extlibs/xml/dom/m_dom_dom.F90,destroyNodeList,subroutine,public,4914
procedure,../scripts/../src/main/stream/simple_stream_watcher.f90,detect_and_add_dirs,subroutine,private,285
procedure,../scripts/../src/utils/simple_segmentation.f90,detect_peak_thres_1,subroutine,public,19
procedure,../scripts/../src/utils/simple_segmentation.f90,detect_peak_thres_2,subroutine,public,50
procedure,../scripts/../src/utils/simple_segmentation.f90,detect_peak_thres_fdr,subroutine,public,93
procedure,../scripts/../src/utils/simple_segmentation.f90,detect_peak_thres_for_npeaks,subroutine,public,68
procedure,../scripts/../src/utils/simple_segmentation.f90,detect_peak_thres_sortmeans,subroutine,public,247
procedure,../scripts/../src/utils/math/simple_linalg.f90,dgelss,subroutine,private,149
procedure,../scripts/../src/utils/math/simple_linalg.f90,dgelsy,subroutine,private,141
procedure,../scripts/../src/utils/math/simple_linalg.f90,dgesvd,subroutine,private,179
procedure,../scripts/../src/utils/math/simple_linalg.f90,dgetrf,subroutine,private,193
procedure,../scripts/../src/utils/math/simple_linalg.f90,dgetri,subroutine,private,206
procedure,../scripts/../src/main/strategies/search/simple_matcher_ptcl_io.f90,discrete_read_imgbatch,subroutine,private,282
procedure,../scripts/../src/main/strategies/search/simple_matcher_ptcl_io.f90,discrete_read_imgbatch_source,subroutine,private,182
procedure,../scripts/../src/utils/qsys/simple_qsys_ctrl.f90,dispatch_task_to_persistent_worker,subroutine,private,871
procedure,../scripts/../src/utils/simple_segmentation.f90,dist_avg,function,public,370
procedure,../scripts/../src/utils/simple_segmentation.f90,dist_btw_farthest,function,public,353
procedure,../scripts/../src/utils/simple_segmentation.f90,dist_btw_nearest,function,public,336
procedure,../scripts/../src/main/simple_eul_prob_tab_utils.f90,dist_eval_fun,function,private,60
procedure,../scripts/../src/utils/math/simple_srch_sort_loc.f90,dists2order,function,private,690
procedure,../scripts/../src/utils/math/simple_stat.f90,dists2scores_percen,subroutine,private,1173
procedure,../scripts/../src/utils/math/simple_stat.f90,dmat2smat,function,private,1137
procedure,../scripts/../src/utils/math/simple_linalg.f90,dnrm2,function,private,127
procedure,../scripts/../src/utils/simple_segmentation.f90,double_thresh,subroutine,public,605
procedure,../scripts/../src/utils/math/simple_linalg.f90,dposv,subroutine,private,157
procedure,../scripts/../src/utils/math/simple_linalg.f90,dsyev,subroutine,private,221
procedure,../scripts/../src/extlibs/xml/common/m_common_buffer.F90,dump_buffer,subroutine,private,107
procedure,../scripts/../src/extlibs/xml/common/m_common_namespaces.F90,dumpnsdict,subroutine,public,719
procedure,../scripts/../src/extlibs/json/json_value_module.f90,duplicate_key_func,subroutine,private,5185
procedure,../scripts/../src/main/image/simple_ftiter.f90,dynfind,function,private,355
procedure,../scripts/../src/main/ori/simple_ori.f90,e1get,function,private,752
procedure,../scripts/../src/main/ori/simple_ori.f90,e1set,subroutine,private,378
procedure,../scripts/../src/main/ori/simple_ori.f90,e2get,function,private,762
procedure,../scripts/../src/main/ori/simple_ori.f90,e2set,subroutine,private,388
procedure,../scripts/../src/main/ori/simple_ori.f90,e3get,function,private,772
procedure,../scripts/../src/main/ori/simple_ori.f90,e3set,subroutine,private,398
procedure,../scripts/../src/utils/math/simple_linalg.f90,eigh_sp,subroutine,private,931
procedure,../scripts/../src/utils/math/simple_linalg.f90,eigsrt_dp,subroutine,private,319
procedure,../scripts/../src/utils/math/simple_linalg.f90,eigsrt_sp,subroutine,private,293
procedure,../scripts/../src/extlibs/xml/common/m_common_elstack.F90,elementContent,function,private,198
procedure,../scripts/../src/utils/math/simple_math.f90,elim_dup,subroutine,private,108
procedure,../scripts/../src/main/image/simple_image.f90,ellipse,subroutine,private,2702
procedure,../scripts/../src/main/simple_abinitio_controller.f90,emit_refine3D_stage_cfg,subroutine,private,495
procedure,../scripts/../src/extlibs/xml/common/m_common_elstack.F90,emptyContent,function,private,211
procedure,../scripts/../src/extlibs/json/json_string_utilities.f90,encode_rfc6901,function,public,870
procedure,../scripts/../src/extlibs/xml/common/m_common_namespaces.F90,end_prefix_handler,subroutine,private,458
procedure,../scripts/../src/extlibs/xml/common/m_common_namespaces.F90,end_prefix_handler,subroutine,private,675
procedure,../scripts/../src/extlibs/json/json_value_module.f90,ensure_capacity,subroutine,private,5601
procedure,../scripts/../src/utils/math/simple_math.f90,equispaced_vals,function,private,29
procedure,../scripts/../src/extlibs/json/json_string_utilities.f90,escape_string,subroutine,public,297
procedure,../scripts/../src/utils/filter/simple_opt_filter.f90,estimate_lplim3D,subroutine,private,92
procedure,../scripts/../src/utils/filter/simple_opt_filter.f90,estimate_lplim_1,subroutine,private,19
procedure,../scripts/../src/utils/filter/simple_opt_filter.f90,estimate_lplim_2,subroutine,private,73
procedure,../scripts/../src/utils/filter/simple_opt_filter.f90,estimate_lplims2D,subroutine,private,160
procedure,../scripts/../src/utils/math/simple_linalg.f90,euclid_dp,function,private,886
procedure,../scripts/../src/utils/math/simple_linalg.f90,euclid_sp_1,function,private,874
procedure,../scripts/../src/utils/math/simple_linalg.f90,euclid_sp_2,function,private,880
procedure,../scripts/../src/main/ori/simple_ori.f90,euldist,function,private,1656
procedure,../scripts/../src/main/simple_eul_prob_tab_utils.f90,eulprob_corr_switch,function,private,296
procedure,../scripts/../src/main/simple_eul_prob_tab_utils.f90,eulprob_dist_switch,function,private,274
procedure,../scripts/../src/main/interp/simple_winfuns.f90,eval_apod,function,private,143
procedure,../scripts/../src/main/interp/simple_winfuns.f90,eval_instr,function,private,151
procedure,../scripts/../src/extlibs/xml/common/m_common_element.F90,existing_attribute,function,private,818
procedure,../scripts/../src/extlibs/xml/common/m_common_element.F90,existing_element,function,private,191
procedure,../scripts/../src/extlibs/xml/common/m_common_entities.F90,existing_entity,function,private,387
procedure,../scripts/../src/main/ori/simple_ori.f90,exists,function,private,726
procedure,../scripts/../src/extlibs/xml/common/m_common_entities.F90,expand_char_entity,function,private,363
procedure,../scripts/../src/extlibs/xml/common/m_common_entities.F90,expand_char_entity_len,function,private,327
procedure,../scripts/../src/extlibs/xml/common/m_common_entities.F90,expand_entity,function,private,459
procedure,../scripts/../src/extlibs/xml/common/m_common_entities.F90,expand_entity_len,function,private,443
procedure,../scripts/../src/extlibs/xml/common/m_common_entities.F90,expand_entity_text,function,private,424
procedure,../scripts/../src/extlibs/xml/common/m_common_entities.F90,expand_entity_text_len,function,private,408
procedure,../scripts/../src/extlibs/xml/common/m_common_element.F90,express_att_decl_len,function,private,1517
procedure,../scripts/../src/extlibs/xml/common/m_common_element.F90,express_attribute_declaration,function,private,1546
procedure,../scripts/../src/utils/simple_imgarr_utils.f90,extract_imgarr,function,public,55
procedure,../scripts/../src/extlibs/xml/dom/m_dom_extras.F90,extractDataAttNSChArr,subroutine,private,2039
procedure,../scripts/../src/extlibs/xml/dom/m_dom_extras.F90,extractDataAttNSChMat,subroutine,private,2330
procedure,../scripts/../src/extlibs/xml/dom/m_dom_extras.F90,extractDataAttNSChSca,subroutine,private,1748
procedure,../scripts/../src/extlibs/xml/dom/m_dom_extras.F90,extractDataAttNSCmplxDpArr,subroutine,private,1793
procedure,../scripts/../src/extlibs/xml/dom/m_dom_extras.F90,extractDataAttNSCmplxDpMat,subroutine,private,2084
procedure,../scripts/../src/extlibs/xml/dom/m_dom_extras.F90,extractDataAttNSCmplxDpSca,subroutine,private,1502
procedure,../scripts/../src/extlibs/xml/dom/m_dom_extras.F90,extractDataAttNSCmplxSpArr,subroutine,private,1834
procedure,../scripts/../src/extlibs/xml/dom/m_dom_extras.F90,extractDataAttNSCmplxSpMat,subroutine,private,2125
procedure,../scripts/../src/extlibs/xml/dom/m_dom_extras.F90,extractDataAttNSCmplxSpSca,subroutine,private,1543
procedure,../scripts/../src/extlibs/xml/dom/m_dom_extras.F90,extractDataAttNSIntArr,subroutine,private,1957
procedure,../scripts/../src/extlibs/xml/dom/m_dom_extras.F90,extractDataAttNSIntMat,subroutine,private,2248
procedure,../scripts/../src/extlibs/xml/dom/m_dom_extras.F90,extractDataAttNSIntSca,subroutine,private,1666
procedure,../scripts/../src/extlibs/xml/dom/m_dom_extras.F90,extractDataAttNSLgArr,subroutine,private,1998
procedure,../scripts/../src/extlibs/xml/dom/m_dom_extras.F90,extractDataAttNSLgMat,subroutine,private,2289
procedure,../scripts/../src/extlibs/xml/dom/m_dom_extras.F90,extractDataAttNSLgSca,subroutine,private,1707
procedure,../scripts/../src/extlibs/xml/dom/m_dom_extras.F90,extractDataAttNSRealDpArr,subroutine,private,1875
procedure,../scripts/../src/extlibs/xml/dom/m_dom_extras.F90,extractDataAttNSRealDpMat,subroutine,private,2166
procedure,../scripts/../src/extlibs/xml/dom/m_dom_extras.F90,extractDataAttNSRealDpSca,subroutine,private,1584
procedure,../scripts/../src/extlibs/xml/dom/m_dom_extras.F90,extractDataAttNSRealSpArr,subroutine,private,1916
procedure,../scripts/../src/extlibs/xml/dom/m_dom_extras.F90,extractDataAttNSRealSpMat,subroutine,private,2207
procedure,../scripts/../src/extlibs/xml/dom/m_dom_extras.F90,extractDataAttNSRealSpSca,subroutine,private,1625
procedure,../scripts/../src/extlibs/xml/dom/m_dom_extras.F90,extractDataAttributeChArr,subroutine,private,1182
procedure,../scripts/../src/extlibs/xml/dom/m_dom_extras.F90,extractDataAttributeChMat,subroutine,private,1459
procedure,../scripts/../src/extlibs/xml/dom/m_dom_extras.F90,extractDataAttributeChSca,subroutine,private,905
procedure,../scripts/../src/extlibs/xml/dom/m_dom_extras.F90,extractDataAttributeCmplxDpArr,subroutine,private,948
procedure,../scripts/../src/extlibs/xml/dom/m_dom_extras.F90,extractDataAttributeCmplxDpMat,subroutine,private,1225
procedure,../scripts/../src/extlibs/xml/dom/m_dom_extras.F90,extractDataAttributeCmplxDpSca,subroutine,private,671
procedure,../scripts/../src/extlibs/xml/dom/m_dom_extras.F90,extractDataAttributeCmplxSpArr,subroutine,private,987
procedure,../scripts/../src/extlibs/xml/dom/m_dom_extras.F90,extractDataAttributeCmplxSpMat,subroutine,private,1264
procedure,../scripts/../src/extlibs/xml/dom/m_dom_extras.F90,extractDataAttributeCmplxSpSca,subroutine,private,710
procedure,../scripts/../src/extlibs/xml/dom/m_dom_extras.F90,extractDataAttributeIntArr,subroutine,private,1104
procedure,../scripts/../src/extlibs/xml/dom/m_dom_extras.F90,extractDataAttributeIntMat,subroutine,private,1381
procedure,../scripts/../src/extlibs/xml/dom/m_dom_extras.F90,extractDataAttributeIntSca,subroutine,private,827
procedure,../scripts/../src/extlibs/xml/dom/m_dom_extras.F90,extractDataAttributeLgArr,subroutine,private,1143
procedure,../scripts/../src/extlibs/xml/dom/m_dom_extras.F90,extractDataAttributeLgMat,subroutine,private,1420
procedure,../scripts/../src/extlibs/xml/dom/m_dom_extras.F90,extractDataAttributeLgSca,subroutine,private,866
procedure,../scripts/../src/extlibs/xml/dom/m_dom_extras.F90,extractDataAttributeRealDpArr,subroutine,private,1026
procedure,../scripts/../src/extlibs/xml/dom/m_dom_extras.F90,extractDataAttributeRealDpMat,subroutine,private,1303
procedure,../scripts/../src/extlibs/xml/dom/m_dom_extras.F90,extractDataAttributeRealDpSca,subroutine,private,749
procedure,../scripts/../src/extlibs/xml/dom/m_dom_extras.F90,extractDataAttributeRealSpArr,subroutine,private,1065
procedure,../scripts/../src/extlibs/xml/dom/m_dom_extras.F90,extractDataAttributeRealSpMat,subroutine,private,1342
procedure,../scripts/../src/extlibs/xml/dom/m_dom_extras.F90,extractDataAttributeRealSpSca,subroutine,private,788
procedure,../scripts/../src/extlibs/xml/dom/m_dom_extras.F90,extractDataContentChArr,subroutine,private,449
procedure,../scripts/../src/extlibs/xml/dom/m_dom_extras.F90,extractDataContentChMat,subroutine,private,641
procedure,../scripts/../src/extlibs/xml/dom/m_dom_extras.F90,extractDataContentChSca,subroutine,private,257
procedure,../scripts/../src/extlibs/xml/dom/m_dom_extras.F90,extractDataContentCmplxDpArr,subroutine,private,287
procedure,../scripts/../src/extlibs/xml/dom/m_dom_extras.F90,extractDataContentCmplxDpMat,subroutine,private,479
procedure,../scripts/../src/extlibs/xml/dom/m_dom_extras.F90,extractDataContentCmplxDpSca,subroutine,private,95
procedure,../scripts/../src/extlibs/xml/dom/m_dom_extras.F90,extractDataContentCmplxSpArr,subroutine,private,314
procedure,../scripts/../src/extlibs/xml/dom/m_dom_extras.F90,extractDataContentCmplxSpMat,subroutine,private,506
procedure,../scripts/../src/extlibs/xml/dom/m_dom_extras.F90,extractDataContentCmplxSpSca,subroutine,private,122
procedure,../scripts/../src/extlibs/xml/dom/m_dom_extras.F90,extractDataContentIntArr,subroutine,private,395
procedure,../scripts/../src/extlibs/xml/dom/m_dom_extras.F90,extractDataContentIntMat,subroutine,private,587
procedure,../scripts/../src/extlibs/xml/dom/m_dom_extras.F90,extractDataContentIntSca,subroutine,private,203
procedure,../scripts/../src/extlibs/xml/dom/m_dom_extras.F90,extractDataContentLgArr,subroutine,private,422
procedure,../scripts/../src/extlibs/xml/dom/m_dom_extras.F90,extractDataContentLgMat,subroutine,private,614
procedure,../scripts/../src/extlibs/xml/dom/m_dom_extras.F90,extractDataContentLgSca,subroutine,private,230
procedure,../scripts/../src/extlibs/xml/dom/m_dom_extras.F90,extractDataContentRealDpArr,subroutine,private,341
procedure,../scripts/../src/extlibs/xml/dom/m_dom_extras.F90,extractDataContentRealDpMat,subroutine,private,533
procedure,../scripts/../src/extlibs/xml/dom/m_dom_extras.F90,extractDataContentRealDpSca,subroutine,private,149
procedure,../scripts/../src/extlibs/xml/dom/m_dom_extras.F90,extractDataContentRealSpArr,subroutine,private,368
procedure,../scripts/../src/extlibs/xml/dom/m_dom_extras.F90,extractDataContentRealSpMat,subroutine,private,560
procedure,../scripts/../src/extlibs/xml/dom/m_dom_extras.F90,extractDataContentRealSpSca,subroutine,private,176
procedure,../scripts/../src/extlibs/unix/src/unix.f90,f_c_str_chars,subroutine,public,183
procedure,../scripts/../src/extlibs/unix/src/unix.f90,f_readdir,function,public,117
procedure,../scripts/../src/extlibs/unix/src/unix.f90,f_strerror,function,public,131
procedure,../scripts/../src/fileio/simple_fileio.f90,fclose,subroutine,public,270
procedure,../scripts/../src/utils/math/simple_math_ft.f90,fdim,function,private,133
procedure,../scripts/../src/fileio/simple_fileio.f90,file2drarr,function,public,956
procedure,../scripts/../src/fileio/simple_fileio.f90,file2imat,subroutine,public,1051
procedure,../scripts/../src/fileio/simple_fileio.f90,file2lmat,subroutine,public,1036
procedure,../scripts/../src/fileio/simple_fileio.f90,file2rarr,function,public,934
procedure,../scripts/../src/fileio/simple_fileio.f90,file2rmat,subroutine,public,1021
procedure,../scripts/../src/fileio/simple_fileio.f90,fileiochk,subroutine,public,62
procedure,../scripts/../src/fileio/simple_fileio.f90,filelength,function,public,314
procedure,../scripts/../src/fileio/simple_fileio.f90,filepath_1,function,public,661
procedure,../scripts/../src/fileio/simple_fileio.f90,filepath_2,function,public,672
procedure,../scripts/../src/fileio/simple_fileio.f90,filepath_3,function,public,679
procedure,../scripts/../src/fileio/simple_fileio.f90,filepath_4,function,public,686
procedure,../scripts/../src/utils/math/simple_srch_sort_loc.f90,find_1,subroutine,private,30
procedure,../scripts/../src/utils/math/simple_srch_sort_loc.f90,find_2,subroutine,private,48
procedure,../scripts/../src/main/simple_sym.f90,find_closest_proj,function,private,585
procedure,../scripts/../src/utils/simple_magic_boxes.f90,find_larger_magic_box,function,public,56
procedure,../scripts/../src/utils/simple_magic_boxes.f90,find_magic_box,function,public,72
procedure,../scripts/../src/utils/simple_magic_boxes.f90,find_magic_boxes4scale,function,public,94
procedure,../scripts/../src/utils/math/simple_math.f90,find_medoids,subroutine,private,405
procedure,../scripts/../src/utils/simple_string_utils.f90,findloc_str_1,function,private,814
procedure,../scripts/../src/utils/simple_string_utils.f90,findloc_str_2,function,private,827
procedure,../scripts/../src/utils/math/simple_linalg.f90,fit_lsq_plane,subroutine,private,345
procedure,../scripts/../src/utils/math/simple_linalg.f90,fit_straight_line,subroutine,private,374
procedure,../scripts/../src/main/simple_sym.f90,fmtsymstr,function,private,1887
procedure,../scripts/../src/fileio/simple_fileio.f90,fname2ext,function,public,535
procedure,../scripts/../src/fileio/simple_fileio.f90,fname2format,function,public,771
procedure,../scripts/../src/fileio/simple_fileio.f90,fname_new_ext_1,function,public,518
procedure,../scripts/../src/fileio/simple_fileio.f90,fname_new_ext_2,function,public,526
procedure,../scripts/../src/fileio/simple_fileio.f90,fopen,subroutine,public,80
procedure,../scripts/../src/main/strategies/search/simple_matcher_ptcl_io.f90,forget_stk_dims,subroutine,private,70
procedure,../scripts/../src/utils/simple_string_utils.f90,fortran_logical,function,private,641
procedure,../scripts/../src/utils/simple_string_utils.f90,fortran_quote,function,private,617
procedure,../scripts/../src/utils/simple_string_utils.f90,fortran_symbol_from_string,function,private,561
procedure,../scripts/../src/extlibs/xml/fsys/fox_m_fsys_format.F90,FoX_error,subroutine,private,657
procedure,../scripts/../src/extlibs/xml/common/m_common_error.F90,FoX_error_base,subroutine,public,88
procedure,../scripts/../src/extlibs/xml/common/m_common_error.F90,FoX_fatal_base,subroutine,public,107
procedure,../scripts/../src/extlibs/xml/common/m_common_error.F90,FoX_get_fatal_errors,function,public,196
procedure,../scripts/../src/extlibs/xml/common/m_common_error.F90,FoX_get_fatal_warnings,function,public,206
procedure,../scripts/../src/extlibs/xml/common/m_common_error.F90,FoX_set_fatal_errors,subroutine,public,191
procedure,../scripts/../src/extlibs/xml/common/m_common_error.F90,FoX_set_fatal_warnings,subroutine,public,201
procedure,../scripts/../src/extlibs/xml/common/m_common_error.F90,FoX_warning_base,subroutine,public,72
procedure,../scripts/../src/utils/math/simple_math_ft.f90,fplane_get_cmplx,function,private,146
procedure,../scripts/../src/utils/math/simple_math_ft.f90,fplane_get_ctfsq,function,private,160
procedure,../scripts/../src/utils/qsys/simple_qsys_ctrl.f90,free_all_cunits,subroutine,private,225
procedure,../scripts/../src/utils/math/simple_linalg.f90,funcs,function,private,648
procedure,../scripts/../src/utils/math/simple_linalg.f90,funcs,function,private,676
procedure,../scripts/../src/utils/math/simple_linalg.f90,funcs,function,private,704
procedure,../scripts/../src/utils/math/simple_linalg.f90,funcs,function,private,733
procedure,../scripts/../src/fileio/simple_fileio.f90,funit_size,function,public,340
procedure,../scripts/../src/utils/math/simple_rnd.f90,gasdev_2,function,private,290
procedure,../scripts/../src/utils/math/simple_rnd.f90,gasdev_3,function,private,299
procedure,../scripts/../src/main/ori/simple_ori.f90,gau_rnd_shift,subroutine,private,698
procedure,../scripts/../src/utils/simple_gauss2Dfit.f90,gauss2Dfit,subroutine,public,109
procedure,../scripts/../src/utils/math/simple_math.f90,gauwfun,function,private,1160
procedure,../scripts/../src/utils/math/simple_math.f90,gcd,function,private,1074
procedure,../scripts/../src/utils/math/simple_linalg.f90,gemm_tn,subroutine,private,275
procedure,../scripts/../src/main/simple_sym.f90,gen_c1,subroutine,private,822
procedure,../scripts/../src/utils/structs/simple_chash.f90,gen_job_descr,subroutine,private,195
procedure,../scripts/../src/utils/qsys/simple_qsys_ctrl.f90,generate_array_script,subroutine,private,446
procedure,../scripts/../src/utils/qsys/simple_qsys_ctrl.f90,generate_script_1,subroutine,private,509
procedure,../scripts/../src/utils/qsys/simple_qsys_ctrl.f90,generate_script_2,subroutine,private,553
procedure,../scripts/../src/utils/qsys/simple_qsys_ctrl.f90,generate_script_3,subroutine,private,673
procedure,../scripts/../src/utils/qsys/simple_qsys_ctrl.f90,generate_script_4,subroutine,private,607
procedure,../scripts/../src/utils/qsys/simple_qsys_ctrl.f90,generate_scripts_subprojects,subroutine,private,258
procedure,../scripts/../src/main/ori/simple_ori.f90,geodesic_dist_trace,function,private,1636
procedure,../scripts/../src/utils/structs/simple_chash.f90,get_1,function,private,418
procedure,../scripts/../src/utils/structs/simple_chash.f90,get_2,function,private,435
procedure,../scripts/../src/main/ori/simple_ori.f90,get_2Dshift,function,private,888
procedure,../scripts/../src/main/ori/simple_ori.f90,get_3Dshift,function,private,900
procedure,../scripts/../src/main/simple_sym.f90,get_all_subgrps_descr,function,private,270
procedure,../scripts/../src/extlibs/xml/common/m_common_attrs.F90,get_att_index_pointer,subroutine,private,363
procedure,../scripts/../src/extlibs/xml/common/m_common_element.F90,get_att_type_enum,function,private,1574
procedure,../scripts/../src/extlibs/xml/common/m_common_element.F90,get_attdecl_by_index,function,private,1487
procedure,../scripts/../src/extlibs/xml/common/m_common_element.F90,get_attdecl_by_name,function,private,1500
procedure,../scripts/../src/extlibs/xml/common/m_common_element.F90,get_attlist_size,function,private,1476
procedure,../scripts/../src/extlibs/xml/common/m_common_element.F90,get_attribute,function,private,859
procedure,../scripts/../src/main/ori/simple_ori.f90,get_axis_angle,subroutine,private,1305
procedure,../scripts/../src/extlibs/json/json_value_module.f90,get_chars_from_array,subroutine,private,8648
procedure,../scripts/../src/extlibs/json/json_value_module.f90,get_chars_from_array,subroutine,private,8784
procedure,../scripts/../src/main/ctf/simple_ctf.f90,get_ctfvars,function,private,81
procedure,../scripts/../src/main/ori/simple_ori.f90,get_ctfvars,function,private,1278
procedure,../scripts/../src/extlibs/json/json_value_module.f90,get_current_line_from_file_sequential,subroutine,private,9366
procedure,../scripts/../src/extlibs/json/json_value_module.f90,get_current_line_from_file_stream,subroutine,private,9408
procedure,../scripts/../src/extlibs/json/json_value_module.f90,get_double_from_array,subroutine,private,8144
procedure,../scripts/../src/extlibs/xml/common/m_common_element.F90,get_element,function,private,223
procedure,../scripts/../src/main/ori/simple_ori.f90,get_euler,function,private,738
procedure,../scripts/../src/main/simple_sym.f90,get_eullims,function,private,202
procedure,../scripts/../src/fileio/simple_fileio.f90,get_fbody_1,function,public,478
procedure,../scripts/../src/fileio/simple_fileio.f90,get_fbody_2,function,public,498
procedure,../scripts/../src/main/image/simple_ftiter.f90,get_find,function,private,147
procedure,../scripts/../src/utils/math/simple_math_ft.f90,get_find_at_crit,function,private,188
procedure,../scripts/../src/utils/math/simple_math_ft.f90,get_find_at_res,function,private,174
procedure,../scripts/../src/fileio/simple_fileio.f90,get_fpath,function,public,608
procedure,../scripts/../src/extlibs/json/json_value_module.f90,get_int_from_array,subroutine,private,7913
procedure,../scripts/../src/utils/qsys/simple_qsys_ctrl.f90,get_jobs_status,subroutine,private,197
procedure,../scripts/../src/extlibs/json/json_file_module.f90,get_json_core_in_file,subroutine,private,442
procedure,../scripts/../src/utils/structs/simple_hash.f90,get_key,function,private,356
procedure,../scripts/../src/extlibs/xml/common/m_common_attrs.F90,get_key,function,private,450
procedure,../scripts/../src/utils/structs/simple_chash.f90,get_key,function,private,461
procedure,../scripts/../src/extlibs/xml/common/m_common_attrs.F90,get_key_index,function,private,241
procedure,../scripts/../src/extlibs/xml/common/m_common_attrs.F90,get_key_index_ns,function,private,260
procedure,../scripts/../src/extlibs/xml/common/m_common_attrs.F90,get_key_len,function,private,437
procedure,../scripts/../src/utils/structs/simple_hash.f90,get_keys,function,private,377
procedure,../scripts/../src/main/ori/simple_ori.f90,get_keys,function,private,1352
procedure,../scripts/../src/extlibs/xml/fsys/fox_m_fsys_string_list.F90,get_last_string,function,private,86
procedure,../scripts/../src/main/image/simple_ftiter.f90,get_ldim,function,private,180
procedure,../scripts/../src/main/image/simple_ftiter.f90,get_lfny,function,private,156
procedure,../scripts/../src/main/image/simple_ftiter.f90,get_lhp,function,private,131
procedure,../scripts/../src/main/image/simple_ftiter.f90,get_llp,function,private,139
procedure,../scripts/../src/extlibs/xml/common/m_common_attrs.F90,get_localName_by_index,function,private,594
procedure,../scripts/../src/extlibs/xml/common/m_common_attrs.F90,get_localName_by_keyname,function,private,665
procedure,../scripts/../src/extlibs/xml/common/m_common_attrs.F90,get_localname_by_keyname_len,function,private,653
procedure,../scripts/../src/extlibs/json/json_value_module.f90,get_logical_from_array,subroutine,private,8372
procedure,../scripts/../src/main/image/simple_ftiter.f90,get_lp,function,private,164
procedure,../scripts/../src/main/ori/simple_ori.f90,get_mat,function,private,790
procedure,../scripts/../src/main/ori/simple_ori.f90,get_normal,function,private,782
procedure,../scripts/../src/main/simple_sym.f90,get_nsubgrp,function,private,222
procedure,../scripts/../src/extlibs/xml/common/m_common_attrs.F90,get_nsURI_by_index,function,private,572
procedure,../scripts/../src/extlibs/xml/common/m_common_attrs.F90,get_nsURI_by_keyname,function,private,620
procedure,../scripts/../src/extlibs/xml/common/m_common_attrs.F90,get_nsURI_by_keyname_len,function,private,607
procedure,../scripts/../src/fileio/simple_fileio.f90,get_open_funits,subroutine,public,354
procedure,../scripts/../src/main/simple_sym.f90,get_pgrp,function,private,215
procedure,../scripts/../src/utils/math/simple_math.f90,get_pixel_pos,subroutine,private,994
procedure,../scripts/../src/extlibs/xml/common/m_common_attrs.F90,get_prefix_by_index,function,private,585
procedure,../scripts/../src/extlibs/xml/common/m_common_attrs.F90,get_prefix_by_keyname,function,private,642
procedure,../scripts/../src/extlibs/xml/common/m_common_attrs.F90,get_prefix_by_keyname_len,function,private,630
procedure,../scripts/../src/fileio/simple_fileio.f90,get_relative_path,function,public,1123
procedure,../scripts/../src/utils/math/simple_math_ft.f90,get_resarr,function,private,213
procedure,../scripts/../src/main/image/simple_ftiter.f90,get_spat_freq,function,private,172
procedure,../scripts/../src/utils/structs/simple_chash.f90,get_static,subroutine,private,444
procedure,../scripts/../src/main/ori/simple_ori.f90,get_static,subroutine,private,839
procedure,../scripts/../src/main/ori/simple_ori.f90,get_str,function,private,831
procedure,../scripts/../src/utils/qsys/simple_qsys_ctrl.f90,get_stream_done_stack,subroutine,private,1115
procedure,../scripts/../src/utils/qsys/simple_qsys_ctrl.f90,get_stream_fail_stack,subroutine,private,1123
procedure,../scripts/../src/extlibs/json/json_value_module.f90,get_string_lengths,subroutine,private,1383
procedure,../scripts/../src/main/simple_sym.f90,get_subgrp,function,private,229
procedure,../scripts/../src/main/simple_sym.f90,get_subgrp_descr,function,private,258
procedure,../scripts/../src/main/simple_sym.f90,get_sym_rmat,subroutine,private,474
procedure,../scripts/../src/main/simple_sym.f90,get_symori,subroutine,private,466
procedure,../scripts/../src/extlibs/xml/common/m_common_elstack.F90,get_top_elstack,function,private,149
procedure,../scripts/../src/extlibs/xml/common/m_common_attrs.F90,get_value_by_index,function,private,419
procedure,../scripts/../src/extlibs/xml/common/m_common_attrs.F90,get_value_by_index_len,function,private,403
procedure,../scripts/../src/extlibs/xml/common/m_common_attrs.F90,get_value_by_key,function,private,298
procedure,../scripts/../src/extlibs/xml/common/m_common_attrs.F90,get_value_by_key_len,function,private,281
procedure,../scripts/../src/extlibs/xml/common/m_common_attrs.F90,get_value_by_key_ns,function,private,339
procedure,../scripts/../src/extlibs/xml/common/m_common_attrs.F90,get_value_by_key_ns_len,function,private,320
procedure,../scripts/../src/main/interp/simple_winfuns.f90,get_Whalf,function,private,136
procedure,../scripts/../src/extlibs/xml/dom/m_dom_dom.F90,getAttribute,function,public,9167
procedure,../scripts/../src/extlibs/xml/dom/m_dom_dom.F90,getAttribute_len,function,private,9146
procedure,../scripts/../src/extlibs/xml/dom/m_dom_dom.F90,getAttributeNode,function,public,9378
procedure,../scripts/../src/extlibs/xml/dom/m_dom_dom.F90,getAttributeNodeNS,function,public,9820
procedure,../scripts/../src/extlibs/xml/dom/m_dom_dom.F90,getAttributeNS,function,public,9564
procedure,../scripts/../src/extlibs/xml/dom/m_dom_dom.F90,getAttributes,function,public,1257
procedure,../scripts/../src/extlibs/xml/dom/m_dom_dom.F90,getAttributesNS_len,function,private,9540
procedure,../scripts/../src/extlibs/xml/common/m_common_attrs.F90,getBase,function,private,937
procedure,../scripts/../src/extlibs/xml/common/m_common_attrs.F90,getBase_len,function,private,926
procedure,../scripts/../src/extlibs/xml/dom/m_dom_dom.F90,getBaseURI,function,public,4248
procedure,../scripts/../src/extlibs/xml/dom/m_dom_dom.F90,getchildNodes,function,public,1137
procedure,../scripts/../src/extlibs/xml/dom/m_dom_dom.F90,getdata,function,public,11328
procedure,../scripts/../src/extlibs/xml/dom/m_dom_dom.F90,getdata_len,function,private,11312
procedure,../scripts/../src/extlibs/xml/dom/m_dom_dom.F90,getdocType,function,public,5900
procedure,../scripts/../src/extlibs/xml/dom/m_dom_dom.F90,getdocumentElement,function,public,5970
procedure,../scripts/../src/extlibs/xml/dom/m_dom_dom.F90,getdocumentURI,function,public,7983
procedure,../scripts/../src/extlibs/xml/dom/m_dom_dom.F90,getdocumentURI_len,function,private,7970
procedure,../scripts/../src/extlibs/xml/dom/m_dom_dom.F90,getdomConfig,function,public,8383
procedure,../scripts/../src/extlibs/xml/dom/m_dom_dom.F90,getElementById,function,public,7605
procedure,../scripts/../src/extlibs/xml/dom/m_dom_dom.F90,getElementsByTagName,function,public,6748
procedure,../scripts/../src/extlibs/xml/dom/m_dom_dom.F90,getElementsByTagNameNS,function,public,7458
procedure,../scripts/../src/extlibs/xml/dom/m_dom_dom.F90,getEntities,function,public,8965
procedure,../scripts/../src/extlibs/xml/common/m_common_entities.F90,getEntityByIndex,function,public,91
procedure,../scripts/../src/extlibs/xml/common/m_common_entities.F90,getEntityByName,function,public,107
procedure,../scripts/../src/extlibs/xml/common/m_common_entities.F90,getEntityNameByIndex,function,private,99
procedure,../scripts/../src/main/simple_sym.f90,getevensym,subroutine,private,1869
procedure,../scripts/../src/extlibs/xml/dom/m_dom_dom.F90,getfirstChild,function,public,1161
procedure,../scripts/../src/extlibs/xml/dom/m_dom_dom.F90,getFoX_checks,function,public,5885
procedure,../scripts/../src/extlibs/xml/dom/m_dom_dom.F90,getGCstate,function,private,8819
procedure,../scripts/../src/extlibs/xml/dom/m_dom_dom.F90,getillFormed,function,public,10961
procedure,../scripts/../src/extlibs/xml/dom/m_dom_dom.F90,getImplementation,function,public,6041
procedure,../scripts/../src/extlibs/xml/dom/m_dom_dom.F90,getInputEncoding,function,public,7930
procedure,../scripts/../src/extlibs/xml/dom/m_dom_dom.F90,getInputEncoding_len,function,private,7919
procedure,../scripts/../src/extlibs/xml/dom/m_dom_dom.F90,getInternalSubset,function,public,9050
procedure,../scripts/../src/extlibs/xml/dom/m_dom_dom.F90,getInternalSubset_len,function,private,9035
procedure,../scripts/../src/extlibs/xml/dom/m_dom_dom.F90,getisElementContentWhitespace,function,public,11251
procedure,../scripts/../src/extlibs/xml/common/m_common_attrs.F90,getIsId_by_index,function,private,875
procedure,../scripts/../src/extlibs/xml/dom/m_dom_dom.F90,getisId_DOM,function,private,10262
procedure,../scripts/../src/extlibs/xml/dom/m_dom_dom.F90,getlastChild,function,public,1185
procedure,../scripts/../src/extlibs/xml/common/m_common_attrs.F90,getLength,function,private,185
procedure,../scripts/../src/extlibs/xml/dom/m_dom_dom.F90,getLength_characterdata,function,private,10452
procedure,../scripts/../src/extlibs/xml/dom/m_dom_dom.F90,getLength_nl,function,private,4894
procedure,../scripts/../src/extlibs/xml/dom/m_dom_dom.F90,getLength_nnm,function,private,5243
procedure,../scripts/../src/extlibs/xml/dom/m_dom_dom.F90,getliveNodeLists,function,public,8890
procedure,../scripts/../src/extlibs/xml/dom/m_dom_dom.F90,getLocalName,function,public,3564
procedure,../scripts/../src/extlibs/xml/dom/m_dom_dom.F90,getLocalName_len,function,private,3548
procedure,../scripts/../src/extlibs/xml/dom/m_dom_dom.F90,getname,function,public,11483
procedure,../scripts/../src/extlibs/xml/dom/m_dom_dom.F90,getname_len,function,private,11469
procedure,../scripts/../src/extlibs/xml/dom/m_dom_dom.F90,getNamedItem,function,public,4966
procedure,../scripts/../src/extlibs/xml/dom/m_dom_dom.F90,getNamedItemNS,function,public,5265
procedure,../scripts/../src/extlibs/xml/dom/m_dom_dom.F90,getnamespaceNodes,function,public,11642
procedure,../scripts/../src/extlibs/xml/dom/m_dom_dom.F90,getNamespaceURI,function,public,3322
procedure,../scripts/../src/extlibs/xml/dom/m_dom_dom.F90,getNamespaceURI_len,function,private,3306
procedure,../scripts/../src/extlibs/xml/dom/m_dom_dom.F90,getnextSibling,function,public,1233
procedure,../scripts/../src/extlibs/xml/dom/m_dom_dom.F90,getnodeName,function,public,972
procedure,../scripts/../src/extlibs/xml/dom/m_dom_dom.F90,getnodeName_len,function,private,961
procedure,../scripts/../src/extlibs/xml/dom/m_dom_dom.F90,getNodePath,function,public,4336
procedure,../scripts/../src/extlibs/xml/dom/m_dom_dom.F90,getnodeType,function,public,1089
procedure,../scripts/../src/extlibs/xml/dom/m_dom_dom.F90,getNodeValue,function,public,1017
procedure,../scripts/../src/extlibs/xml/dom/m_dom_dom.F90,getNodeValue_len,function,private,1000
procedure,../scripts/../src/extlibs/xml/dom/m_dom_dom.F90,getnotationName,function,public,10919
procedure,../scripts/../src/extlibs/xml/dom/m_dom_dom.F90,getnotationName_len,function,private,10906
procedure,../scripts/../src/extlibs/xml/dom/m_dom_dom.F90,getNotations,function,public,8997
procedure,../scripts/../src/extlibs/xml/common/m_common_namespaces.F90,getNumberOfPrefixes,function,public,795
procedure,../scripts/../src/extlibs/xml/dom/m_dom_dom.F90,getOwnerDocument,function,public,1281
procedure,../scripts/../src/extlibs/xml/dom/m_dom_dom.F90,getownerElement,function,public,10334
procedure,../scripts/../src/extlibs/xml/dom/m_dom_dom.F90,getParameter,function,public,614
procedure,../scripts/../src/extlibs/xml/dom/m_dom_dom.F90,getParameterNames,function,public,700
procedure,../scripts/../src/extlibs/xml/dom/m_dom_dom.F90,getparentNode,function,public,1113
procedure,../scripts/../src/extlibs/xml/dom/m_dom_dom.F90,getPrefix,function,public,3404
procedure,../scripts/../src/extlibs/xml/dom/m_dom_dom.F90,getPrefix_len,function,private,3388
procedure,../scripts/../src/extlibs/xml/common/m_common_namespaces.F90,getPrefixByIndex,function,public,802
procedure,../scripts/../src/extlibs/xml/common/m_common_namespaces.F90,getPrefixIndex,function,private,779
procedure,../scripts/../src/extlibs/xml/dom/m_dom_dom.F90,getpreviousSibling,function,public,1209
procedure,../scripts/../src/extlibs/xml/dom/m_dom_dom.F90,getpublicId,function,public,11540
procedure,../scripts/../src/extlibs/xml/dom/m_dom_dom.F90,getpublicId_len,function,private,11525
procedure,../scripts/../src/extlibs/xml/dom/m_dom_dom.F90,getreadonly,function,public,4729
procedure,../scripts/../src/extlibs/xml/dom/m_dom_dom.F90,getspecified,function,public,10190
procedure,../scripts/../src/extlibs/xml/dom/m_dom_dom.F90,getstrictErrorChecking,function,public,8059
procedure,../scripts/../src/extlibs/xml/dom/m_dom_dom.F90,getstringValue,function,public,11046
procedure,../scripts/../src/extlibs/xml/dom/m_dom_dom.F90,getstringValue_len,function,private,11033
procedure,../scripts/../src/extlibs/xml/dom/m_dom_dom.F90,getsystemId,function,public,11598
procedure,../scripts/../src/extlibs/xml/dom/m_dom_dom.F90,getsystemId_len,function,private,11583
procedure,../scripts/../src/extlibs/xml/dom/m_dom_dom.F90,gettagName,function,public,9106
procedure,../scripts/../src/extlibs/xml/dom/m_dom_dom.F90,gettagName_len,function,private,9093
procedure,../scripts/../src/extlibs/xml/dom/m_dom_dom.F90,getTarget,function,public,11138
procedure,../scripts/../src/extlibs/xml/dom/m_dom_dom.F90,getTarget_len,function,private,11125
procedure,../scripts/../src/utils/structs/simple_hash.f90,getter_1,subroutine,private,332
procedure,../scripts/../src/main/ori/simple_ori.f90,getter_1,subroutine,private,846
procedure,../scripts/../src/utils/structs/simple_hash.f90,getter_2,subroutine,private,340
procedure,../scripts/../src/main/ori/simple_ori.f90,getter_2,subroutine,private,854
procedure,../scripts/../src/utils/structs/simple_hash.f90,getter_3,subroutine,private,348
procedure,../scripts/../src/main/ori/simple_ori.f90,getter_3,subroutine,private,871
procedure,../scripts/../src/extlibs/xml/dom/m_dom_dom.F90,getTextContent,function,public,4068
procedure,../scripts/../src/extlibs/xml/dom/m_dom_dom.F90,getTextContent_len,function,private,4056
procedure,../scripts/../src/extlibs/xml/common/m_common_attrs.F90,getType_by_index,function,private,691
procedure,../scripts/../src/extlibs/xml/common/m_common_attrs.F90,getType_by_index_len,function,private,678
procedure,../scripts/../src/extlibs/xml/common/m_common_attrs.F90,getType_by_keyname,function,private,725
procedure,../scripts/../src/extlibs/xml/common/m_common_attrs.F90,getType_by_keyname_len,function,private,709
procedure,../scripts/../src/extlibs/xml/common/m_common_namespaces.F90,getURIofDefaultNS,function,private,738
procedure,../scripts/../src/extlibs/xml/common/m_common_namespaces.F90,getURIofPrefixedNS,function,private,811
procedure,../scripts/../src/extlibs/xml/dom/m_dom_dom.F90,getValue_DOM,function,private,10370
procedure,../scripts/../src/extlibs/xml/common/m_common_attrs.F90,getWhitespaceHandling,function,private,898
procedure,../scripts/../src/extlibs/xml/dom/m_dom_dom.F90,getXds,function,public,8797
procedure,../scripts/../src/extlibs/xml/dom/m_dom_dom.F90,getXmlEncoding,function,public,7880
procedure,../scripts/../src/extlibs/xml/dom/m_dom_dom.F90,getXmlEncoding_len,function,private,7869
procedure,../scripts/../src/extlibs/xml/dom/m_dom_dom.F90,getxmlStandalone,function,public,7710
procedure,../scripts/../src/extlibs/xml/dom/m_dom_dom.F90,getXmlVersion,function,public,7782
procedure,../scripts/../src/extlibs/xml/dom/m_dom_dom.F90,getXmlVersionEnum,function,private,8776
procedure,../scripts/../src/utils/math/simple_math.f90,great_circle_samples,function,private,1132
procedure,../scripts/../src/utils/math/simple_rnd.f90,greedy_sampling_1,function,private,225
procedure,../scripts/../src/utils/math/simple_rnd.f90,greedy_sampling_2,function,private,238
procedure,../scripts/../src/utils/math/simple_math.f90,hac_1d,subroutine,private,440
procedure,../scripts/../src/utils/math/simple_math.f90,hac_1d_fast,subroutine,private,539
procedure,../scripts/../src/utils/math/simple_math.f90,hac_med_thres,subroutine,private,342
procedure,../scripts/../src/utils/simple_jiffys.f90,haloween_end,subroutine,private,102
procedure,../scripts/../src/main/interp/simple_winfuns.f90,hann_apod,function,private,198
procedure,../scripts/../src/main/interp/simple_winfuns.f90,hann_instr,function,private,211
procedure,../scripts/../src/main/interp/simple_edges_sqwins.f90,hardedge_1,function,private,39
procedure,../scripts/../src/main/interp/simple_edges_sqwins.f90,hardedge_2,function,private,46
procedure,../scripts/../src/main/interp/simple_edges_sqwins.f90,hardedge_3,function,private,53
procedure,../scripts/../src/main/interp/simple_edges_sqwins.f90,hardedge_4,function,private,61
procedure,../scripts/../src/main/interp/simple_edges_sqwins.f90,hardedge_inner_1,function,private,102
procedure,../scripts/../src/main/interp/simple_edges_sqwins.f90,hardedge_inner_2,function,private,109
procedure,../scripts/../src/main/interp/simple_edges_sqwins.f90,hardedge_inner_3,function,private,118
procedure,../scripts/../src/main/interp/simple_edges_sqwins.f90,hardedge_inner_4,function,private,125
procedure,../scripts/../src/main/interp/simple_edges_sqwins.f90,hardedge_r2_2d,function,private,70
procedure,../scripts/../src/main/interp/simple_edges_sqwins.f90,hardedge_r2_3d,function,private,85
procedure,../scripts/../src/extlibs/xml/common/m_common_attrs.F90,has_key,function,private,197
procedure,../scripts/../src/extlibs/xml/common/m_common_attrs.F90,has_key_ns,function,private,217
procedure,../scripts/../src/main/simple_sym.f90,has_subgrp,function,private,241
procedure,../scripts/../src/extlibs/xml/dom/m_dom_dom.F90,hasAttribute,function,public,9983
procedure,../scripts/../src/extlibs/xml/dom/m_dom_dom.F90,hasAttributeNS,function,public,10028
procedure,../scripts/../src/extlibs/xml/dom/m_dom_dom.F90,hasAttributes,function,public,3139
procedure,../scripts/../src/extlibs/xml/dom/m_dom_dom.F90,hasChildNodes,function,public,2927
procedure,../scripts/../src/extlibs/xml/dom/m_dom_dom.F90,hasFeature,function,public,5562
procedure,../scripts/../src/utils/structs/simple_hash.f90,hash2str,function,private,388
procedure,../scripts/../src/utils/math/simple_linalg.f90,hermitian_eigh_z,subroutine,private,1175
procedure,../scripts/../src/utils/math/simple_linalg.f90,hermitian_invert_dp,subroutine,private,1074
procedure,../scripts/../src/utils/math/simple_linalg.f90,hermitian_invert_z,subroutine,private,1139
procedure,../scripts/../src/utils/math/simple_linalg.f90,hermitian_solve_dp,subroutine,private,1044
procedure,../scripts/../src/utils/math/simple_linalg.f90,hermitian_solve_z,subroutine,private,1106
procedure,../scripts/../src/extlibs/gnufor/gnufor2.f90,hist,subroutine,private,945
procedure,../scripts/../src/utils/simple_segmentation.f90,hough_line,subroutine,public,686
procedure,../scripts/../src/utils/math/simple_srch_sort_loc.f90,hpsort_1,subroutine,private,66
procedure,../scripts/../src/utils/math/simple_srch_sort_loc.f90,hpsort_2,subroutine,private,115
procedure,../scripts/../src/utils/math/simple_srch_sort_loc.f90,hpsort_3,subroutine,private,154
procedure,../scripts/../src/utils/math/simple_srch_sort_loc.f90,hpsort_4,subroutine,private,199
procedure,../scripts/../src/utils/math/simple_srch_sort_loc.f90,hpsort_5,subroutine,private,239
procedure,../scripts/../src/utils/math/simple_srch_sort_loc.f90,hpsort_6,subroutine,private,287
procedure,../scripts/../src/extlibs/gnufor/gnufor2.f90,image_1,subroutine,private,738
procedure,../scripts/../src/extlibs/gnufor/gnufor2.f90,image_2,subroutine,private,595
procedure,../scripts/../src/extlibs/gnufor/gnufor2.f90,image_3,subroutine,private,491
procedure,../scripts/../src/extlibs/gnufor/gnufor2.f90,image_4,subroutine,private,353
procedure,../scripts/../src/extlibs/gnufor/gnufor2.f90,image_5,subroutine,private,220
procedure,../scripts/../src/extlibs/gnufor/gnufor2.f90,image_6,subroutine,private,83
procedure,../scripts/../src/main/image/simple_image.f90,image_stack,type,private,2663
procedure,../scripts/../src/fileio/simple_fileio.f90,imat2file,subroutine,public,1008
procedure,../scripts/../src/extlibs/xml/dom/m_dom_dom.F90,importNode,function,public,6908
procedure,../scripts/../src/extlibs/xml/common/m_common_error.F90,in_error,function,public,179
procedure,../scripts/../src/main/ctf/simple_ctf.f90,init,subroutine,private,71
procedure,../scripts/../src/extlibs/xml/common/m_common_element.F90,init_attribute_list,subroutine,private,788
procedure,../scripts/../src/extlibs/xml/common/m_common_attrs.F90,init_dict,subroutine,private,961
procedure,../scripts/../src/extlibs/xml/common/m_common_element.F90,init_element_list,subroutine,private,171
procedure,../scripts/../src/extlibs/xml/common/m_common_elstack.F90,init_elstack,subroutine,private,51
procedure,../scripts/../src/extlibs/xml/common/m_common_entities.F90,init_entity_list,subroutine,private,138
procedure,../scripts/../src/extlibs/xml/common/m_common_error.F90,init_error_stack,subroutine,public,122
procedure,../scripts/../src/main/simple_abinitio_controller.f90,init_refine3D_iteration,subroutine,private,220
procedure,../scripts/../src/extlibs/xml/fsys/fox_m_fsys_string_list.F90,init_string_list,subroutine,private,36
procedure,../scripts/../src/extlibs/json/json_value_module.f90,initialize_json_core,function,private,828
procedure,../scripts/../src/extlibs/json/json_file_module.f90,initialize_json_core_in_file,subroutine,private,378
procedure,../scripts/../src/extlibs/json/json_file_module.f90,initialize_json_file,function,private,465
procedure,../scripts/../src/extlibs/json/json_file_module.f90,initialize_json_file_v2,function,private,514
procedure,../scripts/../src/extlibs/xml/common/m_common_namespaces.F90,initNamespaceDictionary,subroutine,private,71
procedure,../scripts/../src/main/ori/simple_ori.f90,inplrotdist,function,private,1666
procedure,../scripts/../src/utils/math/simple_ran_tabu.f90,insert,subroutine,private,60
procedure,../scripts/../src/extlibs/xml/dom/m_dom_dom.F90,insertBefore,function,public,1341
procedure,../scripts/../src/extlibs/xml/dom/m_dom_dom.F90,insertData,subroutine,public,10624
procedure,../scripts/../src/main/interp/simple_kbinterpol.f90,instr,function,private,397
procedure,../scripts/../src/utils/simple_string.f90,int2str,function,private,71
procedure,../scripts/../src/utils/simple_string_utils.f90,int2str,function,private,432
procedure,../scripts/../src/utils/simple_string_utils.f90,int2str_pad,function,private,442
procedure,../scripts/../src/extlibs/json/json_string_utilities.f90,integer_to_string,subroutine,public,83
procedure,../scripts/../src/utils/math/simple_ran_tabu.f90,irnd,function,private,94
procedure,../scripts/../src/utils/math/simple_rnd.f90,irnd_gasdev,function,private,347
procedure,../scripts/../src/utils/math/simple_ran_tabu.f90,irnd_gau,function,private,120
procedure,../scripts/../src/utils/math/simple_ran_tabu.f90,irnd_pair,subroutine,private,106
procedure,../scripts/../src/utils/math/simple_rnd.f90,irnd_uni,function,private,318
procedure,../scripts/../src/utils/math/simple_rnd.f90,irnd_uni_pair,function,private,336
procedure,../scripts/../src/utils/math/simple_ran_tabu.f90,is,function,private,71
procedure,../scripts/../src/extlibs/json/json_value_module.f90,is_child_of_callback,subroutine,private,2492
procedure,../scripts/../src/extlibs/xml/common/m_common_elstack.F90,is_empty_elstack,function,private,100
procedure,../scripts/../src/utils/simple_is_check_assert.f90,is_even_2,function,public,50
procedure,../scripts/../src/extlibs/xml/common/m_common_entities.F90,is_external_entity,function,private,310
procedure,../scripts/../src/main/ori/simple_ori.f90,is_particle,function,private,732
procedure,../scripts/../src/extlibs/xml/common/m_common_entities.F90,is_unparsed_entity_,function,private,301
procedure,../scripts/../src/extlibs/xml/common/m_common_entities.F90,is_unparsed_entity_from_list,function,private,284
procedure,../scripts/../src/extlibs/xml/dom/m_dom_dom.F90,isCharData,function,private,10442
procedure,../scripts/../src/extlibs/xml/common/m_common_attrs.F90,isDeclared_by_index,function,private,809
procedure,../scripts/../src/extlibs/xml/common/m_common_attrs.F90,isDeclared_by_key,function,private,825
procedure,../scripts/../src/extlibs/xml/common/m_common_attrs.F90,isDeclared_by_keyNS,function,private,843
procedure,../scripts/../src/extlibs/xml/dom/m_dom_dom.F90,isDefaultNamespace,function,public,3792
procedure,../scripts/../src/extlibs/xml/common/m_common_namespaces.F90,isDefaultNSInForce,function,public,766
procedure,../scripts/../src/extlibs/xml/dom/m_dom_dom.F90,isEqualNode,function,public,3594
procedure,../scripts/../src/extlibs/xml/common/m_common_namespaces.F90,isPrefixInForce,function,public,748
procedure,../scripts/../src/extlibs/xml/dom/m_dom_dom.F90,isSameNode,function,public,3761
procedure,../scripts/../src/extlibs/xml/common/m_common_attrs.F90,isSpecified_by_index,function,private,744
procedure,../scripts/../src/extlibs/xml/common/m_common_attrs.F90,isSpecified_by_key,function,private,760
procedure,../scripts/../src/extlibs/xml/common/m_common_attrs.F90,isSpecified_by_keyNS,function,private,790
procedure,../scripts/../src/extlibs/xml/dom/m_dom_dom.F90,isSupported,function,public,3284
procedure,../scripts/../src/utils/structs/simple_chash.f90,isthere,function,private,371
procedure,../scripts/../src/main/ori/simple_ori.f90,isthere,function,private,998
procedure,../scripts/../src/extlibs/xml/dom/m_dom_dom.F90,item_nl,function,private,4755
procedure,../scripts/../src/extlibs/xml/dom/m_dom_dom.F90,item_nnm,function,private,5217
procedure,../scripts/../src/utils/math/simple_linalg.f90,jacobi_dp,subroutine,private,427
procedure,../scripts/../src/utils/math/simple_linalg.f90,jacobi_sp,subroutine,private,405
procedure,../scripts/../src/utils/simple_imgarr_utils.f90,join_imgarrs,function,public,81
procedure,../scripts/../src/extlibs/json/json_value_module.f90,json_add_double_by_path,subroutine,private,3509
procedure,../scripts/../src/extlibs/json/json_value_module.f90,json_add_double_vec_by_path,subroutine,private,3947
procedure,../scripts/../src/extlibs/json/json_value_module.f90,json_add_integer_by_path,subroutine,private,3422
procedure,../scripts/../src/extlibs/json/json_value_module.f90,json_add_integer_vec_by_path,subroutine,private,3819
procedure,../scripts/../src/extlibs/json/json_value_module.f90,json_add_logical_by_path,subroutine,private,3596
procedure,../scripts/../src/extlibs/json/json_value_module.f90,json_add_logical_vec_by_path,subroutine,private,3883
procedure,../scripts/../src/extlibs/json/json_value_module.f90,json_add_member_by_path,subroutine,private,3336
procedure,../scripts/../src/extlibs/json/json_value_module.f90,json_add_string_by_path,subroutine,private,3683
procedure,../scripts/../src/extlibs/json/json_value_module.f90,json_add_string_by_path_path_ascii,subroutine,private,3773
procedure,../scripts/../src/extlibs/json/json_value_module.f90,json_add_string_by_path_value_ascii,subroutine,private,3796
procedure,../scripts/../src/extlibs/json/json_value_module.f90,json_add_string_vec_by_path,subroutine,private,4014
procedure,../scripts/../src/extlibs/json/json_value_module.f90,json_add_string_vec_by_path_path_ascii,subroutine,private,4157
procedure,../scripts/../src/extlibs/json/json_value_module.f90,json_add_string_vec_by_path_value_ascii,subroutine,private,4128
procedure,../scripts/../src/extlibs/json/json_value_module.f90,json_array_callback_func,subroutine,private,775
procedure,../scripts/../src/extlibs/json/json_value_module.f90,json_check_all_for_duplicate_keys,subroutine,private,5159
procedure,../scripts/../src/extlibs/json/json_value_module.f90,json_check_children_for_duplicate_keys,subroutine,private,5036
procedure,../scripts/../src/extlibs/json/json_value_module.f90,json_check_for_errors,subroutine,private,1914
procedure,../scripts/../src/extlibs/json/json_value_module.f90,json_clear_exceptions,subroutine,private,1820
procedure,../scripts/../src/extlibs/json/json_value_module.f90,json_clone,subroutine,private,1151
procedure,../scripts/../src/extlibs/json/json_value_module.f90,json_count,function,private,4722
procedure,../scripts/../src/extlibs/json/json_value_module.f90,json_create_by_path,subroutine,private,6238
procedure,../scripts/../src/extlibs/json/json_value_module.f90,json_failed,function,private,1986
procedure,../scripts/../src/extlibs/json/json_file_module.f90,json_file_add_double,subroutine,private,1586
procedure,../scripts/../src/extlibs/json/json_file_module.f90,json_file_add_double_vec,subroutine,private,1628
procedure,../scripts/../src/extlibs/json/json_file_module.f90,json_file_add_integer,subroutine,private,1502
procedure,../scripts/../src/extlibs/json/json_file_module.f90,json_file_add_integer_vec,subroutine,private,1544
procedure,../scripts/../src/extlibs/json/json_file_module.f90,json_file_add_logical,subroutine,private,1670
procedure,../scripts/../src/extlibs/json/json_file_module.f90,json_file_add_logical_vec,subroutine,private,1712
procedure,../scripts/../src/extlibs/json/json_file_module.f90,json_file_add_object,subroutine,private,1460
procedure,../scripts/../src/extlibs/json/json_file_module.f90,json_file_add_string,subroutine,private,1754
procedure,../scripts/../src/extlibs/json/json_file_module.f90,json_file_add_string_path_ascii,subroutine,private,1803
procedure,../scripts/../src/extlibs/json/json_file_module.f90,json_file_add_string_value_ascii,subroutine,private,1830
procedure,../scripts/../src/extlibs/json/json_file_module.f90,json_file_add_string_vec,subroutine,private,1857
procedure,../scripts/../src/extlibs/json/json_file_module.f90,json_file_add_string_vec_path_ascii,subroutine,private,1916
procedure,../scripts/../src/extlibs/json/json_file_module.f90,json_file_add_string_vec_vec_ascii,subroutine,private,1945
procedure,../scripts/../src/extlibs/json/json_file_module.f90,json_file_check_for_errors,subroutine,private,316
procedure,../scripts/../src/extlibs/json/json_file_module.f90,json_file_clear_exceptions,subroutine,private,340
procedure,../scripts/../src/extlibs/json/json_file_module.f90,json_file_destroy,subroutine,private,545
procedure,../scripts/../src/extlibs/json/json_file_module.f90,json_file_failed,function,private,300
procedure,../scripts/../src/extlibs/json/json_file_module.f90,json_file_get_alloc_string_vec,subroutine,private,1416
procedure,../scripts/../src/extlibs/json/json_file_module.f90,json_file_get_double,subroutine,private,1186
procedure,../scripts/../src/extlibs/json/json_file_module.f90,json_file_get_double_vec,subroutine,private,1224
procedure,../scripts/../src/extlibs/json/json_file_module.f90,json_file_get_integer,subroutine,private,1110
procedure,../scripts/../src/extlibs/json/json_file_module.f90,json_file_get_integer_vec,subroutine,private,1148
procedure,../scripts/../src/extlibs/json/json_file_module.f90,json_file_get_logical,subroutine,private,1262
procedure,../scripts/../src/extlibs/json/json_file_module.f90,json_file_get_logical_vec,subroutine,private,1300
procedure,../scripts/../src/extlibs/json/json_file_module.f90,json_file_get_object,subroutine,private,1072
procedure,../scripts/../src/extlibs/json/json_file_module.f90,json_file_get_root,subroutine,private,892
procedure,../scripts/../src/extlibs/json/json_file_module.f90,json_file_get_string,subroutine,private,1339
procedure,../scripts/../src/extlibs/json/json_file_module.f90,json_file_get_string_vec,subroutine,private,1377
procedure,../scripts/../src/extlibs/json/json_file_module.f90,json_file_load,subroutine,private,618
procedure,../scripts/../src/extlibs/json/json_file_module.f90,json_file_load_from_string,subroutine,private,645
procedure,../scripts/../src/extlibs/json/json_file_module.f90,json_file_move_pointer,subroutine,private,571
procedure,../scripts/../src/extlibs/json/json_file_module.f90,json_file_print_1,subroutine,private,696
procedure,../scripts/../src/extlibs/json/json_file_module.f90,json_file_print_2,subroutine,private,730
procedure,../scripts/../src/extlibs/json/json_file_module.f90,json_file_print_error_message,subroutine,private,355
procedure,../scripts/../src/extlibs/json/json_file_module.f90,json_file_print_to_console,subroutine,private,679
procedure,../scripts/../src/extlibs/json/json_file_module.f90,json_file_print_to_string,subroutine,private,758
procedure,../scripts/../src/extlibs/json/json_file_module.f90,json_file_remove,subroutine,private,2217
procedure,../scripts/../src/extlibs/json/json_file_module.f90,json_file_rename,subroutine,private,995
procedure,../scripts/../src/extlibs/json/json_file_module.f90,json_file_rename_name_ascii,subroutine,private,1052
procedure,../scripts/../src/extlibs/json/json_file_module.f90,json_file_rename_path_ascii,subroutine,private,1033
procedure,../scripts/../src/extlibs/json/json_file_module.f90,json_file_traverse,subroutine,private,2197
procedure,../scripts/../src/extlibs/json/json_file_module.f90,json_file_update_integer,subroutine,private,1980
procedure,../scripts/../src/extlibs/json/json_file_module.f90,json_file_update_logical,subroutine,private,2023
procedure,../scripts/../src/extlibs/json/json_file_module.f90,json_file_update_real,subroutine,private,2066
procedure,../scripts/../src/extlibs/json/json_file_module.f90,json_file_update_string,subroutine,private,2109
procedure,../scripts/../src/extlibs/json/json_file_module.f90,json_file_update_string_name_ascii,subroutine,private,2151
procedure,../scripts/../src/extlibs/json/json_file_module.f90,json_file_update_string_val_ascii,subroutine,private,2172
procedure,../scripts/../src/extlibs/json/json_file_module.f90,json_file_valid_path,function,private,959
procedure,../scripts/../src/extlibs/json/json_file_module.f90,json_file_valid_path_op,function,private,909
procedure,../scripts/../src/extlibs/json/json_file_module.f90,json_file_variable_info,subroutine,private,780
procedure,../scripts/../src/extlibs/json/json_file_module.f90,json_file_variable_matrix_info,subroutine,private,830
procedure,../scripts/../src/extlibs/json/json_value_module.f90,json_get_alloc_string_vec,subroutine,private,8750
procedure,../scripts/../src/extlibs/json/json_value_module.f90,json_get_alloc_string_vec_by_path,subroutine,private,8835
procedure,../scripts/../src/extlibs/json/json_value_module.f90,json_get_array,subroutine,private,8899
procedure,../scripts/../src/extlibs/json/json_value_module.f90,json_get_array_by_path,subroutine,private,9011
procedure,../scripts/../src/extlibs/json/json_value_module.f90,json_get_by_path,subroutine,private,6181
procedure,../scripts/../src/extlibs/json/json_value_module.f90,json_get_by_path_default,subroutine,private,6473
procedure,../scripts/../src/extlibs/json/json_value_module.f90,json_get_by_path_jsonpath_bracket,subroutine,private,7029
procedure,../scripts/../src/extlibs/json/json_value_module.f90,json_get_by_path_rfc6901,subroutine,private,6818
procedure,../scripts/../src/extlibs/json/json_value_module.f90,json_get_double,subroutine,private,7995
procedure,../scripts/../src/extlibs/json/json_value_module.f90,json_get_double_by_path,subroutine,private,8047
procedure,../scripts/../src/extlibs/json/json_value_module.f90,json_get_double_vec,subroutine,private,8118
procedure,../scripts/../src/extlibs/json/json_value_module.f90,json_get_double_vec_by_path,subroutine,private,8173
procedure,../scripts/../src/extlibs/json/json_value_module.f90,json_get_integer,subroutine,private,7769
procedure,../scripts/../src/extlibs/json/json_value_module.f90,json_get_integer_by_path,subroutine,private,7821
procedure,../scripts/../src/extlibs/json/json_value_module.f90,json_get_integer_vec,subroutine,private,7887
procedure,../scripts/../src/extlibs/json/json_value_module.f90,json_get_integer_vec_by_path,subroutine,private,7942
procedure,../scripts/../src/extlibs/json/json_value_module.f90,json_get_logical,subroutine,private,8233
procedure,../scripts/../src/extlibs/json/json_value_module.f90,json_get_logical_by_path,subroutine,private,8275
procedure,../scripts/../src/extlibs/json/json_value_module.f90,json_get_logical_vec,subroutine,private,8346
procedure,../scripts/../src/extlibs/json/json_value_module.f90,json_get_logical_vec_by_path,subroutine,private,8401
procedure,../scripts/../src/extlibs/json/json_value_module.f90,json_get_next,subroutine,private,4775
procedure,../scripts/../src/extlibs/json/json_value_module.f90,json_get_parent,subroutine,private,4749
procedure,../scripts/../src/extlibs/json/json_value_module.f90,json_get_path,subroutine,private,7442
procedure,../scripts/../src/extlibs/json/json_value_module.f90,json_get_previous,subroutine,private,4801
procedure,../scripts/../src/extlibs/json/json_value_module.f90,json_get_string,subroutine,private,8454
procedure,../scripts/../src/extlibs/json/json_value_module.f90,json_get_string_by_path,subroutine,private,8549
procedure,../scripts/../src/extlibs/json/json_value_module.f90,json_get_string_vec,subroutine,private,8622
procedure,../scripts/../src/extlibs/json/json_value_module.f90,json_get_string_vec_by_path,subroutine,private,8685
procedure,../scripts/../src/extlibs/json/json_value_module.f90,json_get_tail,subroutine,private,4828
procedure,../scripts/../src/extlibs/json/json_value_module.f90,json_info,subroutine,private,1267
procedure,../scripts/../src/extlibs/json/json_value_module.f90,json_info_by_path,subroutine,private,1456
procedure,../scripts/../src/extlibs/json/json_value_module.f90,json_initialize,subroutine,private,885
procedure,../scripts/../src/extlibs/json/json_value_module.f90,json_matrix_info,subroutine,private,1561
procedure,../scripts/../src/extlibs/json/json_value_module.f90,json_matrix_info_by_path,subroutine,private,1680
procedure,../scripts/../src/extlibs/json/json_value_module.f90,json_parse_file,subroutine,private,9099
procedure,../scripts/../src/extlibs/json/json_value_module.f90,json_parse_string,subroutine,private,9205
procedure,../scripts/../src/extlibs/json/json_value_module.f90,json_print_error_message,subroutine,private,10740
procedure,../scripts/../src/extlibs/json/json_value_module.f90,json_print_to_filename,subroutine,private,5710
procedure,../scripts/../src/extlibs/json/json_value_module.f90,json_print_to_unit,subroutine,private,5683
procedure,../scripts/../src/extlibs/json/json_value_module.f90,json_print_value_fast,subroutine,private,5294
procedure,../scripts/../src/extlibs/json/json_value_module.f90,json_print_value_fast_impl,subroutine,private,5344
procedure,../scripts/../src/extlibs/json/json_value_module.f90,json_rename_by_path,subroutine,private,6328
procedure,../scripts/../src/extlibs/json/json_value_module.f90,json_rename_by_path_name_ascii,subroutine,private,6391
procedure,../scripts/../src/extlibs/json/json_value_module.f90,json_rename_by_path_path_ascii,subroutine,private,6410
procedure,../scripts/../src/extlibs/json/json_value_module.f90,json_string_info,subroutine,private,1296
procedure,../scripts/../src/extlibs/json/json_value_module.f90,json_throw_exception,subroutine,private,1846
procedure,../scripts/../src/extlibs/json/json_value_module.f90,json_traverse,subroutine,private,8950
procedure,../scripts/../src/extlibs/json/json_value_module.f90,json_traverse_callback_func,subroutine,private,785
procedure,../scripts/../src/extlibs/json/json_value_module.f90,json_update_double,subroutine,private,2884
procedure,../scripts/../src/extlibs/json/json_value_module.f90,json_update_integer,subroutine,private,2946
procedure,../scripts/../src/extlibs/json/json_value_module.f90,json_update_logical,subroutine,private,2822
procedure,../scripts/../src/extlibs/json/json_value_module.f90,json_update_string,subroutine,private,3008
procedure,../scripts/../src/extlibs/json/json_value_module.f90,json_update_string_name_ascii,subroutine,private,3074
procedure,../scripts/../src/extlibs/json/json_value_module.f90,json_update_string_val_ascii,subroutine,private,3098
procedure,../scripts/../src/extlibs/json/json_value_module.f90,json_valid_path,function,private,6137
procedure,../scripts/../src/extlibs/json/json_value_module.f90,json_value_add_double,subroutine,private,4191
procedure,../scripts/../src/extlibs/json/json_value_module.f90,json_value_add_double_vec,subroutine,private,4238
procedure,../scripts/../src/extlibs/json/json_value_module.f90,json_value_add_integer,subroutine,private,4334
procedure,../scripts/../src/extlibs/json/json_value_module.f90,json_value_add_integer_vec,subroutine,private,4381
procedure,../scripts/../src/extlibs/json/json_value_module.f90,json_value_add_logical,subroutine,private,4434
procedure,../scripts/../src/extlibs/json/json_value_module.f90,json_value_add_logical_vec,subroutine,private,4481
procedure,../scripts/../src/extlibs/json/json_value_module.f90,json_value_add_member,subroutine,private,3122
procedure,../scripts/../src/extlibs/json/json_value_module.f90,json_value_add_null,subroutine,private,4289
procedure,../scripts/../src/extlibs/json/json_value_module.f90,json_value_add_string,subroutine,private,4534
procedure,../scripts/../src/extlibs/json/json_value_module.f90,json_value_add_string_name_ascii,subroutine,private,4580
procedure,../scripts/../src/extlibs/json/json_value_module.f90,json_value_add_string_val_ascii,subroutine,private,4600
procedure,../scripts/../src/extlibs/json/json_value_module.f90,json_value_add_string_vec,subroutine,private,4625
procedure,../scripts/../src/extlibs/json/json_value_module.f90,json_value_add_string_vec_name_ascii,subroutine,private,4677
procedure,../scripts/../src/extlibs/json/json_value_module.f90,json_value_add_string_vec_val_ascii,subroutine,private,4697
procedure,../scripts/../src/extlibs/json/json_value_module.f90,json_value_clone_func,subroutine,private,1175
procedure,../scripts/../src/extlibs/json/json_value_module.f90,json_value_create,subroutine,private,2016
procedure,../scripts/../src/extlibs/json/json_value_module.f90,json_value_create_array,subroutine,private,9874
procedure,../scripts/../src/extlibs/json/json_value_module.f90,json_value_create_double,subroutine,private,9675
procedure,../scripts/../src/extlibs/json/json_value_module.f90,json_value_create_integer,subroutine,private,9626
procedure,../scripts/../src/extlibs/json/json_value_module.f90,json_value_create_logical,subroutine,private,9578
procedure,../scripts/../src/extlibs/json/json_value_module.f90,json_value_create_null,subroutine,private,9777
procedure,../scripts/../src/extlibs/json/json_value_module.f90,json_value_create_object,subroutine,private,9827
procedure,../scripts/../src/extlibs/json/json_value_module.f90,json_value_create_string,subroutine,private,9724
procedure,../scripts/../src/extlibs/json/json_value_module.f90,json_value_destroy,subroutine,private,2049
procedure,../scripts/../src/extlibs/json/json_value_module.f90,json_value_get_child,subroutine,private,4920
procedure,../scripts/../src/extlibs/json/json_value_module.f90,json_value_get_child_by_index,subroutine,private,4851
procedure,../scripts/../src/extlibs/json/json_value_module.f90,json_value_get_child_by_name,subroutine,private,4948
procedure,../scripts/../src/extlibs/json/json_value_module.f90,json_value_insert_after,subroutine,private,3218
procedure,../scripts/../src/extlibs/json/json_value_module.f90,json_value_insert_after_child_by_index,subroutine,private,3301
procedure,../scripts/../src/extlibs/json/json_value_module.f90,json_value_is_child_of,function,private,2471
procedure,../scripts/../src/extlibs/json/json_value_module.f90,json_value_print,subroutine,private,5743
procedure,../scripts/../src/extlibs/json/json_value_module.f90,json_value_remove,subroutine,private,2149
procedure,../scripts/../src/extlibs/json/json_value_module.f90,json_value_remove_if_present,subroutine,private,2778
procedure,../scripts/../src/extlibs/json/json_value_module.f90,json_value_rename,subroutine,private,1778
procedure,../scripts/../src/extlibs/json/json_value_module.f90,json_value_replace,subroutine,private,2231
procedure,../scripts/../src/extlibs/json/json_value_module.f90,json_value_reverse,subroutine,private,2263
procedure,../scripts/../src/extlibs/json/json_value_module.f90,json_value_swap,subroutine,private,2328
procedure,../scripts/../src/extlibs/json/json_value_module.f90,json_value_to_string,subroutine,private,5254
procedure,../scripts/../src/extlibs/json/json_value_module.f90,json_value_to_string_fast,subroutine,private,5274
procedure,../scripts/../src/extlibs/json/json_value_module.f90,json_value_validate,subroutine,private,2528
procedure,../scripts/../src/main/interp/simple_winfuns.f90,kb_apod,function,private,234
procedure,../scripts/../src/main/interp/simple_winfuns.f90,kb_instr,function,private,248
procedure,../scripts/../src/utils/math/simple_ran_tabu.f90,kill,subroutine,private,266
procedure,../scripts/../src/main/stream/simple_stream_watcher.f90,kill,subroutine,private,396
procedure,../scripts/../src/utils/structs/simple_hash.f90,kill,subroutine,private,453
procedure,../scripts/../src/utils/simple_string.f90,kill,subroutine,private,537
procedure,../scripts/../src/utils/structs/simple_chash.f90,kill,subroutine,private,664
procedure,../scripts/../src/utils/qsys/simple_qsys_ctrl.f90,kill,subroutine,private,1181
procedure,../scripts/../src/main/ori/simple_ori.f90,kill,subroutine,private,1695
procedure,../scripts/../src/main/simple_sym.f90,kill,subroutine,private,1899
procedure,../scripts/../src/main/simple_eul_prob_tab_utils.f90,kill_candidate_buffer,subroutine,private,120
procedure,../scripts/../src/main/simple_eul_prob_tab_utils.f90,kill_candidate_store,subroutine,private,170
procedure,../scripts/../src/main/ori/simple_ori.f90,kill_chash,subroutine,private,1690
procedure,../scripts/../src/main/ori/simple_ori.f90,kill_hash,subroutine,private,1685
procedure,../scripts/../src/main/strategies/search/simple_matcher_ptcl_io.f90,killimgbatch,subroutine,private,113
procedure,../scripts/../src/extlibs/xml/wkml/m_wkml_lowlevel.F90,kmlAddaddress,subroutine,private,199
procedure,../scripts/../src/extlibs/xml/wkml/m_wkml_lowlevel.F90,kmlAddaltitude,subroutine,private,499
procedure,../scripts/../src/extlibs/xml/wkml/m_wkml_lowlevel.F90,kmlAddaltitudeMode,subroutine,private,249
procedure,../scripts/../src/extlibs/xml/wkml/m_wkml_styling.F90,kmlAddBalloonStyle,subroutine,private,549
procedure,../scripts/../src/extlibs/xml/wkml/m_wkml_lowlevel.F90,kmlAddbegin,subroutine,private,297
procedure,../scripts/../src/extlibs/xml/wkml/m_wkml_color.F90,kmlAddBgColor_c,subroutine,private,112
procedure,../scripts/../src/extlibs/xml/wkml/m_wkml_color.F90,kmlAddBgColor_h,subroutine,private,122
procedure,../scripts/../src/extlibs/xml/wkml/m_wkml_chart.F90,kmlAddChart_dp,subroutine,private,64
procedure,../scripts/../src/extlibs/xml/wkml/m_wkml_chart.F90,kmlAddChart_sp,subroutine,private,20
procedure,../scripts/../src/extlibs/xml/wkml/m_wkml_color.F90,kmlAddColor_c,subroutine,private,82
procedure,../scripts/../src/extlibs/xml/wkml/m_wkml_color.F90,kmlAddColor_h,subroutine,private,92
procedure,../scripts/../src/extlibs/xml/wkml/m_wkml_lowlevel.F90,kmlAddcolorMode,subroutine,private,316
procedure,../scripts/../src/extlibs/xml/wkml/m_wkml_lowlevel.F90,kmlAddcookie,subroutine,private,338
procedure,../scripts/../src/extlibs/xml/wkml/m_wkml_lowlevel.F90,kmlAddCoordinates_array_dp,subroutine,private,1054
procedure,../scripts/../src/extlibs/xml/wkml/m_wkml_lowlevel.F90,kmlAddCoordinates_array_sp,subroutine,private,1010
procedure,../scripts/../src/extlibs/xml/wkml/m_wkml_lowlevel.F90,kmlAddcoordinates_dp,subroutine,private,733
procedure,../scripts/../src/extlibs/xml/wkml/m_wkml_lowlevel.F90,kmlAddcoordinates_sp,subroutine,private,718
procedure,../scripts/../src/extlibs/xml/wkml/m_wkml_lowlevel.F90,kmlAdddescription_ch,subroutine,private,216
procedure,../scripts/../src/extlibs/xml/wkml/m_wkml_lowlevel.F90,kmlAdddescription_dp,subroutine,private,237
procedure,../scripts/../src/extlibs/xml/wkml/m_wkml_lowlevel.F90,kmlAdddescription_sp,subroutine,private,225
procedure,../scripts/../src/extlibs/xml/wkml/m_wkml_lowlevel.F90,kmlAdddrawOrder,subroutine,private,365
procedure,../scripts/../src/extlibs/xml/wkml/m_wkml_lowlevel.F90,kmlAddeast,subroutine,private,392
procedure,../scripts/../src/extlibs/xml/wkml/m_wkml_lowlevel.F90,kmlAddend,subroutine,private,306
procedure,../scripts/../src/extlibs/xml/wkml/m_wkml_lowlevel.F90,kmlAddextrude,subroutine,private,139
procedure,../scripts/../src/extlibs/xml/wkml/m_wkml_lowlevel.F90,kmlAddfill,subroutine,private,150
procedure,../scripts/../src/extlibs/xml/wkml/m_wkml_lowlevel.F90,kmlAddflyToView,subroutine,private,191
procedure,../scripts/../src/extlibs/xml/wkml/m_wkml_lowlevel.F90,kmlAddheading,subroutine,private,411
procedure,../scripts/../src/extlibs/xml/wkml/m_wkml_lowlevel.F90,kmlAddhref,subroutine,private,435
procedure,../scripts/../src/extlibs/xml/wkml/m_wkml_lowlevel.F90,kmlAddIcon_href,subroutine,private,749
procedure,../scripts/../src/extlibs/xml/wkml/m_wkml_lowlevel.F90,kmlAddIcon_refresh,subroutine,private,759
procedure,../scripts/../src/extlibs/xml/wkml/m_wkml_lowlevel.F90,kmlAddIcon_view,subroutine,private,771
procedure,../scripts/../src/extlibs/xml/wkml/m_wkml_features.F90,kmlAddInnerBoundary_1d_dp,subroutine,private,1102
procedure,../scripts/../src/extlibs/xml/wkml/m_wkml_features.F90,kmlAddInnerBoundary_1d_sp,subroutine,private,1062
procedure,../scripts/../src/extlibs/xml/wkml/m_wkml_features.F90,kmlAddInnerBoundary_2d_dp,subroutine,private,1123
procedure,../scripts/../src/extlibs/xml/wkml/m_wkml_features.F90,kmlAddInnerBoundary_2d_sp,subroutine,private,1083
procedure,../scripts/../src/extlibs/xml/wkml/m_wkml_lowlevel.F90,kmlAddkey,subroutine,private,450
procedure,../scripts/../src/extlibs/xml/wkml/m_wkml_styling.F90,kmlAddLabelStyle_color,subroutine,private,535
procedure,../scripts/../src/extlibs/xml/wkml/m_wkml_styling.F90,kmlAddLabelStyle_scale,subroutine,private,524
procedure,../scripts/../src/extlibs/xml/wkml/m_wkml_lowlevel.F90,kmlAddlatitude_dp,subroutine,private,479
procedure,../scripts/../src/extlibs/xml/wkml/m_wkml_lowlevel.F90,kmlAddlatitude_sp,subroutine,private,489
procedure,../scripts/../src/extlibs/xml/wkml/m_wkml_styling.F90,kmlAddLegend,subroutine,public,733
procedure,../scripts/../src/extlibs/xml/wkml/m_wkml_styling.F90,kmlAddLineStyle,subroutine,private,501
procedure,../scripts/../src/extlibs/xml/wkml/m_wkml_lowlevel.F90,kmlAddlinkDescription,subroutine,private,356
procedure,../scripts/../src/extlibs/xml/wkml/m_wkml_lowlevel.F90,kmlAddlinkName,subroutine,private,347
procedure,../scripts/../src/extlibs/xml/wkml/m_wkml_lowlevel.F90,kmlAddlistItemType,subroutine,private,517
procedure,../scripts/../src/extlibs/xml/wkml/m_wkml_styling.F90,kmlAddListStyle_bgcolor,subroutine,private,561
procedure,../scripts/../src/extlibs/xml/wkml/m_wkml_lowlevel.F90,kmlAddlongitude_dp,subroutine,private,459
procedure,../scripts/../src/extlibs/xml/wkml/m_wkml_lowlevel.F90,kmlAddlongitude_sp,subroutine,private,469
procedure,../scripts/../src/extlibs/xml/wkml/m_wkml_lowlevel.F90,kmlAddmaxAltitude,subroutine,private,527
procedure,../scripts/../src/extlibs/xml/wkml/m_wkml_lowlevel.F90,kmlAddmaxFadeExtent,subroutine,private,585
procedure,../scripts/../src/extlibs/xml/wkml/m_wkml_lowlevel.F90,kmlAddmaxLodPixels,subroutine,private,565
procedure,../scripts/../src/extlibs/xml/wkml/m_wkml_lowlevel.F90,kmlAddmessage,subroutine,private,329
procedure,../scripts/../src/extlibs/xml/wkml/m_wkml_lowlevel.F90,kmlAddminAltitude,subroutine,private,536
procedure,../scripts/../src/extlibs/xml/wkml/m_wkml_lowlevel.F90,kmlAddminFadeExtent,subroutine,private,575
procedure,../scripts/../src/extlibs/xml/wkml/m_wkml_lowlevel.F90,kmlAddminLodPixels,subroutine,private,554
procedure,../scripts/../src/extlibs/xml/wkml/m_wkml_lowlevel.F90,kmlAddminRefreshPeriod,subroutine,private,508
procedure,../scripts/../src/extlibs/xml/wkml/m_wkml_lowlevel.F90,kmlAddname,subroutine,private,108
procedure,../scripts/../src/extlibs/xml/wkml/m_wkml_lowlevel.F90,kmlAddNamespace,subroutine,private,95
procedure,../scripts/../src/extlibs/xml/wkml/m_wkml_lowlevel.F90,kmlAddnorth,subroutine,private,374
procedure,../scripts/../src/extlibs/xml/wkml/m_wkml_lowlevel.F90,kmlAddopen,subroutine,private,117
procedure,../scripts/../src/extlibs/xml/wkml/m_wkml_lowlevel.F90,kmlAddoutline,subroutine,private,128
procedure,../scripts/../src/extlibs/xml/wkml/m_wkml_lowlevel.F90,kmlAddphoneNumber,subroutine,private,207
procedure,../scripts/../src/extlibs/xml/wkml/m_wkml_features.F90,kmlAddPoint_dp,subroutine,private,87
procedure,../scripts/../src/extlibs/xml/wkml/m_wkml_features.F90,kmlAddPoint_sp,subroutine,private,70
procedure,../scripts/../src/extlibs/xml/wkml/m_wkml_styling.F90,kmlAddPointStyle_s_dp,subroutine,private,213
procedure,../scripts/../src/extlibs/xml/wkml/m_wkml_styling.F90,kmlAddPointStyle_s_int,subroutine,private,161
procedure,../scripts/../src/extlibs/xml/wkml/m_wkml_styling.F90,kmlAddPointStyle_s_none_hd_dp,subroutine,private,141
procedure,../scripts/../src/extlibs/xml/wkml/m_wkml_styling.F90,kmlAddPointStyle_s_none_hd_int,subroutine,private,101
procedure,../scripts/../src/extlibs/xml/wkml/m_wkml_styling.F90,kmlAddPointStyle_s_none_hd_none,subroutine,private,82
procedure,../scripts/../src/extlibs/xml/wkml/m_wkml_styling.F90,kmlAddPointStyle_s_none_hd_sp,subroutine,private,121
procedure,../scripts/../src/extlibs/xml/wkml/m_wkml_styling.F90,kmlAddPointStyle_s_sp,subroutine,private,187
procedure,../scripts/../src/extlibs/xml/wkml/m_wkml_lowlevel.F90,kmlAddrange,subroutine,private,594
procedure,../scripts/../src/extlibs/xml/wkml/m_wkml_lowlevel.F90,kmlAddrefreshInterval,subroutine,private,271
procedure,../scripts/../src/extlibs/xml/wkml/m_wkml_lowlevel.F90,kmlAddrefreshMode,subroutine,private,263
procedure,../scripts/../src/extlibs/xml/wkml/m_wkml_lowlevel.F90,kmlAddrefreshVisibility,subroutine,private,183
procedure,../scripts/../src/extlibs/xml/wkml/m_wkml_lowlevel.F90,kmlAddrequest,subroutine,private,621
procedure,../scripts/../src/extlibs/xml/wkml/m_wkml_lowlevel.F90,kmlAddroll,subroutine,private,612
procedure,../scripts/../src/extlibs/xml/wkml/m_wkml_lowlevel.F90,kmlAddrotation,subroutine,private,634
procedure,../scripts/../src/extlibs/xml/wkml/m_wkml_lowlevel.F90,kmlAddScale_dp,subroutine,private,660
procedure,../scripts/../src/extlibs/xml/wkml/m_wkml_lowlevel.F90,kmlAddScale_int,subroutine,private,642
procedure,../scripts/../src/extlibs/xml/wkml/m_wkml_lowlevel.F90,kmlAddScale_sp,subroutine,private,651
procedure,../scripts/../src/extlibs/xml/wkml/m_wkml_lowlevel.F90,kmlAddsouth,subroutine,private,383
procedure,../scripts/../src/extlibs/xml/wkml/m_wkml_lowlevel.F90,kmlAddstate,subroutine,private,808
procedure,../scripts/../src/extlibs/xml/wkml/m_wkml_lowlevel.F90,kmlAddstyleUrl,subroutine,private,1002
procedure,../scripts/../src/extlibs/xml/wkml/m_wkml_lowlevel.F90,kmlAddtargetHref,subroutine,private,671
procedure,../scripts/../src/extlibs/xml/wkml/m_wkml_lowlevel.F90,kmlAddtessellate,subroutine,private,172
procedure,../scripts/../src/extlibs/xml/wkml/m_wkml_color.F90,kmlAddTextColor_c,subroutine,private,135
procedure,../scripts/../src/extlibs/xml/wkml/m_wkml_color.F90,kmlAddTextColor_h,subroutine,private,145
procedure,../scripts/../src/extlibs/xml/wkml/m_wkml_lowlevel.F90,kmlAddtilt,subroutine,private,603
procedure,../scripts/../src/extlibs/xml/wkml/m_wkml_lowlevel.F90,kmlAddviewBoundScale,subroutine,private,681
procedure,../scripts/../src/extlibs/xml/wkml/m_wkml_lowlevel.F90,kmlAddviewrefreshMode,subroutine,private,279
procedure,../scripts/../src/extlibs/xml/wkml/m_wkml_lowlevel.F90,kmlAddviewRefreshTime,subroutine,private,287
procedure,../scripts/../src/extlibs/xml/wkml/m_wkml_lowlevel.F90,kmlAddvisibility,subroutine,private,161
procedure,../scripts/../src/extlibs/xml/wkml/m_wkml_lowlevel.F90,kmlAddwest,subroutine,private,401
procedure,../scripts/../src/extlibs/xml/wkml/m_wkml_lowlevel.F90,kmlAddwhen,subroutine,private,694
procedure,../scripts/../src/extlibs/xml/wkml/m_wkml_lowlevel.F90,kmlAddwidth,subroutine,private,703
procedure,../scripts/../src/extlibs/xml/wkml/m_wkml_lowlevel.F90,kmlCloseAddressDetail,subroutine,private,823
procedure,../scripts/../src/extlibs/xml/wkml/m_wkml_styling.F90,kmlCloseBalloonStyle,subroutine,private,600
procedure,../scripts/../src/extlibs/xml/wkml/m_wkml_lowlevel.F90,kmlCloseChange,subroutine,private,835
procedure,../scripts/../src/extlibs/xml/wkml/m_wkml_styling.F90,kmlCloseColorStyle,subroutine,private,612
procedure,../scripts/../src/extlibs/xml/wkml/m_wkml_lowlevel.F90,kmlCloseContainer,subroutine,private,847
procedure,../scripts/../src/extlibs/xml/wkml/m_wkml_lowlevel.F90,kmlClosecoordinates,subroutine,private,791
procedure,../scripts/../src/extlibs/xml/wkml/m_wkml_lowlevel.F90,kmlCloseCreate,subroutine,private,859
procedure,../scripts/../src/extlibs/xml/wkml/m_wkml_lowlevel.F90,kmlCloseDelete,subroutine,private,871
procedure,../scripts/../src/extlibs/xml/wkml/m_wkml_lowlevel.F90,kmlCloseDocument,subroutine,private,888
procedure,../scripts/../src/extlibs/xml/wkml/m_wkml_lowlevel.F90,kmlCloseFeature,subroutine,private,923
procedure,../scripts/../src/extlibs/xml/wkml/m_wkml_lowlevel.F90,kmlCloseFolder,subroutine,private,908
procedure,../scripts/../src/extlibs/xml/wkml/m_wkml_lowlevel.F90,kmlCloseGeometry,subroutine,private,935
procedure,../scripts/../src/extlibs/xml/wkml/m_wkml_lowlevel.F90,kmlCloseGeometryCollection,subroutine,private,947
procedure,../scripts/../src/extlibs/xml/wkml/m_wkml_lowlevel.F90,kmlCloseGroundOverlay,subroutine,private,959
procedure,../scripts/../src/extlibs/xml/wkml/m_wkml_lowlevel.F90,kmlCloseIcon,subroutine,private,971
procedure,../scripts/../src/extlibs/xml/wkml/m_wkml_styling.F90,kmlCloseIconStyle,subroutine,private,624
procedure,../scripts/../src/extlibs/xml/wkml/m_wkml_lowlevel.F90,kmlCloseInnerBoundaryIs,subroutine,public,1525
procedure,../scripts/../src/extlibs/xml/wkml/m_wkml_lowlevel.F90,kmlCloseItemIcon,subroutine,private,801
procedure,../scripts/../src/extlibs/xml/wkml/m_wkml_styling.F90,kmlCloseLabelStyle,subroutine,private,588
procedure,../scripts/../src/extlibs/xml/wkml/m_wkml_lowlevel.F90,kmlCloseLatLonAltBox,subroutine,private,983
procedure,../scripts/../src/extlibs/xml/wkml/m_wkml_lowlevel.F90,kmlCloseLatLonBox,subroutine,private,995
procedure,../scripts/../src/extlibs/xml/wkml/m_wkml_lowlevel.F90,kmlCloseLinearRing,subroutine,public,1551
procedure,../scripts/../src/extlibs/xml/wkml/m_wkml_lowlevel.F90,kmlCloseLineString,subroutine,public,1578
procedure,../scripts/../src/extlibs/xml/wkml/m_wkml_styling.F90,kmlCloseLineStyle,subroutine,private,636
procedure,../scripts/../src/extlibs/xml/wkml/m_wkml_lowlevel.F90,kmlCloseLink,subroutine,private,1106
procedure,../scripts/../src/extlibs/xml/wkml/m_wkml_styling.F90,kmlCloseListStyle,subroutine,private,576
procedure,../scripts/../src/extlibs/xml/wkml/m_wkml_lowlevel.F90,kmlCloseLocation,subroutine,private,1118
procedure,../scripts/../src/extlibs/xml/wkml/m_wkml_lowlevel.F90,kmlCloseLod,subroutine,private,1130
procedure,../scripts/../src/extlibs/xml/wkml/m_wkml_lowlevel.F90,kmlCloseLookAt,subroutine,private,1142
procedure,../scripts/../src/extlibs/xml/wkml/m_wkml_lowlevel.F90,kmlCloseModel,subroutine,private,1154
procedure,../scripts/../src/extlibs/xml/wkml/m_wkml_lowlevel.F90,kmlCloseMultiGeometry,subroutine,private,1166
procedure,../scripts/../src/extlibs/xml/wkml/m_wkml_lowlevel.F90,kmlCloseNetworkLink,subroutine,private,1178
procedure,../scripts/../src/extlibs/xml/wkml/m_wkml_lowlevel.F90,kmlCloseNetworkLinkControl,subroutine,private,1190
procedure,../scripts/../src/extlibs/xml/wkml/m_wkml_lowlevel.F90,kmlCloseObjArrayField,subroutine,private,1216
procedure,../scripts/../src/extlibs/xml/wkml/m_wkml_lowlevel.F90,kmlCloseObject,subroutine,private,1204
procedure,../scripts/../src/extlibs/xml/wkml/m_wkml_lowlevel.F90,kmlCloseObjField,subroutine,private,1228
procedure,../scripts/../src/extlibs/xml/wkml/m_wkml_lowlevel.F90,kmlCloseOrientation,subroutine,private,1240
procedure,../scripts/../src/extlibs/xml/wkml/m_wkml_lowlevel.F90,kmlCloseouterBoundaryIs,subroutine,public,1513
procedure,../scripts/../src/extlibs/xml/wkml/m_wkml_lowlevel.F90,kmlCloseOverlay,subroutine,private,1252
procedure,../scripts/../src/extlibs/xml/wkml/m_wkml_lowlevel.F90,kmlClosePair,subroutine,private,1264
procedure,../scripts/../src/extlibs/xml/wkml/m_wkml_lowlevel.F90,kmlClosePlacemark,subroutine,private,1284
procedure,../scripts/../src/extlibs/xml/wkml/m_wkml_lowlevel.F90,kmlClosePoint,subroutine,private,1297
procedure,../scripts/../src/extlibs/xml/wkml/m_wkml_lowlevel.F90,kmlClosePolygon,subroutine,public,1604
procedure,../scripts/../src/extlibs/xml/wkml/m_wkml_styling.F90,kmlClosePolyStyle,subroutine,private,648
procedure,../scripts/../src/extlibs/xml/wkml/m_wkml_lowlevel.F90,kmlCloseRegion,subroutine,private,1310
procedure,../scripts/../src/extlibs/xml/wkml/m_wkml_lowlevel.F90,kmlCloseResponse,subroutine,private,1323
procedure,../scripts/../src/extlibs/xml/wkml/m_wkml_lowlevel.F90,kmlCloseScale,subroutine,private,1335
procedure,../scripts/../src/extlibs/xml/wkml/m_wkml_lowlevel.F90,kmlCloseSchema,subroutine,private,1351
procedure,../scripts/../src/extlibs/xml/wkml/m_wkml_lowlevel.F90,kmlCloseSchemaField,subroutine,private,1364
procedure,../scripts/../src/extlibs/xml/wkml/m_wkml_lowlevel.F90,kmlCloseScreenOverlay,subroutine,private,1376
procedure,../scripts/../src/extlibs/xml/wkml/m_wkml_lowlevel.F90,kmlCloseSimpleArrayField,subroutine,private,1389
procedure,../scripts/../src/extlibs/xml/wkml/m_wkml_lowlevel.F90,kmlCloseSimpleField,subroutine,private,1403
procedure,../scripts/../src/extlibs/xml/wkml/m_wkml_lowlevel.F90,kmlCloseSnippet,subroutine,private,1423
procedure,../scripts/../src/extlibs/xml/wkml/m_wkml_lowlevel.F90,kmlCloseStatus,subroutine,private,1435
procedure,../scripts/../src/extlibs/xml/wkml/m_wkml_styling.F90,kmlCloseStyle,subroutine,public,660
procedure,../scripts/../src/extlibs/xml/wkml/m_wkml_styling.F90,kmlCloseStyleMap,subroutine,private,672
procedure,../scripts/../src/extlibs/xml/wkml/m_wkml_styling.F90,kmlCloseStyleSelector,subroutine,private,688
procedure,../scripts/../src/extlibs/xml/wkml/m_wkml_lowlevel.F90,kmlCloseTimePrimitive,subroutine,private,1447
procedure,../scripts/../src/extlibs/xml/wkml/m_wkml_lowlevel.F90,kmlCloseTimeSpan,subroutine,private,1459
procedure,../scripts/../src/extlibs/xml/wkml/m_wkml_lowlevel.F90,kmlCloseTimeStamp,subroutine,private,1471
procedure,../scripts/../src/extlibs/xml/wkml/m_wkml_lowlevel.F90,kmlCloseUpdate,subroutine,private,1487
procedure,../scripts/../src/extlibs/xml/wkml/m_wkml_lowlevel.F90,kmlCloseUrl,subroutine,private,1500
procedure,../scripts/../src/extlibs/xml/wkml/m_wkml_coverage.F90,kmlcreateCells3_dp,subroutine,private,870
procedure,../scripts/../src/extlibs/xml/wkml/m_wkml_coverage.F90,kmlcreateCells3_sp,subroutine,private,1019
procedure,../scripts/../src/extlibs/xml/wkml/m_wkml_coverage.F90,kmlCreateCells_dp,subroutine,private,246
procedure,../scripts/../src/extlibs/xml/wkml/m_wkml_coverage.F90,kmlCreateCells_longlat2_dp,subroutine,private,753
procedure,../scripts/../src/extlibs/xml/wkml/m_wkml_coverage.F90,kmlCreateCells_longlat2_sp,subroutine,private,638
procedure,../scripts/../src/extlibs/xml/wkml/m_wkml_coverage.F90,kmlCreateCells_longlat_dp,subroutine,private,505
procedure,../scripts/../src/extlibs/xml/wkml/m_wkml_coverage.F90,kmlCreateCells_longlat_sp,subroutine,private,374
procedure,../scripts/../src/extlibs/xml/wkml/m_wkml_coverage.F90,kmlCreateCells_sp,subroutine,private,121
procedure,../scripts/../src/extlibs/xml/wkml/m_wkml_contours.F90,kmlCreateContours_longlat2_sp,subroutine,private,86
procedure,../scripts/../src/extlibs/xml/wkml/m_wkml_contours.F90,kmlCreateContours_longlat_sp,subroutine,private,62
procedure,../scripts/../src/extlibs/xml/wkml/m_wkml_contours.F90,kmlCreateContours_old,subroutine,private,140
procedure,../scripts/../src/extlibs/xml/wkml/m_wkml_contours.F90,kmlCreateContours_sp,subroutine,private,38
procedure,../scripts/../src/extlibs/xml/wkml/m_wkml_features.F90,kmlCreateLine_1d_dp,subroutine,private,746
procedure,../scripts/../src/extlibs/xml/wkml/m_wkml_features.F90,kmlCreateLine_1d_sp,subroutine,private,628
procedure,../scripts/../src/extlibs/xml/wkml/m_wkml_features.F90,kmlCreateLine_2d_dp,subroutine,private,824
procedure,../scripts/../src/extlibs/xml/wkml/m_wkml_features.F90,kmlCreateLine_2d_sp,subroutine,private,706
procedure,../scripts/../src/extlibs/xml/wkml/m_wkml_features.F90,kmlCreateLine_seg_sh_dp,subroutine,private,566
procedure,../scripts/../src/extlibs/xml/wkml/m_wkml_styling.F90,kmlCreateLineStyle,subroutine,public,455
procedure,../scripts/../src/extlibs/xml/wkml/m_wkml_styling.F90,kmlCreateLineStyle_old,subroutine,private,475
procedure,../scripts/../src/extlibs/xml/wkml/m_wkml_features.F90,kmlCreatePoints_0d_dp,subroutine,private,336
procedure,../scripts/../src/extlibs/xml/wkml/m_wkml_features.F90,kmlCreatePoints_0d_sp,subroutine,private,117
procedure,../scripts/../src/extlibs/xml/wkml/m_wkml_features.F90,kmlCreatePoints_1d_dp,subroutine,private,387
procedure,../scripts/../src/extlibs/xml/wkml/m_wkml_features.F90,kmlCreatePoints_1d_sp,subroutine,private,168
procedure,../scripts/../src/extlibs/xml/wkml/m_wkml_features.F90,kmlCreatePoints_2d_dp,subroutine,private,501
procedure,../scripts/../src/extlibs/xml/wkml/m_wkml_features.F90,kmlCreatePoints_2d_sp,subroutine,private,284
procedure,../scripts/../src/extlibs/xml/wkml/m_wkml_styling.F90,kmlCreatePointStyleOld,subroutine,private,237
procedure,../scripts/../src/extlibs/xml/wkml/m_wkml_styling.F90,kmlCreatePolygonStyle,subroutine,public,695
procedure,../scripts/../src/extlibs/xml/wkml/m_wkml_coverage.F90,kmlCreateRGBCells_dp,subroutine,private,62
procedure,../scripts/../src/extlibs/xml/wkml/m_wkml_coverage.F90,kmlCreateRGBCells_sp,subroutine,private,50
procedure,../scripts/../src/extlibs/xml/wkml/m_wkml_features.F90,kmlEndRegion,subroutine,public,1142
procedure,../scripts/../src/extlibs/xml/wkml/m_wkml_color.F90,kmlGetColor_byName,function,private,195
procedure,../scripts/../src/extlibs/xml/wkml/m_wkml_color.F90,kmlGetColor_index,function,private,180
procedure,../scripts/../src/extlibs/xml/wkml/m_wkml_color.F90,kmlGetColorHex,function,public,172
procedure,../scripts/../src/extlibs/xml/wkml/m_wkml_color.F90,kmlMakeColorMap,function,public,219
procedure,../scripts/../src/extlibs/xml/wkml/m_wkml_lowlevel.F90,kmlOpenAddressDetail,subroutine,private,816
procedure,../scripts/../src/extlibs/xml/wkml/m_wkml_styling.F90,kmlOpenBalloonStyle,subroutine,private,593
procedure,../scripts/../src/extlibs/xml/wkml/m_wkml_lowlevel.F90,kmlOpenChange,subroutine,private,828
procedure,../scripts/../src/extlibs/xml/wkml/m_wkml_styling.F90,kmlOpenColorStyle,subroutine,private,605
procedure,../scripts/../src/extlibs/xml/wkml/m_wkml_lowlevel.F90,kmlOpenContainer,subroutine,private,840
procedure,../scripts/../src/extlibs/xml/wkml/m_wkml_lowlevel.F90,kmlOpencoordinates,subroutine,private,786
procedure,../scripts/../src/extlibs/xml/wkml/m_wkml_lowlevel.F90,kmlOpenCreate,subroutine,private,852
procedure,../scripts/../src/extlibs/xml/wkml/m_wkml_lowlevel.F90,kmlOpenDelete,subroutine,private,864
procedure,../scripts/../src/extlibs/xml/wkml/m_wkml_lowlevel.F90,kmlOpenDocument,subroutine,private,877
procedure,../scripts/../src/extlibs/xml/wkml/m_wkml_lowlevel.F90,kmlOpenFeature,subroutine,private,916
procedure,../scripts/../src/extlibs/xml/wkml/m_wkml_lowlevel.F90,kmlOpenFolder,subroutine,private,895
procedure,../scripts/../src/extlibs/xml/wkml/m_wkml_lowlevel.F90,kmlOpenGeometry,subroutine,private,928
procedure,../scripts/../src/extlibs/xml/wkml/m_wkml_lowlevel.F90,kmlOpenGeometryCollection,subroutine,private,940
procedure,../scripts/../src/extlibs/xml/wkml/m_wkml_lowlevel.F90,kmlOpenGroundOverlay,subroutine,private,952
procedure,../scripts/../src/extlibs/xml/wkml/m_wkml_lowlevel.F90,kmlOpenIcon,subroutine,private,964
procedure,../scripts/../src/extlibs/xml/wkml/m_wkml_styling.F90,kmlOpenIconStyle,subroutine,private,617
procedure,../scripts/../src/extlibs/xml/wkml/m_wkml_lowlevel.F90,kmlOpenInnerBoundaryIs,subroutine,public,1518
procedure,../scripts/../src/extlibs/xml/wkml/m_wkml_lowlevel.F90,kmlOpenItemIcon,subroutine,private,796
procedure,../scripts/../src/extlibs/xml/wkml/m_wkml_styling.F90,kmlOpenLabelStyle,subroutine,private,581
procedure,../scripts/../src/extlibs/xml/wkml/m_wkml_lowlevel.F90,kmlOpenLatLonAltBox,subroutine,private,976
procedure,../scripts/../src/extlibs/xml/wkml/m_wkml_lowlevel.F90,kmlOpenLatLonBox,subroutine,private,988
procedure,../scripts/../src/extlibs/xml/wkml/m_wkml_lowlevel.F90,kmlOpenLinearRing,subroutine,public,1530
procedure,../scripts/../src/extlibs/xml/wkml/m_wkml_lowlevel.F90,kmlOpenLineString,subroutine,public,1557
procedure,../scripts/../src/extlibs/xml/wkml/m_wkml_styling.F90,kmlOpenLineStyle,subroutine,private,629
procedure,../scripts/../src/extlibs/xml/wkml/m_wkml_lowlevel.F90,kmlOpenLink,subroutine,private,1099
procedure,../scripts/../src/extlibs/xml/wkml/m_wkml_styling.F90,kmlOpenListStyle,subroutine,private,569
procedure,../scripts/../src/extlibs/xml/wkml/m_wkml_lowlevel.F90,kmlOpenLocation,subroutine,private,1111
procedure,../scripts/../src/extlibs/xml/wkml/m_wkml_lowlevel.F90,kmlOpenLod,subroutine,private,1123
procedure,../scripts/../src/extlibs/xml/wkml/m_wkml_lowlevel.F90,kmlOpenLookAt,subroutine,private,1135
procedure,../scripts/../src/extlibs/xml/wkml/m_wkml_lowlevel.F90,kmlOpenModel,subroutine,private,1147
procedure,../scripts/../src/extlibs/xml/wkml/m_wkml_lowlevel.F90,kmlOpenMultiGeometry,subroutine,private,1159
procedure,../scripts/../src/extlibs/xml/wkml/m_wkml_lowlevel.F90,kmlOpenNetworkLink,subroutine,private,1171
procedure,../scripts/../src/extlibs/xml/wkml/m_wkml_lowlevel.F90,kmlOpenNetworkLinkControl,subroutine,private,1183
procedure,../scripts/../src/extlibs/xml/wkml/m_wkml_lowlevel.F90,kmlOpenObjArrayField,subroutine,private,1209
procedure,../scripts/../src/extlibs/xml/wkml/m_wkml_lowlevel.F90,kmlOpenObject,subroutine,private,1196
procedure,../scripts/../src/extlibs/xml/wkml/m_wkml_lowlevel.F90,kmlOpenObjField,subroutine,private,1221
procedure,../scripts/../src/extlibs/xml/wkml/m_wkml_lowlevel.F90,kmlOpenOrientation,subroutine,private,1233
procedure,../scripts/../src/extlibs/xml/wkml/m_wkml_lowlevel.F90,kmlOpenOuterBoundaryIs,subroutine,public,1506
procedure,../scripts/../src/extlibs/xml/wkml/m_wkml_lowlevel.F90,kmlOpenOverlay,subroutine,private,1245
procedure,../scripts/../src/extlibs/xml/wkml/m_wkml_lowlevel.F90,kmlOpenPair,subroutine,private,1257
procedure,../scripts/../src/extlibs/xml/wkml/m_wkml_lowlevel.F90,kmlOpenPlacemark,subroutine,private,1270
procedure,../scripts/../src/extlibs/xml/wkml/m_wkml_lowlevel.F90,kmlOpenPoint,subroutine,private,1290
procedure,../scripts/../src/extlibs/xml/wkml/m_wkml_lowlevel.F90,kmlOpenPolygon,subroutine,public,1583
procedure,../scripts/../src/extlibs/xml/wkml/m_wkml_styling.F90,kmlOpenPolyStyle,subroutine,private,641
procedure,../scripts/../src/extlibs/xml/wkml/m_wkml_lowlevel.F90,kmlOpenRegion,subroutine,private,1303
procedure,../scripts/../src/extlibs/xml/wkml/m_wkml_lowlevel.F90,kmlOpenResponse,subroutine,private,1316
procedure,../scripts/../src/extlibs/xml/wkml/m_wkml_lowlevel.F90,kmlOpenScale,subroutine,private,1328
procedure,../scripts/../src/extlibs/xml/wkml/m_wkml_lowlevel.F90,kmlOpenSchema,subroutine,private,1342
procedure,../scripts/../src/extlibs/xml/wkml/m_wkml_lowlevel.F90,kmlOpenSchemaField,subroutine,private,1357
procedure,../scripts/../src/extlibs/xml/wkml/m_wkml_lowlevel.F90,kmlOpenScreenOverlay,subroutine,private,1369
procedure,../scripts/../src/extlibs/xml/wkml/m_wkml_lowlevel.F90,kmlOpenSimpleArrayField,subroutine,private,1382
procedure,../scripts/../src/extlibs/xml/wkml/m_wkml_lowlevel.F90,kmlOpenSimpleField,subroutine,private,1395
procedure,../scripts/../src/extlibs/xml/wkml/m_wkml_lowlevel.F90,kmlOpenSnippet,subroutine,private,1416
procedure,../scripts/../src/extlibs/xml/wkml/m_wkml_lowlevel.F90,kmlOpenStatus,subroutine,private,1428
procedure,../scripts/../src/extlibs/xml/wkml/m_wkml_styling.F90,kmlOpenStyle,subroutine,public,653
procedure,../scripts/../src/extlibs/xml/wkml/m_wkml_styling.F90,kmlOpenStyleMap,subroutine,private,665
procedure,../scripts/../src/extlibs/xml/wkml/m_wkml_styling.F90,kmlOpenStyleSelector,subroutine,private,681
procedure,../scripts/../src/extlibs/xml/wkml/m_wkml_lowlevel.F90,kmlOpenTimePrimitive,subroutine,private,1440
procedure,../scripts/../src/extlibs/xml/wkml/m_wkml_lowlevel.F90,kmlOpenTimeSpan,subroutine,private,1452
procedure,../scripts/../src/extlibs/xml/wkml/m_wkml_lowlevel.F90,kmlOpenTimeStamp,subroutine,private,1464
procedure,../scripts/../src/extlibs/xml/wkml/m_wkml_lowlevel.F90,kmlOpenUpdate,subroutine,private,1480
procedure,../scripts/../src/extlibs/xml/wkml/m_wkml_lowlevel.F90,kmlOpenUrl,subroutine,private,1493
procedure,../scripts/../src/extlibs/xml/wkml/m_wkml_contours.F90,kmlOutputContours,subroutine,private,111
procedure,../scripts/../src/extlibs/xml/wkml/m_wkml_color.F90,kmlSetCustomColor,subroutine,public,159
procedure,../scripts/../src/extlibs/xml/wkml/m_wkml_features.F90,kmlStartPolygon_1d_dp,subroutine,private,962
procedure,../scripts/../src/extlibs/xml/wkml/m_wkml_features.F90,kmlStartPolygon_1d_sp,subroutine,private,864
procedure,../scripts/../src/extlibs/xml/wkml/m_wkml_features.F90,kmlStartPolygon_2d_dp,subroutine,private,1018
procedure,../scripts/../src/extlibs/xml/wkml/m_wkml_features.F90,kmlStartPolygon_2d_sp,subroutine,private,919
procedure,../scripts/../src/utils/math/simple_stat.f90,kstwo,subroutine,private,1061
procedure,../scripts/../src/utils/math/simple_linalg.f90,l1dist_dp,function,private,898
procedure,../scripts/../src/utils/math/simple_linalg.f90,l1dist_sp,function,private,892
procedure,../scripts/../src/utils/math/simple_linalg.f90,lapack_stop,subroutine,private,1365
procedure,../scripts/../src/utils/math/simple_rnd.f90,lcg,function,private,88
procedure,../scripts/../src/utils/simple_string_utils.f90,lex_sort_1,subroutine,private,844
procedure,../scripts/../src/utils/simple_string_utils.f90,lex_sort_2,subroutine,private,948
procedure,../scripts/../src/main/interp/simple_winfuns.f90,lin_apod,function,private,271
procedure,../scripts/../src/main/interp/simple_winfuns.f90,lin_instr,function,private,284
procedure,../scripts/../src/utils/simple_string_utils.f90,list_of_ints2arr,function,private,298
procedure,../scripts/../src/fileio/simple_fileio.f90,lmat2file,subroutine,public,996
procedure,../scripts/../src/utils/math/simple_srch_sort_loc.f90,locate_1,function,private,336
procedure,../scripts/../src/utils/math/simple_srch_sort_loc.f90,locate_2,function,private,362
procedure,../scripts/../src/utils/structs/simple_chash.f90,lookup,function,private,388
procedure,../scripts/../src/extlibs/xml/dom/m_dom_dom.F90,lookupNamespaceURI,function,public,3883
procedure,../scripts/../src/extlibs/xml/dom/m_dom_dom.F90,lookupNamespaceURI_len,function,private,3834
procedure,../scripts/../src/extlibs/xml/dom/m_dom_dom.F90,lookupPrefix,function,public,3984
procedure,../scripts/../src/extlibs/xml/dom/m_dom_dom.F90,lookupPrefix_len,function,private,3934
procedure,../scripts/../src/main/image/simple_ftiter.f90,loop_lims,function,private,213
procedure,../scripts/../src/utils/simple_string_utils.f90,lowercase,function,private,538
procedure,../scripts/../src/extlibs/json/json_string_utilities.f90,lowercase_string,function,public,766
procedure,../scripts/../src/main/simple_sym.f90,make_c_and_d,subroutine,private,890
procedure,../scripts/../src/fileio/simple_fileio.f90,make_dirnames,function,public,624
procedure,../scripts/../src/fileio/simple_fileio.f90,make_filenames,function,public,639
procedure,../scripts/../src/main/simple_sym.f90,make_i_relion,subroutine,private,994
procedure,../scripts/../src/main/simple_sym.f90,make_i_spider,subroutine,private,960
procedure,../scripts/../src/main/simple_sym.f90,make_o,subroutine,private,912
procedure,../scripts/../src/main/simple_sym.f90,make_t,subroutine,private,933
procedure,../scripts/../src/extlibs/xml/common/m_common_element.F90,make_token_group,function,private,1450
procedure,../scripts/../src/extlibs/xml/common/m_common_element.F90,make_token_group_len,function,private,1439
procedure,../scripts/../src/main/ori/simple_ori.f90,map3dshift22d,subroutine,private,1542
procedure,../scripts/../src/utils/simple_string_utils.f90,map_str_nrs,function,private,511
procedure,../scripts/../src/utils/math/simple_srch_sort_loc.f90,mask2inds,function,private,701
procedure,../scripts/../src/utils/simple_jiffys.f90,masked_swap_rm,subroutine,private,221
procedure,../scripts/../src/utils/simple_jiffys.f90,masked_swap_rs,subroutine,private,199
procedure,../scripts/../src/utils/simple_jiffys.f90,masked_swap_rv,subroutine,private,210
procedure,../scripts/../src/main/simple_sym.f90,matcreate,function,private,1910
procedure,../scripts/../src/main/simple_eul_prob_tab_utils.f90,materialize_seed_shift,subroutine,private,196
procedure,../scripts/../src/main/simple_sym.f90,matextract,function,private,1941
procedure,../scripts/../src/utils/math/simple_linalg.f90,matinv_dp,subroutine,private,478
procedure,../scripts/../src/utils/math/simple_linalg.f90,matinv_sp,subroutine,private,449
procedure,../scripts/../src/extlibs/xml/fsys/fox_m_fsys_parse_input.F90,matrixtocomplexdp,subroutine,private,2045
procedure,../scripts/../src/extlibs/xml/fsys/fox_m_fsys_parse_input.F90,matrixtocomplexsp,subroutine,private,1789
procedure,../scripts/../src/extlibs/xml/fsys/fox_m_fsys_parse_input.F90,matrixtointeger,subroutine,private,1276
procedure,../scripts/../src/extlibs/xml/fsys/fox_m_fsys_parse_input.F90,matrixtological,subroutine,private,1120
procedure,../scripts/../src/extlibs/xml/fsys/fox_m_fsys_parse_input.F90,matrixtorealdp,subroutine,private,1584
procedure,../scripts/../src/extlibs/xml/fsys/fox_m_fsys_parse_input.F90,matrixtorealsp,subroutine,private,1430
procedure,../scripts/../src/extlibs/xml/fsys/fox_m_fsys_parse_input.F90,matrixtostring,subroutine,private,891
procedure,../scripts/../src/main/simple_eul_prob_tab_utils.f90,maxheap_sift_down,subroutine,private,583
procedure,../scripts/../src/utils/math/simple_srch_sort_loc.f90,maxnloc,function,private,385
procedure,../scripts/../src/utils/math/simple_stat.f90,median,function,private,1344
procedure,../scripts/../src/utils/math/simple_stat.f90,median_nocopy,function,private,1368
procedure,../scripts/../src/utils/math/simple_stat.f90,medoid_from_dmat,subroutine,private,1319
procedure,../scripts/../src/utils/math/simple_stat.f90,medoid_from_smat,subroutine,private,1282
procedure,../scripts/../src/utils/math/simple_stat.f90,medoid_ranking_from_smat,subroutine,private,1304
procedure,../scripts/../src/utils/math/simple_stat.f90,merge_dmats_1,function,private,1202
procedure,../scripts/../src/utils/math/simple_stat.f90,merge_dmats_2,function,private,1220
procedure,../scripts/../src/utils/simple_string_utils.f90,merge_idx,subroutine,private,885
procedure,../scripts/../src/utils/simple_string_utils.f90,merge_idx,subroutine,private,988
procedure,../scripts/../src/utils/math/simple_stat.f90,merge_smats,function,private,1184
procedure,../scripts/../src/utils/simple_string_utils.f90,mergesort_idx,subroutine,private,875
procedure,../scripts/../src/utils/simple_string_utils.f90,mergesort_idx,subroutine,private,978
procedure,../scripts/../src/utils/math/simple_srch_sort_loc.f90,min3,function,private,425
procedure,../scripts/../src/utils/math/simple_srch_sort_loc.f90,minnloc,function,private,453
procedure,../scripts/../src/main/ori/simple_ori.f90,mirror2d,subroutine,private,1609
procedure,../scripts/../src/main/ori/simple_ori.f90,mirror3d,subroutine,private,1590
procedure,../scripts/../src/utils/math/simple_ran_tabu.f90,mnomal,function,private,132
procedure,../scripts/../src/utils/math/simple_rnd.f90,mnorm_smp,function,private,437
procedure,../scripts/../src/utils/math/simple_math.f90,mode,subroutine,private,182
procedure,../scripts/../src/utils/math/simple_stat.f90,moment_1,subroutine,private,217
procedure,../scripts/../src/utils/math/simple_stat.f90,moment_2,subroutine,private,260
procedure,../scripts/../src/utils/math/simple_stat.f90,moment_3,subroutine,private,307
procedure,../scripts/../src/utils/math/simple_stat.f90,moment_4,subroutine,private,356
procedure,../scripts/../src/utils/math/simple_stat.f90,moment_serial,subroutine,private,404
procedure,../scripts/../src/extlibs/xml/wkml/m_wkml_styling.F90,mostOfLineStyle,subroutine,private,422
procedure,../scripts/../src/extlibs/xml/wkml/m_wkml_styling.F90,mostOfPointStyle,subroutine,private,41
procedure,../scripts/../src/fileio/simple_fileio.f90,move_files2dir,subroutine,public,754
procedure,../scripts/../src/fileio/simple_fileio.f90,move_files_in_cwd,subroutine,public,721
procedure,../scripts/../src/utils/structs/simple_chash.f90,move_key_to_front_1,subroutine,private,341
procedure,../scripts/../src/utils/structs/simple_chash.f90,move_key_to_front_2,subroutine,private,362
procedure,../scripts/../src/utils/math/simple_rnd.f90,multinomal,function,private,204
procedure,../scripts/../src/extlibs/gnufor/gnufor2.f90,my_date_and_time,function,private,48
procedure,../scripts/../src/utils/math/simple_linalg.f90,myacos_dp,function,private,809
procedure,../scripts/../src/utils/math/simple_linalg.f90,myacos_sp,function,private,801
procedure,../scripts/../src/utils/math/simple_math_ft.f90,mycabs,function,private,226
procedure,../scripts/../src/extlibs/json/json_value_module.f90,name_equal,function,private,1068
procedure,../scripts/../src/extlibs/json/json_value_module.f90,name_strings_equal,function,private,1095
procedure,../scripts/../src/extlibs/xml/dom/m_dom_dom.F90,namespaceFixup,subroutine,public,12125
procedure,../scripts/../src/utils/math/simple_ran_tabu.f90,ne_mnomal_iarr,subroutine,private,173
procedure,../scripts/../src/utils/math/simple_ran_tabu.f90,ne_ran_iarr,subroutine,private,153
procedure,../scripts/../src/main/simple_sym.f90,nearest_proj_neighbors_1,subroutine,private,617
procedure,../scripts/../src/main/simple_sym.f90,nearest_proj_neighbors_2,subroutine,private,652
procedure,../scripts/../src/main/simple_sym.f90,nearest_sym_neighbors,subroutine,private,687
procedure,../scripts/../src/utils/math/simple_neighs.f90,neigh_4_3D_1,subroutine,private,1188
procedure,../scripts/../src/utils/math/simple_neighs.f90,neigh_4_3D_2,subroutine,private,1397
procedure,../scripts/../src/utils/math/simple_neighs.f90,neigh_8_1,subroutine,private,29
procedure,../scripts/../src/utils/math/simple_neighs.f90,neigh_8_2,subroutine,private,101
procedure,../scripts/../src/utils/math/simple_neighs.f90,neigh_8_3,subroutine,private,181
procedure,../scripts/../src/utils/math/simple_neighs.f90,neigh_8_3D_0,subroutine,private,262
procedure,../scripts/../src/utils/math/simple_neighs.f90,neigh_8_3D_1,subroutine,private,293
procedure,../scripts/../src/utils/math/simple_neighs.f90,neigh_8_3D_2,subroutine,private,740
procedure,../scripts/../src/main/interp/simple_kbinterpol.f90,new,subroutine,private,66
procedure,../scripts/../src/main/image/simple_ftiter.f90,new,subroutine,private,68
procedure,../scripts/../src/main/simple_sym.f90,new,subroutine,private,102
procedure,../scripts/../src/utils/qsys/simple_qsys_ctrl.f90,new,subroutine,private,131
procedure,../scripts/../src/utils/structs/simple_hash.f90,new_1,subroutine,private,81
procedure,../scripts/../src/utils/structs/simple_chash.f90,new_1,subroutine,private,96
procedure,../scripts/../src/utils/structs/simple_hash.f90,new_2,subroutine,private,90
procedure,../scripts/../src/utils/structs/simple_chash.f90,new_2,subroutine,private,105
procedure,../scripts/../src/main/simple_eul_prob_tab_utils.f90,new_fixed_candidate_store,subroutine,private,127
procedure,../scripts/../src/main/ori/simple_ori.f90,new_ori,subroutine,private,138
procedure,../scripts/../src/main/simple_eul_prob_tab_utils.f90,new_ragged_candidate_store,subroutine,private,148
procedure,../scripts/../src/extlibs/xml/dom/m_dom_dom.F90,newDOMConfig,function,public,708
procedure,../scripts/../src/utils/math/simple_math.f90,nextPow2,function,private,1061
procedure,../scripts/../src/fileio/simple_fileio.f90,nlines,function,public,295
procedure,../scripts/../src/main/interp/simple_winfuns.f90,nn_apod,function,private,296
procedure,../scripts/../src/main/interp/simple_winfuns.f90,nn_instr,function,private,308
procedure,../scripts/../src/utils/simple_segmentation.f90,non_max_supp,subroutine,public,546
procedure,../scripts/../src/utils/math/simple_linalg.f90,norm_2_dp,function,private,513
procedure,../scripts/../src/utils/math/simple_linalg.f90,norm_2_sp,function,private,507
procedure,../scripts/../src/utils/math/simple_stat.f90,norm_corr,function,private,901
procedure,../scripts/../src/utils/math/simple_stat.f90,norm_corr_8,function,private,915
procedure,../scripts/../src/utils/simple_string_utils.f90,norm_key,function,private,923
procedure,../scripts/../src/utils/math/simple_linalg.f90,normal_solve,subroutine,private,960
procedure,../scripts/../src/extlibs/xml/dom/m_dom_dom.F90,normalize,subroutine,public,3168
procedure,../scripts/../src/utils/math/simple_stat.f90,normalize_1,subroutine,private,700
procedure,../scripts/../src/utils/math/simple_stat.f90,normalize_2,subroutine,private,709
procedure,../scripts/../src/utils/math/simple_stat.f90,normalize_3,subroutine,private,718
procedure,../scripts/../src/utils/math/simple_stat.f90,normalize_4,subroutine,private,727
procedure,../scripts/../src/utils/math/simple_stat.f90,normalize_minmax_1,subroutine,private,792
procedure,../scripts/../src/utils/math/simple_stat.f90,normalize_minmax_2,subroutine,private,801
procedure,../scripts/../src/utils/math/simple_stat.f90,normalize_sigm_1,subroutine,private,737
procedure,../scripts/../src/utils/math/simple_stat.f90,normalize_sigm_2,subroutine,private,758
procedure,../scripts/../src/utils/math/simple_stat.f90,normalize_sigm_3,subroutine,private,775
procedure,../scripts/../src/extlibs/xml/dom/m_dom_dom.F90,normalizeDocument,subroutine,public,11738
procedure,../scripts/../src/extlibs/xml/common/m_common_elstack.F90,number_of_items,function,private,107
procedure,../scripts/../src/main/ori/simple_ori.f90,ori2chash,function,private,1239
procedure,../scripts/../src/main/ori/simple_ori.f90,ori2json,subroutine,private,1120
procedure,../scripts/../src/main/ori/simple_ori.f90,ori2prec,subroutine,private,1210
procedure,../scripts/../src/main/ori/simple_ori.f90,ori2str,function,private,1090
procedure,../scripts/../src/main/ori/simple_ori.f90,ori_from_rotmat,subroutine,private,154
procedure,../scripts/../src/utils/math/simple_math.f90,otsu_1,subroutine,private,794
procedure,../scripts/../src/utils/math/simple_math.f90,otsu_2,subroutine,private,860
procedure,../scripts/../src/utils/math/simple_math.f90,otsu_3,subroutine,private,876
procedure,../scripts/../src/utils/simple_segmentation.f90,otsu_img,subroutine,public,743
procedure,../scripts/../src/utils/simple_segmentation.f90,otsu_robust_fast,subroutine,public,827
procedure,../scripts/../src/utils/math/simple_linalg.f90,outerprod_d,function,private,525
procedure,../scripts/../src/utils/math/simple_linalg.f90,outerprod_r,function,private,519
procedure,../scripts/../src/extlibs/gnufor/gnufor2.f90,output_terminal,function,private,61
procedure,../scripts/../src/extlibs/xml/wkml/m_wkml_contours.F90,outputContourLines,subroutine,private,190
procedure,../scripts/../src/extlibs/xml/wkml/m_wkml_contours.F90,outputContourRegions,subroutine,private,238
procedure,../scripts/../src/utils/math/simple_srch_sort_loc.f90,p1_lt_p2,function,private,157
procedure,../scripts/../src/utils/simple_imgarr_utils.f90,pack_imgarr,function,public,36
procedure,../scripts/../src/extlibs/xml/wcml/m_wcml_parameter.F90,parameterChArrSh,subroutine,private,743
procedure,../scripts/../src/extlibs/xml/wcml/m_wcml_parameter.F90,parameterChArrSi,subroutine,private,507
procedure,../scripts/../src/extlibs/xml/wcml/m_wcml_parameter.F90,parameterChMatSh,subroutine,private,1227
procedure,../scripts/../src/extlibs/xml/wcml/m_wcml_parameter.F90,parameterChMatSi,subroutine,private,990
procedure,../scripts/../src/extlibs/xml/wcml/m_wcml_parameter.F90,parameterChSca,subroutine,private,266
procedure,../scripts/../src/extlibs/xml/wcml/m_wcml_parameter.F90,parameterCmplxDpArrSh,subroutine,private,542
procedure,../scripts/../src/extlibs/xml/wcml/m_wcml_parameter.F90,parameterCmplxDpArrSi,subroutine,private,300
procedure,../scripts/../src/extlibs/xml/wcml/m_wcml_parameter.F90,parameterCmplxDpMatSh,subroutine,private,1026
procedure,../scripts/../src/extlibs/xml/wcml/m_wcml_parameter.F90,parameterCmplxDpMatSi,subroutine,private,777
procedure,../scripts/../src/extlibs/xml/wcml/m_wcml_parameter.F90,parameterCmplxDpSca,subroutine,private,65
procedure,../scripts/../src/extlibs/xml/wcml/m_wcml_parameter.F90,parameterCmplxSpArrSh,subroutine,private,576
procedure,../scripts/../src/extlibs/xml/wcml/m_wcml_parameter.F90,parameterCmplxSpArrSi,subroutine,private,335
procedure,../scripts/../src/extlibs/xml/wcml/m_wcml_parameter.F90,parameterCmplxSpMatSh,subroutine,private,1060
procedure,../scripts/../src/extlibs/xml/wcml/m_wcml_parameter.F90,parameterCmplxSpMatSi,subroutine,private,813
procedure,../scripts/../src/extlibs/xml/wcml/m_wcml_parameter.F90,parameterCmplxSpSca,subroutine,private,99
procedure,../scripts/../src/extlibs/xml/wcml/m_wcml_parameter.F90,parameterIntArrSh,subroutine,private,678
procedure,../scripts/../src/extlibs/xml/wcml/m_wcml_parameter.F90,parameterIntArrSi,subroutine,private,440
procedure,../scripts/../src/extlibs/xml/wcml/m_wcml_parameter.F90,parameterIntMatSh,subroutine,private,1162
procedure,../scripts/../src/extlibs/xml/wcml/m_wcml_parameter.F90,parameterIntMatSi,subroutine,private,921
procedure,../scripts/../src/extlibs/xml/wcml/m_wcml_parameter.F90,parameterIntSca,subroutine,private,201
procedure,../scripts/../src/extlibs/xml/wcml/m_wcml_parameter.F90,parameterLgArrSh,subroutine,private,711
procedure,../scripts/../src/extlibs/xml/wcml/m_wcml_parameter.F90,parameterLgArrSi,subroutine,private,474
procedure,../scripts/../src/extlibs/xml/wcml/m_wcml_parameter.F90,parameterLgMatSh,subroutine,private,1195
procedure,../scripts/../src/extlibs/xml/wcml/m_wcml_parameter.F90,parameterLgMatSi,subroutine,private,956
procedure,../scripts/../src/extlibs/xml/wcml/m_wcml_parameter.F90,parameterLgSca,subroutine,private,234
procedure,../scripts/../src/extlibs/xml/wcml/m_wcml_parameter.F90,parameterRealDpArrSh,subroutine,private,610
procedure,../scripts/../src/extlibs/xml/wcml/m_wcml_parameter.F90,parameterRealDpArrSi,subroutine,private,370
procedure,../scripts/../src/extlibs/xml/wcml/m_wcml_parameter.F90,parameterRealDpMatSh,subroutine,private,1094
procedure,../scripts/../src/extlibs/xml/wcml/m_wcml_parameter.F90,parameterRealDpMatSi,subroutine,private,849
procedure,../scripts/../src/extlibs/xml/wcml/m_wcml_parameter.F90,parameterRealDpSca,subroutine,private,133
procedure,../scripts/../src/extlibs/xml/wcml/m_wcml_parameter.F90,parameterRealSpArrSh,subroutine,private,644
procedure,../scripts/../src/extlibs/xml/wcml/m_wcml_parameter.F90,parameterRealSpArrSi,subroutine,private,405
procedure,../scripts/../src/extlibs/xml/wcml/m_wcml_parameter.F90,parameterRealSpMatSh,subroutine,private,1128
procedure,../scripts/../src/extlibs/xml/wcml/m_wcml_parameter.F90,parameterRealSpMatSi,subroutine,private,885
procedure,../scripts/../src/extlibs/xml/wcml/m_wcml_parameter.F90,parameterRealSpSca,subroutine,private,167
procedure,../scripts/../src/extlibs/json/json_value_module.f90,parse_array,subroutine,private,10239
procedure,../scripts/../src/utils/structs/simple_chash.f90,parse_cmdline,subroutine,private,173
procedure,../scripts/../src/extlibs/xml/common/m_common_element.F90,parse_dtd_attlist,subroutine,private,873
procedure,../scripts/../src/extlibs/xml/common/m_common_element.F90,parse_dtd_element,subroutine,private,268
procedure,../scripts/../src/extlibs/json/json_value_module.f90,parse_for_chars,subroutine,private,10397
procedure,../scripts/../src/extlibs/json/json_value_module.f90,parse_number,subroutine,private,10444
procedure,../scripts/../src/extlibs/json/json_value_module.f90,parse_object,subroutine,private,10136
procedure,../scripts/../src/extlibs/json/json_value_module.f90,parse_string,subroutine,private,10304
procedure,../scripts/../src/extlibs/json/json_value_module.f90,parse_value,subroutine,private,9455
procedure,../scripts/../src/utils/simple_string_utils.f90,parsestr,subroutine,private,142
procedure,../scripts/../src/utils/math/simple_rnd.f90,partial_shuffle_1,subroutine,private,168
procedure,../scripts/../src/utils/math/simple_rnd.f90,partial_shuffle_2,subroutine,private,186
procedure,../scripts/../src/utils/math/simple_srch_sort_loc.f90,peakfinder,function,private,491
procedure,../scripts/../src/utils/math/simple_stat.f90,pearsn_1,function,private,557
procedure,../scripts/../src/utils/math/simple_stat.f90,pearsn_2,function,private,634
procedure,../scripts/../src/utils/math/simple_stat.f90,pearsn_3,function,private,662
procedure,../scripts/../src/utils/math/simple_stat.f90,pearsn_serial,function,private,585
procedure,../scripts/../src/utils/math/simple_stat.f90,pearsn_serial_8,function,private,610
procedure,../scripts/../src/utils/math/simple_math_ft.f90,phase_angle,function,private,246
procedure,../scripts/../src/utils/math/simple_math.f90,pixels_dist_1,function,private,915
procedure,../scripts/../src/utils/math/simple_math.f90,pixels_dist_2,function,private,947
procedure,../scripts/../src/utils/math/simple_linalg.f90,plane_from_points,function,private,531
procedure,../scripts/../src/extlibs/gnufor/gnufor2.f90,plot3d,subroutine,private,844
procedure,../scripts/../src/extlibs/gnufor/gnufor2.f90,plot_1,subroutine,private,1856
procedure,../scripts/../src/extlibs/gnufor/gnufor2.f90,plot_2,subroutine,private,1673
procedure,../scripts/../src/extlibs/gnufor/gnufor2.f90,plot_3,subroutine,private,1468
procedure,../scripts/../src/extlibs/gnufor/gnufor2.f90,plot_4,subroutine,private,1243
procedure,../scripts/../src/extlibs/json/json_value_module.f90,pop_char,subroutine,private,10553
procedure,../scripts/../src/extlibs/xml/common/m_common_elstack.F90,pop_elstack,function,private,133
procedure,../scripts/../src/extlibs/xml/common/m_common_entities.F90,pop_entity_list,function,private,168
procedure,../scripts/../src/extlibs/xml/dom/m_dom_dom.F90,pop_nl,function,public,4805
procedure,../scripts/../src/utils/math/simple_stat.f90,power_sampling,subroutine,private,996
procedure,../scripts/../src/main/ori/simple_ori.f90,pparms2str,function,private,1054
procedure,../scripts/../src/main/ori/simple_ori.f90,prec2ori,subroutine,private,1216
procedure,../scripts/../src/utils/qsys/simple_qsys_ctrl.f90,prep_part_jobs,subroutine,private,391
procedure,../scripts/../src/utils/math/simple_stat.f90,prepare_tree_sub_distmat,subroutine,private,810
procedure,../scripts/../src/main/strategies/search/simple_matcher_ptcl_io.f90,prepimgbatch,subroutine,private,75
procedure,../scripts/../src/utils/structs/simple_hash.f90,print,subroutine,private,438
procedure,../scripts/../src/utils/simple_string.f90,print,subroutine,private,532
procedure,../scripts/../src/extlibs/xml/common/m_common_buffer.F90,print_buffer,subroutine,private,71
procedure,../scripts/../src/extlibs/xml/common/m_common_attrs.F90,print_dict,subroutine,private,1068
procedure,../scripts/../src/extlibs/xml/common/m_common_elstack.F90,print_elstack,subroutine,private,224
procedure,../scripts/../src/extlibs/xml/common/m_common_entities.F90,print_entity_list,subroutine,private,187
procedure,../scripts/../src/utils/simple_gpu_utils.f90,print_gpu_specs,subroutine,private,208
procedure,../scripts/../src/utils/qsys/simple_qsys_ctrl.f90,print_jobs_status,subroutine,private,208
procedure,../scripts/../src/utils/structs/simple_chash.f90,print_key_val_pair_1,subroutine,private,550
procedure,../scripts/../src/utils/structs/simple_chash.f90,print_key_val_pair_2,subroutine,private,579
procedure,../scripts/../src/utils/structs/simple_chash.f90,print_key_val_pairs,subroutine,private,601
procedure,../scripts/../src/utils/simple_magic_boxes.f90,print_magic_box_range,subroutine,public,83
procedure,../scripts/../src/main/ori/simple_ori.f90,print_mat,subroutine,private,1388
procedure,../scripts/../src/main/ori/simple_ori.f90,print_ori,subroutine,private,1398
procedure,../scripts/../src/utils/math/simple_stat.f90,probks,function,private,1095
procedure,../scripts/../src/utils/simple_jiffys.f90,progress,subroutine,private,17
procedure,../scripts/../src/utils/simple_jiffys.f90,progress_gfortran,subroutine,private,28
procedure,../scripts/../src/utils/math/simple_linalg.f90,projz,subroutine,private,563
procedure,../scripts/../src/extlibs/xml/wcml/m_wcml_property.F90,propertyChArrSh,subroutine,private,663
procedure,../scripts/../src/extlibs/xml/wcml/m_wcml_property.F90,propertyChArrSi,subroutine,private,455
procedure,../scripts/../src/extlibs/xml/wcml/m_wcml_property.F90,propertyChMatSh,subroutine,private,1091
procedure,../scripts/../src/extlibs/xml/wcml/m_wcml_property.F90,propertyChMatSi,subroutine,private,882
procedure,../scripts/../src/extlibs/xml/wcml/m_wcml_property.F90,propertyChSca,subroutine,private,242
procedure,../scripts/../src/extlibs/xml/wcml/m_wcml_property.F90,propertyCmplxDpArrSh,subroutine,private,486
procedure,../scripts/../src/extlibs/xml/wcml/m_wcml_property.F90,propertyCmplxDpArrSi,subroutine,private,272
procedure,../scripts/../src/extlibs/xml/wcml/m_wcml_property.F90,propertyCmplxDpMatSh,subroutine,private,914
procedure,../scripts/../src/extlibs/xml/wcml/m_wcml_property.F90,propertyCmplxDpMatSi,subroutine,private,693
procedure,../scripts/../src/extlibs/xml/wcml/m_wcml_property.F90,propertyCmplxDpSca,subroutine,private,65
procedure,../scripts/../src/extlibs/xml/wcml/m_wcml_property.F90,propertyCmplxSpArrSh,subroutine,private,516
procedure,../scripts/../src/extlibs/xml/wcml/m_wcml_property.F90,propertyCmplxSpArrSi,subroutine,private,303
procedure,../scripts/../src/extlibs/xml/wcml/m_wcml_property.F90,propertyCmplxSpMatSh,subroutine,private,944
procedure,../scripts/../src/extlibs/xml/wcml/m_wcml_property.F90,propertyCmplxSpMatSi,subroutine,private,725
procedure,../scripts/../src/extlibs/xml/wcml/m_wcml_property.F90,propertyCmplxSpSca,subroutine,private,95
procedure,../scripts/../src/extlibs/xml/wcml/m_wcml_property.F90,propertyIntArrSh,subroutine,private,606
procedure,../scripts/../src/extlibs/xml/wcml/m_wcml_property.F90,propertyIntArrSi,subroutine,private,396
procedure,../scripts/../src/extlibs/xml/wcml/m_wcml_property.F90,propertyIntMatSh,subroutine,private,1034
procedure,../scripts/../src/extlibs/xml/wcml/m_wcml_property.F90,propertyIntMatSi,subroutine,private,821
procedure,../scripts/../src/extlibs/xml/wcml/m_wcml_property.F90,propertyIntSca,subroutine,private,185
procedure,../scripts/../src/extlibs/xml/wcml/m_wcml_property.F90,propertyLgArrSh,subroutine,private,635
procedure,../scripts/../src/extlibs/xml/wcml/m_wcml_property.F90,propertyLgArrSi,subroutine,private,426
procedure,../scripts/../src/extlibs/xml/wcml/m_wcml_property.F90,propertyLgMatSh,subroutine,private,1063
procedure,../scripts/../src/extlibs/xml/wcml/m_wcml_property.F90,propertyLgMatSi,subroutine,private,852
procedure,../scripts/../src/extlibs/xml/wcml/m_wcml_property.F90,propertyLgSca,subroutine,private,214
procedure,../scripts/../src/extlibs/xml/wcml/m_wcml_property.F90,propertyRealDpArrSh,subroutine,private,546
procedure,../scripts/../src/extlibs/xml/wcml/m_wcml_property.F90,propertyRealDpArrSi,subroutine,private,334
procedure,../scripts/../src/extlibs/xml/wcml/m_wcml_property.F90,propertyRealDpMatSh,subroutine,private,974
procedure,../scripts/../src/extlibs/xml/wcml/m_wcml_property.F90,propertyRealDpMatSi,subroutine,private,757
procedure,../scripts/../src/extlibs/xml/wcml/m_wcml_property.F90,propertyRealDpSca,subroutine,private,125
procedure,../scripts/../src/extlibs/xml/wcml/m_wcml_property.F90,propertyRealSpArrSh,subroutine,private,576
procedure,../scripts/../src/extlibs/xml/wcml/m_wcml_property.F90,propertyRealSpArrSi,subroutine,private,365
procedure,../scripts/../src/extlibs/xml/wcml/m_wcml_property.F90,propertyRealSpMatSh,subroutine,private,1004
procedure,../scripts/../src/extlibs/xml/wcml/m_wcml_property.F90,propertyRealSpMatSi,subroutine,private,789
procedure,../scripts/../src/extlibs/xml/wcml/m_wcml_property.F90,propertyRealSpSca,subroutine,private,155
procedure,../scripts/../src/extlibs/xml/wxml/m_wxml_overloads.F90,PseudoAttributeArrayCh,subroutine,private,907
procedure,../scripts/../src/extlibs/xml/wxml/m_wxml_overloads.F90,PseudoAttributeArrayCmplxDp,subroutine,private,813
procedure,../scripts/../src/extlibs/xml/wxml/m_wxml_overloads.F90,PseudoAttributeArrayCmplxSp,subroutine,private,831
procedure,../scripts/../src/extlibs/xml/wxml/m_wxml_overloads.F90,PseudoAttributeArrayInt,subroutine,private,883
procedure,../scripts/../src/extlibs/xml/wxml/m_wxml_overloads.F90,PseudoAttributeArrayLg,subroutine,private,895
procedure,../scripts/../src/extlibs/xml/wxml/m_wxml_overloads.F90,PseudoAttributeArrayRealDp,subroutine,private,849
procedure,../scripts/../src/extlibs/xml/wxml/m_wxml_overloads.F90,PseudoAttributeArrayRealSp,subroutine,private,866
procedure,../scripts/../src/extlibs/xml/wxml/m_wxml_overloads.F90,PseudoAttributeMatrixCh,subroutine,private,1014
procedure,../scripts/../src/extlibs/xml/wxml/m_wxml_overloads.F90,PseudoAttributeMatrixCmplxDp,subroutine,private,920
procedure,../scripts/../src/extlibs/xml/wxml/m_wxml_overloads.F90,PseudoAttributeMatrixCmplxSp,subroutine,private,938
procedure,../scripts/../src/extlibs/xml/wxml/m_wxml_overloads.F90,PseudoAttributeMatrixInt,subroutine,private,990
procedure,../scripts/../src/extlibs/xml/wxml/m_wxml_overloads.F90,PseudoAttributeMatrixLg,subroutine,private,1002
procedure,../scripts/../src/extlibs/xml/wxml/m_wxml_overloads.F90,PseudoAttributeMatrixRealDp,subroutine,private,956
procedure,../scripts/../src/extlibs/xml/wxml/m_wxml_overloads.F90,PseudoAttributeMatrixRealSp,subroutine,private,973
procedure,../scripts/../src/extlibs/xml/wxml/m_wxml_overloads.F90,PseudoAttributeScalarCmplxDp,subroutine,private,718
procedure,../scripts/../src/extlibs/xml/wxml/m_wxml_overloads.F90,PseudoAttributeScalarCmplxSp,subroutine,private,736
procedure,../scripts/../src/extlibs/xml/wxml/m_wxml_overloads.F90,PseudoAttributeScalarInt,subroutine,private,788
procedure,../scripts/../src/extlibs/xml/wxml/m_wxml_overloads.F90,PseudoAttributeScalarLg,subroutine,private,800
procedure,../scripts/../src/extlibs/xml/wxml/m_wxml_overloads.F90,PseudoAttributeScalarRealDp,subroutine,private,754
procedure,../scripts/../src/extlibs/xml/wxml/m_wxml_overloads.F90,PseudoAttributeScalarRealSp,subroutine,private,771
procedure,../scripts/../src/utils/structs/simple_hash.f90,push_1,subroutine,private,161
procedure,../scripts/../src/utils/structs/simple_chash.f90,push_1,subroutine,private,205
procedure,../scripts/../src/utils/structs/simple_hash.f90,push_2,subroutine,private,179
procedure,../scripts/../src/utils/structs/simple_chash.f90,push_2,subroutine,private,223
procedure,../scripts/../src/utils/structs/simple_chash.f90,push_3,subroutine,private,241
procedure,../scripts/../src/extlibs/json/json_value_module.f90,push_char,subroutine,private,10692
procedure,../scripts/../src/extlibs/xml/common/m_common_elstack.F90,push_elstack,subroutine,private,114
procedure,../scripts/../src/utils/math/simple_math.f90,put_last,subroutine,private,48
procedure,../scripts/../src/extlibs/xml/dom/m_dom_dom.F90,putNodesInDocument,subroutine,private,4499
procedure,../scripts/../src/utils/math/simple_linalg.f90,pythag_dp,function,private,925
procedure,../scripts/../src/utils/math/simple_linalg.f90,pythag_sp,function,private,919
procedure,../scripts/../src/utils/math/simple_linalg.f90,qr_solve,subroutine,private,983
procedure,../scripts/../src/utils/qsys/simple_qsys_funs.f90,qsys_cleanup,subroutine,private,16
procedure,../scripts/../src/utils/qsys/simple_qsys_funs.f90,qsys_declare_part_finished,subroutine,private,59
procedure,../scripts/../src/utils/qsys/simple_qsys_funs.f90,qsys_job_finished,subroutine,private,71
procedure,../scripts/../src/utils/qsys/simple_qsys_funs.f90,qsys_subproject_job_finished,subroutine,private,77
procedure,../scripts/../src/utils/qsys/simple_qsys_funs.f90,qsys_watcher_1,subroutine,private,84
procedure,../scripts/../src/utils/qsys/simple_qsys_funs.f90,qsys_watcher_2,subroutine,private,99
procedure,../scripts/../src/utils/qsys/simple_qsys_funs.f90,qsys_watcher_diag,subroutine,private,124
procedure,../scripts/../src/utils/math/simple_math.f90,quadri,function,private,715
procedure,../scripts/../src/utils/math/simple_math.f90,quantize_vec,subroutine,private,295
procedure,../scripts/../src/utils/math/simple_math.f90,quantize_vec_serial,subroutine,private,257
procedure,../scripts/../src/utils/math/simple_rnd.f90,r8po_fa,subroutine,private,474
procedure,../scripts/../src/utils/math/simple_linalg.f90,rad2deg_1,function,private,829
procedure,../scripts/../src/utils/math/simple_linalg.f90,rad2deg_2,function,private,835
procedure,../scripts/../src/utils/math/simple_rnd.f90,ran3,function,private,103
procedure,../scripts/../src/utils/math/simple_rnd.f90,ran3arr_1,subroutine,private,109
procedure,../scripts/../src/utils/math/simple_rnd.f90,ran3arr_2,subroutine,private,115
procedure,../scripts/../src/utils/math/simple_rnd.f90,randn_1,function,private,122
procedure,../scripts/../src/utils/math/simple_rnd.f90,randn_2,function,private,132
procedure,../scripts/../src/utils/math/simple_stat.f90,rank_centroid_weights,subroutine,private,1549
procedure,../scripts/../src/utils/math/simple_stat.f90,rank_exponent_weights,subroutine,private,1563
procedure,../scripts/../src/utils/math/simple_stat.f90,rank_inverse_weights,subroutine,private,1576
procedure,../scripts/../src/utils/math/simple_stat.f90,rank_sum_weights,subroutine,private,1535
procedure,../scripts/../src/utils/simple_string.f90,raw,function,private,133
procedure,../scripts/../src/main/ori/simple_ori.f90,read,subroutine,private,1424
procedure,../scripts/../src/utils/simple_imgarr_utils.f90,read_cavgs_into_imgarr,function,public,114
procedure,../scripts/../src/fileio/simple_fileio.f90,read_exit_code,subroutine,public,855
procedure,../scripts/../src/fileio/simple_fileio.f90,read_filetable,subroutine,public,806
procedure,../scripts/../src/main/strategies/search/simple_matcher_ptcl_io.f90,read_imgbatch_1,subroutine,private,124
procedure,../scripts/../src/main/strategies/search/simple_matcher_ptcl_io.f90,read_imgbatch_2,subroutine,private,144
procedure,../scripts/../src/main/strategies/search/simple_matcher_ptcl_io.f90,read_imgbatch_3,subroutine,private,164
procedure,../scripts/../src/main/simple_eul_prob_tab_utils.f90,read_seed_shift_table,subroutine,private,235
procedure,../scripts/../src/utils/simple_imgarr_utils.f90,read_stk_into_imgarr,function,public,149
procedure,../scripts/../src/utils/simple_string.f90,readfile,subroutine,private,504
procedure,../scripts/../src/utils/simple_string.f90,readline,subroutine,private,494
procedure,../scripts/../src/utils/simple_string.f90,real2str,function,private,77
procedure,../scripts/../src/extlibs/xml/fsys/fox_m_fsys_format.F90,real_dp_str,function,private,1461
procedure,../scripts/../src/extlibs/xml/fsys/fox_m_fsys_format.F90,real_sp_str,function,private,1131
procedure,../scripts/../src/extlibs/json/json_string_utilities.f90,real_to_string,subroutine,public,150
procedure,../scripts/../src/utils/simple_string_utils.f90,realdp2str,function,private,422
procedure,../scripts/../src/utils/structs/simple_chash.f90,realloc_chash,subroutine,private,128
procedure,../scripts/../src/utils/structs/simple_hash.f90,realloc_hash,subroutine,private,113
procedure,../scripts/../src/utils/simple_string_utils.f90,realsp2str,function,private,412
procedure,../scripts/../src/utils/simple_segmentation.f90,refine_peak_thres_sortmeans,subroutine,public,203
procedure,../scripts/../src/extlibs/xml/fsys/fox_m_fsys_string_list.F90,registered_string,function,private,130
procedure,../scripts/../src/main/ori/simple_ori.f90,reject,subroutine,private,167
procedure,../scripts/../src/utils/math/simple_ran_tabu.f90,remove,subroutine,private,83
procedure,../scripts/../src/extlibs/xml/common/m_common_attrs.F90,remove_key_by_index,subroutine,private,379
procedure,../scripts/../src/extlibs/xml/fsys/fox_m_fsys_string_list.F90,remove_last_string,subroutine,private,71
procedure,../scripts/../src/extlibs/xml/dom/m_dom_dom.F90,remove_nl,function,public,4843
procedure,../scripts/../src/extlibs/xml/dom/m_dom_dom.F90,remove_node_nl,subroutine,private,4880
procedure,../scripts/../src/extlibs/xml/dom/m_dom_dom.F90,removeAttribute,subroutine,public,9302
procedure,../scripts/../src/extlibs/xml/dom/m_dom_dom.F90,removeAttributeNode,function,public,9489
procedure,../scripts/../src/extlibs/xml/dom/m_dom_dom.F90,removeAttributeNodeNS,function,public,9932
procedure,../scripts/../src/extlibs/xml/dom/m_dom_dom.F90,removeAttributeNS,subroutine,public,9742
procedure,../scripts/../src/extlibs/xml/dom/m_dom_dom.F90,removeChild,function,public,2360
procedure,../scripts/../src/extlibs/xml/common/m_common_namespaces.F90,removeDefaultNS,subroutine,public,202
procedure,../scripts/../src/extlibs/xml/dom/m_dom_dom.F90,removeNamedItem,function,public,5121
procedure,../scripts/../src/extlibs/xml/dom/m_dom_dom.F90,removeNamedItemNS,function,public,5428
procedure,../scripts/../src/extlibs/xml/dom/m_dom_dom.F90,removeNodesFromDocument,subroutine,private,4573
procedure,../scripts/../src/extlibs/xml/common/m_common_namespaces.F90,removePrefix,subroutine,private,396
procedure,../scripts/../src/extlibs/xml/common/m_common_namespaces.F90,removePrefixedNS,subroutine,public,327
procedure,../scripts/../src/extlibs/xml/common/m_common_namespaces.F90,removePrefixedURI,subroutine,private,223
procedure,../scripts/../src/utils/simple_string_utils.f90,removepunct,subroutine,private,341
procedure,../scripts/../src/utils/simple_string_utils.f90,removesp,subroutine,private,373
procedure,../scripts/../src/extlibs/xml/dom/m_dom_dom.F90,renameNode,function,public,8455
procedure,../scripts/../src/utils/math/simple_srch_sort_loc.f90,reorder_1,subroutine,private,710
procedure,../scripts/../src/utils/math/simple_srch_sort_loc.f90,reorder_2,subroutine,private,726
procedure,../scripts/../src/extlibs/json/json_string_utilities.f90,replace_string,subroutine,public,794
procedure,../scripts/../src/extlibs/xml/dom/m_dom_dom.F90,replaceChild,function,public,1851
procedure,../scripts/../src/extlibs/xml/dom/m_dom_dom.F90,replaceData,subroutine,public,10793
procedure,../scripts/../src/extlibs/xml/common/m_common_element.F90,report_declarations,subroutine,private,1348
procedure,../scripts/../src/utils/math/simple_math_ft.f90,resample_sigma2,subroutine,private,277
procedure,../scripts/../src/utils/math/simple_math_ft.f90,resang,function,private,266
procedure,../scripts/../src/utils/math/simple_ran_tabu.f90,reset,subroutine,private,53
procedure,../scripts/../src/main/image/simple_ftiter.f90,reset,subroutine,private,192
procedure,../scripts/../src/extlibs/xml/common/m_common_buffer.F90,reset_buffer,subroutine,private,55
procedure,../scripts/../src/extlibs/xml/common/m_common_attrs.F90,reset_dict,subroutine,private,988
procedure,../scripts/../src/extlibs/xml/common/m_common_elstack.F90,reset_elstack,subroutine,private,72
procedure,../scripts/../src/extlibs/xml/common/m_common_entities.F90,reset_entity_list,subroutine,private,147
procedure,../scripts/../src/main/ori/simple_ori.f90,reset_pparms,subroutine,private,1680
procedure,../scripts/../src/extlibs/xml/dom/m_dom_dom.F90,resetParameter,subroutine,private,483
procedure,../scripts/../src/extlibs/xml/common/m_common_elstack.F90,resize_elstack,subroutine,private,80
procedure,../scripts/../src/utils/math/simple_srch_sort_loc.f90,reverse_drarr,subroutine,private,550
procedure,../scripts/../src/utils/math/simple_srch_sort_loc.f90,reverse_f,subroutine,private,575
procedure,../scripts/../src/utils/math/simple_srch_sort_loc.f90,reverse_iarr,subroutine,private,505
procedure,../scripts/../src/utils/math/simple_srch_sort_loc.f90,reverse_rarr,subroutine,private,527
procedure,../scripts/../src/utils/structs/simple_chash.f90,reverselookup,function,private,404
procedure,../scripts/../src/main/image/simple_image.f90,ring_stats,subroutine,private,2683
procedure,../scripts/../src/fileio/simple_fileio.f90,rm_from_fbody,function,public,442
procedure,../scripts/../src/utils/simple_string.f90,rm_substr,subroutine,private,277
procedure,../scripts/../src/fileio/simple_fileio.f90,rmat2file,subroutine,public,984
procedure,../scripts/../src/utils/math/simple_rnd.f90,rnd_4dim_sphere_pnt,function,private,367
procedure,../scripts/../src/main/ori/simple_ori.f90,rnd_euler_1,subroutine,private,557
procedure,../scripts/../src/main/simple_sym.f90,rnd_euler_1,subroutine,private,867
procedure,../scripts/../src/main/ori/simple_ori.f90,rnd_euler_2,subroutine,private,566
procedure,../scripts/../src/main/simple_sym.f90,rnd_euler_2,subroutine,private,873
procedure,../scripts/../src/main/ori/simple_ori.f90,rnd_euler_3,subroutine,private,587
procedure,../scripts/../src/main/simple_sym.f90,rnd_euler_3,subroutine,private,881
procedure,../scripts/../src/main/ori/simple_ori.f90,rnd_euler_4,subroutine,private,608
procedure,../scripts/../src/main/ori/simple_ori.f90,rnd_euler_5,subroutine,private,629
procedure,../scripts/../src/utils/math/simple_rnd.f90,rnd_inds,function,private,409
procedure,../scripts/../src/main/ori/simple_ori.f90,rnd_inpl,subroutine,private,676
procedure,../scripts/../src/main/ori/simple_ori.f90,rnd_ori,subroutine,private,650
procedure,../scripts/../src/main/ori/simple_ori.f90,rnd_shift,subroutine,private,683
procedure,../scripts/../src/utils/math/simple_stat.f90,robust_normalization,subroutine,private,1445
procedure,../scripts/../src/utils/math/simple_stat.f90,robust_normalize_minmax,subroutine,private,862
procedure,../scripts/../src/utils/math/simple_stat.f90,robust_scaling,subroutine,private,1454
procedure,../scripts/../src/utils/math/simple_stat.f90,robust_sigma_thres,function,private,1406
procedure,../scripts/../src/utils/math/simple_stat.f90,robust_z_scores,function,private,1437
procedure,../scripts/../src/main/simple_sym.f90,rot_to_asym,subroutine,private,349
procedure,../scripts/../src/main/simple_sym.f90,rotall_to_asym,subroutine,private,367
procedure,../scripts/../src/utils/math/simple_math.f90,rotate_vec,function,private,1122
procedure,../scripts/../src/utils/math/simple_math.f90,rotmat2d,subroutine,private,1099
procedure,../scripts/../src/utils/math/simple_math.f90,round2even,function,private,1018
procedure,../scripts/../src/utils/math/simple_math.f90,round2odd,function,private,1035
procedure,../scripts/../src/main/ori/simple_ori.f90,round_shifts,subroutine,private,1437
procedure,../scripts/../src/utils/simple_string.f90,rpl_substr,subroutine,private,373
procedure,../scripts/../src/extlibs/gnufor/gnufor2.f90,run_gnuplot,subroutine,private,2017
procedure,../scripts/../src/utils/math/simple_linalg.f90,same_energy_euclid,function,private,904
procedure,../scripts/../src/main/simple_eul_prob_tab_utils.f90,sample_bounded_dist,subroutine,private,363
procedure,../scripts/../src/main/simple_eul_prob_tab_utils.f90,sample_likelihood_dist,subroutine,private,474
procedure,../scripts/../src/main/simple_eul_prob_tab_utils.f90,sample_likelihood_index,subroutine,private,538
procedure,../scripts/../src/main/simple_eul_prob_tab_utils.f90,sample_power_dist,subroutine,private,409
procedure,../scripts/../src/utils/simple_sauron.f90,sauron_ori_parser_1,subroutine,private,48
procedure,../scripts/../src/utils/simple_sauron.f90,sauron_ori_parser_2,subroutine,private,100
procedure,../scripts/../src/utils/simple_segmentation.f90,sauvola,subroutine,public,922
procedure,../scripts/../src/utils/math/simple_math.f90,savgol,subroutine,private,1232
procedure,../scripts/../src/utils/math/simple_math.f90,SavitzkyGolay_filter,subroutine,private,1197
procedure,../scripts/../src/extlibs/xml/fsys/fox_m_fsys_parse_input.F90,scalartocomplexdp,subroutine,private,616
procedure,../scripts/../src/extlibs/xml/fsys/fox_m_fsys_parse_input.F90,scalartocomplexsp,subroutine,private,491
procedure,../scripts/../src/extlibs/xml/fsys/fox_m_fsys_parse_input.F90,scalartointeger,subroutine,private,269
procedure,../scripts/../src/extlibs/xml/fsys/fox_m_fsys_parse_input.F90,scalartological,subroutine,private,192
procedure,../scripts/../src/extlibs/xml/fsys/fox_m_fsys_parse_input.F90,scalartorealdp,subroutine,private,417
procedure,../scripts/../src/extlibs/xml/fsys/fox_m_fsys_parse_input.F90,scalartorealsp,subroutine,private,343
procedure,../scripts/../src/extlibs/xml/fsys/fox_m_fsys_parse_input.F90,scalartostring,subroutine,private,43
procedure,../scripts/../src/utils/qsys/simple_qsys_ctrl.f90,schedule_array_jobs,subroutine,private,986
procedure,../scripts/../src/utils/qsys/simple_qsys_ctrl.f90,schedule_jobs,subroutine,private,962
procedure,../scripts/../src/utils/qsys/simple_qsys_ctrl.f90,schedule_streaming,subroutine,private,1001
procedure,../scripts/../src/utils/qsys/simple_qsys_ctrl.f90,schedule_subproject_jobs,subroutine,private,974
procedure,../scripts/../src/utils/math/simple_srch_sort_loc.f90,scores2order,function,private,678
procedure,../scripts/../src/utils/math/simple_stat.f90,scores2scores_percen,subroutine,private,1163
procedure,../scripts/../src/utils/math/simple_rnd.f90,seed_rnd,subroutine,private,50
procedure,../scripts/../src/utils/qsys/simple_qsys_ctrl.f90,service_persistent_worker_warmup,subroutine,private,897
procedure,../scripts/../src/utils/structs/simple_hash.f90,set_1,subroutine,private,197
procedure,../scripts/../src/utils/structs/simple_chash.f90,set_1,subroutine,private,259
procedure,../scripts/../src/main/ori/simple_ori.f90,set_1,subroutine,private,456
procedure,../scripts/../src/utils/structs/simple_hash.f90,set_2,subroutine,private,215
procedure,../scripts/../src/utils/structs/simple_chash.f90,set_2,subroutine,private,278
procedure,../scripts/../src/main/ori/simple_ori.f90,set_2,subroutine,private,476
procedure,../scripts/../src/utils/structs/simple_hash.f90,set_3,subroutine,private,233
procedure,../scripts/../src/utils/structs/simple_chash.f90,set_3,subroutine,private,298
procedure,../scripts/../src/main/ori/simple_ori.f90,set_3,subroutine,private,496
procedure,../scripts/../src/main/ori/simple_ori.f90,set_4,subroutine,private,502
procedure,../scripts/../src/main/ori/simple_ori.f90,set_5,subroutine,private,509
procedure,../scripts/../src/main/ori/simple_ori.f90,set_class,subroutine,private,526
procedure,../scripts/../src/main/ori/simple_ori.f90,set_ctfvars,subroutine,private,1330
procedure,../scripts/../src/utils/simple_string.f90,set_dble,subroutine,private,474
procedure,../scripts/../src/main/ori/simple_ori.f90,set_dfx,subroutine,private,436
procedure,../scripts/../src/main/ori/simple_ori.f90,set_dfy,subroutine,private,446
procedure,../scripts/../src/main/ori/simple_ori.f90,set_euler,subroutine,private,363
procedure,../scripts/../src/main/image/simple_ftiter.f90,set_hp,subroutine,private,124
procedure,../scripts/../src/utils/simple_string.f90,set_int,subroutine,private,483
procedure,../scripts/../src/utils/qsys/simple_qsys_ctrl.f90,set_jobs_status,subroutine,private,232
procedure,../scripts/../src/extlibs/json/json_file_module.f90,set_json_core_in_file,subroutine,private,426
procedure,../scripts/../src/extlibs/xml/common/m_common_attrs.F90,set_localName_by_index_s,subroutine,private,550
procedure,../scripts/../src/extlibs/xml/common/m_common_attrs.F90,set_localName_by_index_vs,subroutine,private,560
procedure,../scripts/../src/extlibs/xml/common/m_common_attrs.F90,set_nsURI_by_index,subroutine,private,530
procedure,../scripts/../src/utils/simple_gpu_utils.f90,set_offload_device_1,subroutine,private,147
procedure,../scripts/../src/utils/simple_gpu_utils.f90,set_offload_device_2,subroutine,private,180
procedure,../scripts/../src/main/ori/simple_ori.f90,set_ogid,subroutine,private,546
procedure,../scripts/../src/extlibs/xml/common/m_common_attrs.F90,set_prefix_by_index,subroutine,private,540
procedure,../scripts/../src/utils/simple_string.f90,set_real,subroutine,private,465
procedure,../scripts/../src/main/simple_abinitio_controller.f90,set_refine3D_automsk_policy,subroutine,private,391
procedure,../scripts/../src/main/simple_abinitio_controller.f90,set_refine3D_backend_policy,subroutine,private,323
procedure,../scripts/../src/main/simple_abinitio_controller.f90,set_refine3D_balance_policy,subroutine,private,334
procedure,../scripts/../src/main/simple_abinitio_controller.f90,set_refine3D_envfsc_policy,subroutine,private,407
procedure,../scripts/../src/main/simple_abinitio_controller.f90,set_refine3D_filtering_policy,subroutine,private,372
procedure,../scripts/../src/main/simple_abinitio_controller.f90,set_refine3D_gauref_policy,subroutine,private,341
procedure,../scripts/../src/main/simple_abinitio_controller.f90,set_refine3D_mode_policy,subroutine,private,264
procedure,../scripts/../src/main/simple_abinitio_controller.f90,set_refine3D_stage_controls,subroutine,private,417
procedure,../scripts/../src/main/simple_abinitio_controller.f90,set_refine3D_symmetry_policy,subroutine,private,252
procedure,../scripts/../src/main/simple_abinitio_controller.f90,set_refine3D_trailrec_policy,subroutine,private,352
procedure,../scripts/../src/main/simple_abinitio_controller.f90,set_refine3D_update_policy,subroutine,private,230
procedure,../scripts/../src/main/ori/simple_ori.f90,set_shift,subroutine,private,424
procedure,../scripts/../src/main/ori/simple_ori.f90,set_state,subroutine,private,516
procedure,../scripts/../src/main/ori/simple_ori.f90,set_stkind,subroutine,private,536
procedure,../scripts/../src/main/simple_sym.f90,set_subgrps,subroutine,private,1780
procedure,../scripts/../src/extlibs/xml/dom/m_dom_dom.F90,setAttribute,subroutine,public,9217
procedure,../scripts/../src/extlibs/xml/dom/m_dom_dom.F90,setAttributeNode,function,public,9413
procedure,../scripts/../src/extlibs/xml/dom/m_dom_dom.F90,setAttributeNodeNS,function,public,9856
procedure,../scripts/../src/extlibs/xml/dom/m_dom_dom.F90,setAttributeNS,subroutine,public,9617
procedure,../scripts/../src/extlibs/xml/common/m_common_attrs.F90,setBase,subroutine,private,918
procedure,../scripts/../src/extlibs/xml/dom/m_dom_dom.F90,setData,subroutine,public,11371
procedure,../scripts/../src/extlibs/xml/common/m_common_attrs.F90,setDeclared,subroutine,private,862
procedure,../scripts/../src/extlibs/xml/dom/m_dom_dom.F90,setDocType,subroutine,public,5936
procedure,../scripts/../src/extlibs/xml/dom/m_dom_dom.F90,setDocumentElement,subroutine,public,6081
procedure,../scripts/../src/extlibs/xml/dom/m_dom_dom.F90,setdocumentURI,subroutine,public,8022
procedure,../scripts/../src/extlibs/xml/dom/m_dom_dom.F90,setdomConfig,subroutine,public,8418
procedure,../scripts/../src/extlibs/xml/dom/m_dom_dom.F90,setFoX_checks,subroutine,public,5891
procedure,../scripts/../src/extlibs/xml/dom/m_dom_dom.F90,setGCstate,subroutine,public,8854
procedure,../scripts/../src/extlibs/xml/dom/m_dom_dom.F90,setIdAttribute,subroutine,public,10074
procedure,../scripts/../src/extlibs/xml/dom/m_dom_dom.F90,setIdAttributeNode,subroutine,public,10149
procedure,../scripts/../src/extlibs/xml/dom/m_dom_dom.F90,setIdAttributeNS,subroutine,public,10111
procedure,../scripts/../src/extlibs/xml/dom/m_dom_dom.F90,setillFormed,subroutine,public,10996
procedure,../scripts/../src/extlibs/xml/dom/m_dom_dom.F90,setIsElementContentWhitespace,subroutine,public,11288
procedure,../scripts/../src/extlibs/xml/common/m_common_attrs.F90,setIsId_by_index,subroutine,private,888
procedure,../scripts/../src/extlibs/xml/dom/m_dom_dom.F90,setisId_DOM,subroutine,private,10298
procedure,../scripts/../src/extlibs/xml/dom/m_dom_dom.F90,setliveNodeLists,subroutine,public,8925
procedure,../scripts/../src/extlibs/xml/dom/m_dom_dom.F90,setNamedItem,function,public,4998
procedure,../scripts/../src/extlibs/xml/dom/m_dom_dom.F90,setNamedItemNS,function,public,5301
procedure,../scripts/../src/extlibs/xml/dom/m_dom_dom.F90,setnamespaceURI,subroutine,private,3351
procedure,../scripts/../src/extlibs/xml/dom/m_dom_dom.F90,setNodeValue,subroutine,public,1049
procedure,../scripts/../src/extlibs/xml/dom/m_dom_dom.F90,setownerDocument,subroutine,private,1305
procedure,../scripts/../src/extlibs/xml/dom/m_dom_dom.F90,setParameter,subroutine,public,503
procedure,../scripts/../src/extlibs/xml/dom/m_dom_dom.F90,setPrefix,subroutine,public,3434
procedure,../scripts/../src/extlibs/xml/dom/m_dom_dom.F90,setReadOnlyMap,subroutine,public,5546
procedure,../scripts/../src/extlibs/xml/dom/m_dom_dom.F90,setReadOnlyNode,subroutine,public,4646
procedure,../scripts/../src/extlibs/xml/common/m_common_attrs.F90,setSpecified,subroutine,private,778
procedure,../scripts/../src/extlibs/xml/dom/m_dom_dom.F90,setspecified,subroutine,public,10226
procedure,../scripts/../src/extlibs/xml/dom/m_dom_dom.F90,setstrictErrorChecking,subroutine,public,8094
procedure,../scripts/../src/extlibs/xml/dom/m_dom_dom.F90,setstringValue,subroutine,public,11085
procedure,../scripts/../src/extlibs/xml/dom/m_dom_dom.F90,setTextContent,subroutine,public,4177
procedure,../scripts/../src/extlibs/xml/dom/m_dom_dom.F90,setValue,subroutine,public,10407
procedure,../scripts/../src/extlibs/xml/dom/m_dom_dom.F90,setXds,subroutine,public,6006
procedure,../scripts/../src/extlibs/xml/dom/m_dom_dom.F90,setxmlStandalone,subroutine,public,7745
procedure,../scripts/../src/extlibs/xml/dom/m_dom_dom.F90,setXmlVersion,subroutine,public,7822
procedure,../scripts/../src/utils/math/simple_linalg.f90,sgelsy,subroutine,private,133
procedure,../scripts/../src/utils/math/simple_linalg.f90,sgemm,subroutine,private,113
procedure,../scripts/../src/utils/math/simple_linalg.f90,sgesvd,subroutine,private,171
procedure,../scripts/../src/utils/math/simple_linalg.f90,sgetrf,subroutine,private,187
procedure,../scripts/../src/utils/math/simple_linalg.f90,sgetri,subroutine,private,199
procedure,../scripts/../src/extlibs/xml/common/m_common_entities.F90,shallow_copy_entity,function,private,76
procedure,../scripts/../src/utils/math/simple_rnd.f90,shcloc,function,private,384
procedure,../scripts/../src/utils/qsys/simple_qsys_ctrl.f90,shell_quote,function,private,718
procedure,../scripts/../src/utils/math/simple_math.f90,shft,subroutine,private,1052
procedure,../scripts/../src/main/ori/simple_ori.f90,shift,subroutine,private,1444
procedure,../scripts/../src/utils/math/simple_rnd.f90,shuffle_1,subroutine,private,141
procedure,../scripts/../src/utils/math/simple_ran_tabu.f90,shuffle_1,subroutine,private,211
procedure,../scripts/../src/utils/math/simple_rnd.f90,shuffle_2,subroutine,private,153
procedure,../scripts/../src/utils/math/simple_ran_tabu.f90,shuffle_2,subroutine,private,226
procedure,../scripts/../src/defs/simple_type_defs.f90,sigma_array,type,private,146
procedure,../scripts/../src/fileio/simple_fileio.f90,simple_copy_file,subroutine,public,1066
procedure,../scripts/../src/utils/simple_jiffys.f90,simple_end,subroutine,private,67
procedure,../scripts/../src/utils/simple_jiffys.f90,simple_print_git_version,subroutine,private,61
procedure,../scripts/../src/utils/simple_jiffys.f90,simple_print_timer,subroutine,private,56
procedure,../scripts/../src/utils/math/simple_math.f90,sinc,function,private,1148
procedure,../scripts/../src/main/interp/simple_winfuns.f90,sinc_apod,function,private,318
procedure,../scripts/../src/main/interp/simple_winfuns.f90,sinc_instr,function,private,335
procedure,../scripts/../src/main/interp/simple_kbinterpol.f90,sinhc,function,private,493
procedure,../scripts/../src/extlibs/xml/common/m_common_entities.F90,size_el,function,private,69
procedure,../scripts/../src/utils/math/simple_stat.f90,smat2dmat,function,private,1148
procedure,../scripts/../src/main/stream/simple_stream_watcher.f90,sniff_folders_SJ,subroutine,private,418
procedure,../scripts/../src/utils/math/simple_linalg.f90,snrm2,function,private,121
procedure,../scripts/../src/utils/simple_segmentation.f90,sobel,subroutine,public,388
procedure,../scripts/../src/utils/structs/simple_chash.f90,sort,subroutine,private,522
procedure,../scripts/../src/extlibs/xml/common/m_common_attrs.F90,sortAttrs,subroutine,private,996
procedure,../scripts/../src/utils/math/simple_math.f90,sortmeans,subroutine,private,211
procedure,../scripts/../src/utils/simple_string_utils.f90,spaces,function,private,51
procedure,../scripts/../src/utils/math/simple_linalg.f90,sparse_eigh,subroutine,private,1233
procedure,../scripts/../src/utils/math/simple_stat.f90,spear,function,private,694
procedure,../scripts/../src/utils/simple_string_utils.f90,split_1,subroutine,private,216
procedure,../scripts/../src/utils/simple_string_utils.f90,split_2,subroutine,private,255
procedure,../scripts/../src/utils/simple_string_utils.f90,split_str,subroutine,private,201
procedure,../scripts/../src/extlibs/xml/dom/m_dom_dom.F90,splitText,function,public,11180
procedure,../scripts/../src/utils/math/simple_stat.f90,squared_sampling,subroutine,private,1039
procedure,../scripts/../src/main/interp/simple_edges_sqwins.f90,sqwin_1d_1,subroutine,private,257
procedure,../scripts/../src/main/interp/simple_edges_sqwins.f90,sqwin_1d_2,subroutine,private,269
procedure,../scripts/../src/main/interp/simple_edges_sqwins.f90,sqwin_2d_1,subroutine,private,282
procedure,../scripts/../src/main/interp/simple_edges_sqwins.f90,sqwin_2d_2,subroutine,private,291
procedure,../scripts/../src/main/interp/simple_edges_sqwins.f90,sqwin_3d_1,subroutine,private,301
procedure,../scripts/../src/main/interp/simple_edges_sqwins.f90,sqwin_3d_2,subroutine,private,311
procedure,../scripts/../src/utils/math/simple_linalg.f90,ssaupd,subroutine,private,247
procedure,../scripts/../src/utils/math/simple_linalg.f90,sseupd,subroutine,private,258
procedure,../scripts/../src/utils/math/simple_linalg.f90,ssyev,subroutine,private,213
procedure,../scripts/../src/utils/math/simple_linalg.f90,ssyevr,subroutine,private,237
procedure,../scripts/../src/utils/qsys/simple_qsys_ctrl.f90,stage_coarray_jobs,subroutine,private,420
procedure,../scripts/../src/extlibs/xml/common/m_common_namespaces.F90,start_prefix_handler,subroutine,private,454
procedure,../scripts/../src/fileio/simple_fileio.f90,stemname,function,public,589
procedure,../scripts/../src/main/strategies/search/simple_matcher_ptcl_io.f90,stk_dims,subroutine,private,34
procedure,../scripts/../src/extlibs/xml/wcml/m_wcml_stml.F90,stmAddChArr,subroutine,private,633
procedure,../scripts/../src/extlibs/xml/wcml/m_wcml_stml.F90,stmAddChMat,subroutine,private,945
procedure,../scripts/../src/extlibs/xml/wcml/m_wcml_stml.F90,stmAddChSca,subroutine,private,334
procedure,../scripts/../src/extlibs/xml/wcml/m_wcml_stml.F90,stmAddCmplxDpArr,subroutine,private,381
procedure,../scripts/../src/extlibs/xml/wcml/m_wcml_stml.F90,stmAddCmplxDpMat,subroutine,private,687
procedure,../scripts/../src/extlibs/xml/wcml/m_wcml_stml.F90,stmAddCmplxDpSca,subroutine,private,88
procedure,../scripts/../src/extlibs/xml/wcml/m_wcml_stml.F90,stmAddCmplxSpArr,subroutine,private,424
procedure,../scripts/../src/extlibs/xml/wcml/m_wcml_stml.F90,stmAddCmplxSpMat,subroutine,private,731
procedure,../scripts/../src/extlibs/xml/wcml/m_wcml_stml.F90,stmAddCmplxSpSca,subroutine,private,130
procedure,../scripts/../src/extlibs/xml/wcml/m_wcml_stml.F90,stmAddIntArr,subroutine,private,553
procedure,../scripts/../src/extlibs/xml/wcml/m_wcml_stml.F90,stmAddIntMat,subroutine,private,863
procedure,../scripts/../src/extlibs/xml/wcml/m_wcml_stml.F90,stmAddIntSca,subroutine,private,256
procedure,../scripts/../src/extlibs/xml/wcml/m_wcml_stml.F90,stmAddLgArr,subroutine,private,595
procedure,../scripts/../src/extlibs/xml/wcml/m_wcml_stml.F90,stmAddLgMat,subroutine,private,906
procedure,../scripts/../src/extlibs/xml/wcml/m_wcml_stml.F90,stmAddLgSca,subroutine,private,297
procedure,../scripts/../src/extlibs/xml/wcml/m_wcml_stml.F90,stmAddRealDpArr,subroutine,private,467
procedure,../scripts/../src/extlibs/xml/wcml/m_wcml_stml.F90,stmAddRealDpMat,subroutine,private,775
procedure,../scripts/../src/extlibs/xml/wcml/m_wcml_stml.F90,stmAddRealDpSca,subroutine,private,172
procedure,../scripts/../src/extlibs/xml/wcml/m_wcml_stml.F90,stmAddRealSpArr,subroutine,private,510
procedure,../scripts/../src/extlibs/xml/wcml/m_wcml_stml.F90,stmAddRealSpMat,subroutine,private,819
procedure,../scripts/../src/extlibs/xml/wcml/m_wcml_stml.F90,stmAddRealSpSca,subroutine,private,214
procedure,../scripts/../src/utils/simple_string_utils.f90,str2format_1,subroutine,private,73
procedure,../scripts/../src/utils/simple_string_utils.f90,str2format_2,subroutine,private,84
procedure,../scripts/../src/main/ori/simple_ori.f90,str2ori,subroutine,private,711
procedure,../scripts/../src/utils/simple_string_utils.f90,str2real_1,function,private,396
procedure,../scripts/../src/utils/simple_string_utils.f90,str2real_2,function,private,405
procedure,../scripts/../src/utils/simple_sauron.f90,str2realdp_local,subroutine,private,22
procedure,../scripts/../src/extlibs/xml/fsys/fox_m_fsys_format.F90,str_complex_dp,function,private,1975
procedure,../scripts/../src/extlibs/xml/fsys/fox_m_fsys_format.F90,str_complex_dp_array,function,private,2021
procedure,../scripts/../src/extlibs/xml/fsys/fox_m_fsys_format.F90,str_complex_dp_array_fmt,function,private,1988
procedure,../scripts/../src/extlibs/xml/fsys/fox_m_fsys_format.F90,str_complex_dp_array_fmt_chk,function,private,2004
procedure,../scripts/../src/extlibs/xml/fsys/fox_m_fsys_format.F90,str_complex_dp_array_fmt_len,function,private,613
procedure,../scripts/../src/extlibs/xml/fsys/fox_m_fsys_format.F90,str_complex_dp_array_len,function,private,626
procedure,../scripts/../src/extlibs/xml/fsys/fox_m_fsys_format.F90,str_complex_dp_fmt,function,private,1960
procedure,../scripts/../src/extlibs/xml/fsys/fox_m_fsys_format.F90,str_complex_dp_fmt_chk,function,private,1942
procedure,../scripts/../src/extlibs/xml/fsys/fox_m_fsys_format.F90,str_complex_dp_fmt_len,function,private,594
procedure,../scripts/../src/extlibs/xml/fsys/fox_m_fsys_format.F90,str_complex_dp_len,function,private,606
procedure,../scripts/../src/extlibs/xml/fsys/fox_m_fsys_format.F90,str_complex_dp_matrix,function,private,2077
procedure,../scripts/../src/extlibs/xml/fsys/fox_m_fsys_format.F90,str_complex_dp_matrix_fmt,function,private,2034
procedure,../scripts/../src/extlibs/xml/fsys/fox_m_fsys_format.F90,str_complex_dp_matrix_fmt_chk,function,private,2060
procedure,../scripts/../src/extlibs/xml/fsys/fox_m_fsys_format.F90,str_complex_dp_matrix_fmt_len,function,private,633
procedure,../scripts/../src/extlibs/xml/fsys/fox_m_fsys_format.F90,str_complex_dp_matrix_len,function,private,648
procedure,../scripts/../src/extlibs/xml/fsys/fox_m_fsys_format.F90,str_complex_sp,function,private,1828
procedure,../scripts/../src/extlibs/xml/fsys/fox_m_fsys_format.F90,str_complex_sp_array,function,private,1874
procedure,../scripts/../src/extlibs/xml/fsys/fox_m_fsys_format.F90,str_complex_sp_array_fmt,function,private,1841
procedure,../scripts/../src/extlibs/xml/fsys/fox_m_fsys_format.F90,str_complex_sp_array_fmt_chk,function,private,1857
procedure,../scripts/../src/extlibs/xml/fsys/fox_m_fsys_format.F90,str_complex_sp_array_fmt_len,function,private,552
procedure,../scripts/../src/extlibs/xml/fsys/fox_m_fsys_format.F90,str_complex_sp_array_len,function,private,565
procedure,../scripts/../src/extlibs/xml/fsys/fox_m_fsys_format.F90,str_complex_sp_fmt,function,private,1813
procedure,../scripts/../src/extlibs/xml/fsys/fox_m_fsys_format.F90,str_complex_sp_fmt_chk,function,private,1795
procedure,../scripts/../src/extlibs/xml/fsys/fox_m_fsys_format.F90,str_complex_sp_fmt_len,function,private,533
procedure,../scripts/../src/extlibs/xml/fsys/fox_m_fsys_format.F90,str_complex_sp_len,function,private,545
procedure,../scripts/../src/extlibs/xml/fsys/fox_m_fsys_format.F90,str_complex_sp_matrix,function,private,1930
procedure,../scripts/../src/extlibs/xml/fsys/fox_m_fsys_format.F90,str_complex_sp_matrix_fmt,function,private,1887
procedure,../scripts/../src/extlibs/xml/fsys/fox_m_fsys_format.F90,str_complex_sp_matrix_fmt_chk,function,private,1913
procedure,../scripts/../src/extlibs/xml/fsys/fox_m_fsys_format.F90,str_complex_sp_matrix_fmt_len,function,private,572
procedure,../scripts/../src/extlibs/xml/fsys/fox_m_fsys_format.F90,str_complex_sp_matrix_len,function,private,587
procedure,../scripts/../src/extlibs/xml/fsys/fox_m_fsys_format.F90,str_integer,function,private,817
procedure,../scripts/../src/extlibs/xml/fsys/fox_m_fsys_format.F90,str_integer_array,function,private,900
procedure,../scripts/../src/extlibs/xml/fsys/fox_m_fsys_format.F90,str_integer_array_fmt,function,private,920
procedure,../scripts/../src/extlibs/xml/fsys/fox_m_fsys_format.F90,str_integer_array_fmt_len,function,private,202
procedure,../scripts/../src/extlibs/xml/fsys/fox_m_fsys_format.F90,str_integer_array_len,function,private,188
procedure,../scripts/../src/extlibs/xml/fsys/fox_m_fsys_format.F90,str_integer_base_len,function,private,151
procedure,../scripts/../src/extlibs/xml/fsys/fox_m_fsys_format.F90,str_integer_fmt,function,private,845
procedure,../scripts/../src/extlibs/xml/fsys/fox_m_fsys_format.F90,str_integer_fmt_len,function,private,160
procedure,../scripts/../src/extlibs/xml/fsys/fox_m_fsys_format.F90,str_integer_len,function,private,143
procedure,../scripts/../src/extlibs/xml/fsys/fox_m_fsys_format.F90,str_integer_matrix,function,private,941
procedure,../scripts/../src/extlibs/xml/fsys/fox_m_fsys_format.F90,str_integer_matrix_fmt,function,private,967
procedure,../scripts/../src/extlibs/xml/fsys/fox_m_fsys_format.F90,str_integer_matrix_fmt_len,function,private,233
procedure,../scripts/../src/extlibs/xml/fsys/fox_m_fsys_format.F90,str_integer_matrix_len,function,private,217
procedure,../scripts/../src/extlibs/xml/fsys/fox_m_fsys_format.F90,str_logical,function,private,993
procedure,../scripts/../src/extlibs/xml/fsys/fox_m_fsys_format.F90,str_logical_array,function,private,1012
procedure,../scripts/../src/extlibs/xml/fsys/fox_m_fsys_format.F90,str_logical_array_len,function,private,261
procedure,../scripts/../src/extlibs/xml/fsys/fox_m_fsys_format.F90,str_logical_len,function,private,250
procedure,../scripts/../src/extlibs/xml/fsys/fox_m_fsys_format.F90,str_logical_matrix,function,private,1041
procedure,../scripts/../src/extlibs/xml/fsys/fox_m_fsys_format.F90,str_logical_matrix_len,function,private,269
procedure,../scripts/../src/utils/simple_string_utils.f90,str_pad,function,private,496
procedure,../scripts/../src/extlibs/xml/fsys/fox_m_fsys_format.F90,str_real_dp,function,private,1667
procedure,../scripts/../src/extlibs/xml/fsys/fox_m_fsys_format.F90,str_real_dp_array,function,private,1679
procedure,../scripts/../src/extlibs/xml/fsys/fox_m_fsys_format.F90,str_real_dp_array_fmt,function,private,1700
procedure,../scripts/../src/extlibs/xml/fsys/fox_m_fsys_format.F90,str_real_dp_array_fmt_chk,function,private,1718
procedure,../scripts/../src/extlibs/xml/fsys/fox_m_fsys_format.F90,str_real_dp_array_fmt_len,function,private,496
procedure,../scripts/../src/extlibs/xml/fsys/fox_m_fsys_format.F90,str_real_dp_array_len,function,private,483
procedure,../scripts/../src/extlibs/xml/fsys/fox_m_fsys_format.F90,str_real_dp_fmt,function,private,1544
procedure,../scripts/../src/extlibs/xml/fsys/fox_m_fsys_format.F90,str_real_dp_fmt_chk,function,private,1526
procedure,../scripts/../src/extlibs/xml/fsys/fox_m_fsys_format.F90,str_real_dp_fmt_len,function,private,405
procedure,../scripts/../src/extlibs/xml/fsys/fox_m_fsys_format.F90,str_real_dp_len,function,private,475
procedure,../scripts/../src/extlibs/xml/fsys/fox_m_fsys_format.F90,str_real_dp_matrix,function,private,1779
procedure,../scripts/../src/extlibs/xml/fsys/fox_m_fsys_format.F90,str_real_dp_matrix_fmt,function,private,1736
procedure,../scripts/../src/extlibs/xml/fsys/fox_m_fsys_format.F90,str_real_dp_matrix_fmt_chk,function,private,1762
procedure,../scripts/../src/extlibs/xml/fsys/fox_m_fsys_format.F90,str_real_dp_matrix_fmt_len,function,private,510
procedure,../scripts/../src/extlibs/xml/fsys/fox_m_fsys_format.F90,str_real_dp_matrix_len,function,private,526
procedure,../scripts/../src/extlibs/xml/fsys/fox_m_fsys_format.F90,str_real_sp,function,private,1336
procedure,../scripts/../src/extlibs/xml/fsys/fox_m_fsys_format.F90,str_real_sp_array,function,private,1348
procedure,../scripts/../src/extlibs/xml/fsys/fox_m_fsys_format.F90,str_real_sp_array_fmt,function,private,1369
procedure,../scripts/../src/extlibs/xml/fsys/fox_m_fsys_format.F90,str_real_sp_array_fmt_chk,function,private,1387
procedure,../scripts/../src/extlibs/xml/fsys/fox_m_fsys_format.F90,str_real_sp_array_fmt_len,function,private,368
procedure,../scripts/../src/extlibs/xml/fsys/fox_m_fsys_format.F90,str_real_sp_array_len,function,private,355
procedure,../scripts/../src/extlibs/xml/fsys/fox_m_fsys_format.F90,str_real_sp_fmt,function,private,1214
procedure,../scripts/../src/extlibs/xml/fsys/fox_m_fsys_format.F90,str_real_sp_fmt_chk,function,private,1196
procedure,../scripts/../src/extlibs/xml/fsys/fox_m_fsys_format.F90,str_real_sp_fmt_len,function,private,277
procedure,../scripts/../src/extlibs/xml/fsys/fox_m_fsys_format.F90,str_real_sp_len,function,private,347
procedure,../scripts/../src/extlibs/xml/fsys/fox_m_fsys_format.F90,str_real_sp_matrix,function,private,1448
procedure,../scripts/../src/extlibs/xml/fsys/fox_m_fsys_format.F90,str_real_sp_matrix_fmt,function,private,1405
procedure,../scripts/../src/extlibs/xml/fsys/fox_m_fsys_format.F90,str_real_sp_matrix_fmt_chk,function,private,1431
procedure,../scripts/../src/extlibs/xml/fsys/fox_m_fsys_format.F90,str_real_sp_matrix_fmt_len,function,private,382
procedure,../scripts/../src/extlibs/xml/fsys/fox_m_fsys_format.F90,str_real_sp_matrix_len,function,private,398
procedure,../scripts/../src/extlibs/xml/fsys/fox_m_fsys_format.F90,str_string,function,private,746
procedure,../scripts/../src/extlibs/xml/fsys/fox_m_fsys_format.F90,str_string_array,function,private,757
procedure,../scripts/../src/extlibs/xml/fsys/fox_m_fsys_format.F90,str_string_array_len,function,private,123
procedure,../scripts/../src/extlibs/xml/fsys/fox_m_fsys_format.F90,str_string_matrix,function,private,784
procedure,../scripts/../src/extlibs/xml/fsys/fox_m_fsys_format.F90,str_string_matrix_len,function,private,136
procedure,../scripts/../src/extlibs/xml/fsys/fox_m_fsys_format.F90,str_to_int_10,function,public,672
procedure,../scripts/../src/extlibs/xml/fsys/fox_m_fsys_format.F90,str_to_int_16,function,public,699
procedure,../scripts/../src/extlibs/xml/fsys/fox_m_fsys_array_str.F90,str_vs,function,public,31
procedure,../scripts/../src/utils/simple_string.f90,string,type,public,19
procedure,../scripts/../src/extlibs/json/json_value_module.f90,string_to_dble,function,private,7737
procedure,../scripts/../src/extlibs/json/json_value_module.f90,string_to_int,function,private,7704
procedure,../scripts/../src/extlibs/json/json_string_utilities.f90,string_to_integer,subroutine,public,114
procedure,../scripts/../src/extlibs/json/json_string_utilities.f90,string_to_real,subroutine,public,191
procedure,../scripts/../src/extlibs/xml/common/m_common_element.F90,strip_spaces,function,private,736
procedure,../scripts/../src/utils/qsys/simple_qsys_ctrl.f90,submit_coarray_jobs,subroutine,private,740
procedure,../scripts/../src/utils/qsys/simple_qsys_ctrl.f90,submit_script,subroutine,private,836
procedure,../scripts/../src/utils/qsys/simple_qsys_ctrl.f90,submit_scripts,subroutine,private,780
procedure,../scripts/../src/utils/simple_string.f90,substr_remove,function,private,268
procedure,../scripts/../src/utils/simple_string.f90,substr_replace,subroutine,private,360
procedure,../scripts/../src/extlibs/xml/dom/m_dom_dom.F90,subStringData,function,public,10486
procedure,../scripts/../src/extlibs/gnufor/gnufor2.f90,surf_1,subroutine,private,1123
procedure,../scripts/../src/extlibs/gnufor/gnufor2.f90,surf_2,subroutine,private,1097
procedure,../scripts/../src/extlibs/gnufor/gnufor2.f90,surf_3,subroutine,private,1064
procedure,../scripts/../src/utils/math/simple_linalg.f90,svbksb_dp,subroutine,private,582
procedure,../scripts/../src/utils/math/simple_linalg.f90,svbksb_sp,subroutine,private,570
procedure,../scripts/../src/utils/math/simple_linalg.f90,svd_multifit_dp,subroutine,private,729
procedure,../scripts/../src/utils/math/simple_linalg.f90,svd_multifit_sp,subroutine,private,700
procedure,../scripts/../src/utils/math/simple_linalg.f90,svd_solve,subroutine,private,1015
procedure,../scripts/../src/utils/math/simple_linalg.f90,svdcmp_dp,subroutine,private,619
procedure,../scripts/../src/utils/math/simple_linalg.f90,svdcmp_sp,subroutine,private,594
procedure,../scripts/../src/utils/math/simple_linalg.f90,svdfit_dp,subroutine,private,672
procedure,../scripts/../src/utils/math/simple_linalg.f90,svdfit_sp,subroutine,private,644
procedure,../scripts/../src/utils/math/simple_linalg.f90,svdvar,subroutine,private,758
procedure,../scripts/../src/utils/simple_jiffys.f90,swap_c,subroutine,private,175
procedure,../scripts/../src/utils/simple_jiffys.f90,swap_cm,subroutine,private,191
procedure,../scripts/../src/utils/simple_jiffys.f90,swap_cv,subroutine,private,183
procedure,../scripts/../src/utils/simple_jiffys.f90,swap_i,subroutine,private,151
procedure,../scripts/../src/extlibs/json/json_value_module.f90,swap_pointers,subroutine,private,2444
procedure,../scripts/../src/utils/simple_jiffys.f90,swap_r,subroutine,private,159
procedure,../scripts/../src/utils/simple_jiffys.f90,swap_rv,subroutine,private,167
procedure,../scripts/../src/fileio/simple_fileio.f90,swap_suffix_1,function,public,454
procedure,../scripts/../src/fileio/simple_fileio.f90,swap_suffix_2,function,public,466
procedure,../scripts/../src/main/ori/simple_ori.f90,swape1e3,subroutine,private,408
procedure,../scripts/../src/main/simple_sym.f90,sym_dists_1,subroutine,private,382
procedure,../scripts/../src/main/simple_sym.f90,sym_dists_2,subroutine,private,428
procedure,../scripts/../src/main/simple_sym.f90,sym_tester,subroutine,private,2036
procedure,../scripts/../src/main/simple_sym.f90,symrandomize,subroutine,private,724
procedure,../scripts/../src/main/image/simple_ftiter.f90,test_addr,subroutine,private,385
procedure,../scripts/../src/utils/math/simple_linalg.f90,test_eigh,subroutine,private,1357
procedure,../scripts/../src/main/image/simple_ftiter.f90,test_ftiter,subroutine,private,369
procedure,../scripts/../src/main/image/simple_image.f90,test_image,subroutine,private,2758
procedure,../scripts/../src/main/image/simple_image.f90,test_image_local,subroutine,private,2768
procedure,../scripts/../src/utils/simple_segmentation.f90,threshold_for_no_peaks,subroutine,public,189
procedure,../scripts/../src/utils/simple_segmentation.f90,threshold_for_npeaks,subroutine,public,171
procedure,../scripts/../src/extlibs/json/json_value_module.f90,to_array,subroutine,private,10114
procedure,../scripts/../src/utils/simple_string.f90,to_char_1,function,private,144
procedure,../scripts/../src/utils/simple_string.f90,to_char_2,function,private,155
procedure,../scripts/../src/utils/simple_string_utils.f90,to_cstring,function,private,1056
procedure,../scripts/../src/extlibs/json/json_value_module.f90,to_double,subroutine,private,9975
procedure,../scripts/../src/utils/simple_string.f90,to_fnv1a_hash64,function,private,235
procedure,../scripts/../src/extlibs/json/json_value_module.f90,to_integer,subroutine,private,9944
procedure,../scripts/../src/extlibs/json/json_value_module.f90,to_logical,subroutine,private,9913
procedure,../scripts/../src/extlibs/xml/fsys/fox_m_fsys_format.F90,to_lower,function,private,728
procedure,../scripts/../src/extlibs/json/json_value_module.f90,to_null,subroutine,private,10068
procedure,../scripts/../src/extlibs/json/json_value_module.f90,to_object,subroutine,private,10091
procedure,../scripts/../src/utils/simple_string.f90,to_static_1,subroutine,private,171
procedure,../scripts/../src/utils/simple_string.f90,to_static_2,subroutine,private,182
procedure,../scripts/../src/extlibs/json/json_value_module.f90,to_string,subroutine,private,10009
procedure,../scripts/../src/extlibs/json/json_string_utilities.f90,to_uni,function,private,622
procedure,../scripts/../src/extlibs/json/json_string_utilities.f90,to_uni_vec,function,private,641
procedure,../scripts/../src/extlibs/xml/fsys/fox_m_fsys_string_list.F90,tokenize_and_add_strings,subroutine,private,146
procedure,../scripts/../src/extlibs/xml/fsys/fox_m_fsys_string_list.F90,tokenize_to_string_list,function,private,93
procedure,../scripts/../src/utils/math/simple_linalg.f90,trace,function,private,773
procedure,../scripts/../src/main/ori/simple_ori.f90,transfer_2Dparams,subroutine,private,312
procedure,../scripts/../src/main/ori/simple_ori.f90,transfer_3Dparams,subroutine,private,340
procedure,../scripts/../src/main/ori/simple_ori.f90,transfmat2inpls,subroutine,private,1519
procedure,../scripts/../src/main/ori/simple_ori.f90,transp,subroutine,private,1617
procedure,../scripts/../src/extlibs/json/json_value_module.f90,traverse,subroutine,private,8964
procedure,../scripts/../src/extlibs/json/json_string_utilities.f90,ucs4_comp_default,function,private,694
procedure,../scripts/../src/extlibs/json/json_string_utilities.f90,ucs4_join_default,function,private,658
procedure,../scripts/../src/extlibs/json/json_string_utilities.f90,ucs4_neq_default,function,private,730
procedure,../scripts/../src/extlibs/json/json_string_utilities.f90,unescape_string,subroutine,public,437
procedure,../scripts/../src/utils/math/simple_srch_sort_loc.f90,unique,subroutine,private,660
procedure,../scripts/../src/main/image/simple_image.f90,unmemoize_mask_coords,subroutine,private,2742
procedure,../scripts/../src/main/image/simple_image.f90,unmemoize_powspec_coords,subroutine,private,2748
procedure,../scripts/../src/utils/qsys/simple_qsys_ctrl.f90,update_queue,subroutine,private,918
procedure,../scripts/../src/extlibs/xml/dom/m_dom_dom.F90,updateNodeLists,subroutine,private,4924
procedure,../scripts/../src/utils/qsys/simple_qsys_ctrl.f90,updatestack,subroutine,private,1049
procedure,../scripts/../src/extlibs/xml/dom/m_dom_dom.F90,updateTextContentLength,subroutine,private,4038
procedure,../scripts/../src/utils/simple_string_utils.f90,uppercase,function,private,550
procedure,../scripts/../src/utils/math/simple_linalg.f90,vabs_dp,function,private,789
procedure,../scripts/../src/utils/math/simple_linalg.f90,vabs_sp,function,private,783
procedure,../scripts/../src/extlibs/json/json_string_utilities.f90,valid_json_hex,function,public,586
procedure,../scripts/../src/utils/math/simple_linalg.f90,vector_angle_norm,function,private,795
procedure,../scripts/../src/utils/math/simple_math.f90,vis_2Dinteger_mat,subroutine,private,155
procedure,../scripts/../src/utils/math/simple_math.f90,vis_2Dreal_mat,subroutine,private,146
procedure,../scripts/../src/utils/math/simple_math.f90,vis_3Dinteger_mat,subroutine,private,173
procedure,../scripts/../src/utils/math/simple_math.f90,vis_3Dreal_mat,subroutine,private,164
procedure,../scripts/../src/utils/math/simple_linalg.f90,vox2ang,function,private,847
procedure,../scripts/../src/extlibs/xml/fsys/fox_m_fsys_array_str.F90,vs_s_concat,function,private,73
procedure,../scripts/../src/extlibs/xml/fsys/fox_m_fsys_array_str.F90,vs_str,function,public,46
procedure,../scripts/../src/extlibs/xml/fsys/fox_m_fsys_array_str.F90,vs_str_alloc,function,public,53
procedure,../scripts/../src/extlibs/xml/fsys/fox_m_fsys_array_str.F90,vs_vs_alloc,function,public,61
procedure,../scripts/../src/fileio/simple_fileio.f90,wait_for_closure,subroutine,public,275
procedure,../scripts/../src/main/stream/simple_stream_watcher.f90,watch,subroutine,private,137
procedure,../scripts/../src/main/stream/simple_stream_watcher.f90,watchdirs,subroutine,private,345
procedure,../scripts/../src/main/interp/simple_winfuns.f90,which,function,private,129
procedure,../scripts/../src/main/stream/simple_stream_watcher.f90,workout_directory_structure,subroutine,private,457
procedure,../scripts/../src/extlibs/json/json_value_module.f90,wrap_json_add_double_by_path,subroutine,private,3572
procedure,../scripts/../src/extlibs/json/json_value_module.f90,wrap_json_add_double_vec_by_path,subroutine,private,3991
procedure,../scripts/../src/extlibs/json/json_value_module.f90,wrap_json_add_integer_by_path,subroutine,private,3485
procedure,../scripts/../src/extlibs/json/json_value_module.f90,wrap_json_add_integer_vec_by_path,subroutine,private,3863
procedure,../scripts/../src/extlibs/json/json_value_module.f90,wrap_json_add_logical_by_path,subroutine,private,3659
procedure,../scripts/../src/extlibs/json/json_value_module.f90,wrap_json_add_logical_vec_by_path,subroutine,private,3927
procedure,../scripts/../src/extlibs/json/json_value_module.f90,wrap_json_add_member_by_path,subroutine,private,3398
procedure,../scripts/../src/extlibs/json/json_value_module.f90,wrap_json_add_string_by_path,subroutine,private,3749
procedure,../scripts/../src/extlibs/json/json_value_module.f90,wrap_json_add_string_vec_by_path,subroutine,private,4099
procedure,../scripts/../src/extlibs/json/json_value_module.f90,wrap_json_create_by_path,subroutine,private,6303
procedure,../scripts/../src/extlibs/json/json_file_module.f90,wrap_json_file_add_double,subroutine,private,1608
procedure,../scripts/../src/extlibs/json/json_file_module.f90,wrap_json_file_add_double_vec,subroutine,private,1650
procedure,../scripts/../src/extlibs/json/json_file_module.f90,wrap_json_file_add_integer,subroutine,private,1524
procedure,../scripts/../src/extlibs/json/json_file_module.f90,wrap_json_file_add_integer_vec,subroutine,private,1566
procedure,../scripts/../src/extlibs/json/json_file_module.f90,wrap_json_file_add_logical,subroutine,private,1692
procedure,../scripts/../src/extlibs/json/json_file_module.f90,wrap_json_file_add_logical_vec,subroutine,private,1734
procedure,../scripts/../src/extlibs/json/json_file_module.f90,wrap_json_file_add_object,subroutine,private,1482
procedure,../scripts/../src/extlibs/json/json_file_module.f90,wrap_json_file_add_string,subroutine,private,1779
procedure,../scripts/../src/extlibs/json/json_file_module.f90,wrap_json_file_add_string_vec,subroutine,private,1887
procedure,../scripts/../src/extlibs/json/json_file_module.f90,wrap_json_file_get_alloc_string_vec,subroutine,private,1438
procedure,../scripts/../src/extlibs/json/json_file_module.f90,wrap_json_file_get_double,subroutine,private,1204
procedure,../scripts/../src/extlibs/json/json_file_module.f90,wrap_json_file_get_double_vec,subroutine,private,1242
procedure,../scripts/../src/extlibs/json/json_file_module.f90,wrap_json_file_get_integer,subroutine,private,1128
procedure,../scripts/../src/extlibs/json/json_file_module.f90,wrap_json_file_get_integer_vec,subroutine,private,1166
procedure,../scripts/../src/extlibs/json/json_file_module.f90,wrap_json_file_get_logical,subroutine,private,1280
procedure,../scripts/../src/extlibs/json/json_file_module.f90,wrap_json_file_get_logical_vec,subroutine,private,1318
procedure,../scripts/../src/extlibs/json/json_file_module.f90,wrap_json_file_get_object,subroutine,private,1090
procedure,../scripts/../src/extlibs/json/json_file_module.f90,wrap_json_file_get_string,subroutine,private,1357
procedure,../scripts/../src/extlibs/json/json_file_module.f90,wrap_json_file_get_string_vec,subroutine,private,1395
procedure,../scripts/../src/extlibs/json/json_file_module.f90,wrap_json_file_load_from_string,subroutine,private,661
procedure,../scripts/../src/extlibs/json/json_file_module.f90,wrap_json_file_remove,subroutine,private,2233
procedure,../scripts/../src/extlibs/json/json_file_module.f90,wrap_json_file_rename,subroutine,private,1014
procedure,../scripts/../src/extlibs/json/json_file_module.f90,wrap_json_file_update_integer,subroutine,private,1998
procedure,../scripts/../src/extlibs/json/json_file_module.f90,wrap_json_file_update_logical,subroutine,private,2041
procedure,../scripts/../src/extlibs/json/json_file_module.f90,wrap_json_file_update_real,subroutine,private,2084
procedure,../scripts/../src/extlibs/json/json_file_module.f90,wrap_json_file_update_string,subroutine,private,2130
procedure,../scripts/../src/extlibs/json/json_file_module.f90,wrap_json_file_valid_path,function,private,977
procedure,../scripts/../src/extlibs/json/json_file_module.f90,wrap_json_file_valid_path_op,function,private,941
procedure,../scripts/../src/extlibs/json/json_file_module.f90,wrap_json_file_variable_info,subroutine,private,804
procedure,../scripts/../src/extlibs/json/json_file_module.f90,wrap_json_file_variable_matrix_info,subroutine,private,861
procedure,../scripts/../src/extlibs/json/json_value_module.f90,wrap_json_get_alloc_string_vec_by_path,subroutine,private,8872
procedure,../scripts/../src/extlibs/json/json_value_module.f90,wrap_json_get_array_by_path,subroutine,private,9056
procedure,../scripts/../src/extlibs/json/json_value_module.f90,wrap_json_get_by_path,subroutine,private,7405
procedure,../scripts/../src/extlibs/json/json_value_module.f90,wrap_json_get_double_by_path,subroutine,private,8097
procedure,../scripts/../src/extlibs/json/json_value_module.f90,wrap_json_get_double_vec_by_path,subroutine,private,8207
procedure,../scripts/../src/extlibs/json/json_value_module.f90,wrap_json_get_integer_by_path,subroutine,private,7866
procedure,../scripts/../src/extlibs/json/json_value_module.f90,wrap_json_get_integer_vec_by_path,subroutine,private,7976
procedure,../scripts/../src/extlibs/json/json_value_module.f90,wrap_json_get_logical_by_path,subroutine,private,8325
procedure,../scripts/../src/extlibs/json/json_value_module.f90,wrap_json_get_logical_vec_by_path,subroutine,private,8435
procedure,../scripts/../src/extlibs/json/json_value_module.f90,wrap_json_get_path,subroutine,private,7669
procedure,../scripts/../src/extlibs/json/json_value_module.f90,wrap_json_get_string_by_path,subroutine,private,8601
procedure,../scripts/../src/extlibs/json/json_value_module.f90,wrap_json_get_string_vec_by_path,subroutine,private,8719
procedure,../scripts/../src/extlibs/json/json_value_module.f90,wrap_json_info_by_path,subroutine,private,1513
procedure,../scripts/../src/extlibs/json/json_value_module.f90,wrap_json_matrix_info_by_path,subroutine,private,1748
procedure,../scripts/../src/extlibs/json/json_value_module.f90,wrap_json_parse_string,subroutine,private,9252
procedure,../scripts/../src/extlibs/json/json_value_module.f90,wrap_json_rename_by_path,subroutine,private,6372
procedure,../scripts/../src/extlibs/json/json_value_module.f90,wrap_json_throw_exception,subroutine,private,1874
procedure,../scripts/../src/extlibs/json/json_value_module.f90,wrap_json_update_double,subroutine,private,2921
procedure,../scripts/../src/extlibs/json/json_value_module.f90,wrap_json_update_integer,subroutine,private,2983
procedure,../scripts/../src/extlibs/json/json_value_module.f90,wrap_json_update_logical,subroutine,private,2859
procedure,../scripts/../src/extlibs/json/json_value_module.f90,wrap_json_update_string,subroutine,private,3050
procedure,../scripts/../src/extlibs/json/json_value_module.f90,wrap_json_valid_path,function,private,6157
procedure,../scripts/../src/extlibs/json/json_value_module.f90,wrap_json_value_add_double,subroutine,private,4215
procedure,../scripts/../src/extlibs/json/json_value_module.f90,wrap_json_value_add_double_vec,subroutine,private,4268
procedure,../scripts/../src/extlibs/json/json_value_module.f90,wrap_json_value_add_integer,subroutine,private,4358
procedure,../scripts/../src/extlibs/json/json_value_module.f90,wrap_json_value_add_integer_vec,subroutine,private,4411
procedure,../scripts/../src/extlibs/json/json_value_module.f90,wrap_json_value_add_logical,subroutine,private,4458
procedure,../scripts/../src/extlibs/json/json_value_module.f90,wrap_json_value_add_logical_vec,subroutine,private,4511
procedure,../scripts/../src/extlibs/json/json_value_module.f90,wrap_json_value_add_null,subroutine,private,4312
procedure,../scripts/../src/extlibs/json/json_value_module.f90,wrap_json_value_add_string,subroutine,private,4560
procedure,../scripts/../src/extlibs/json/json_value_module.f90,wrap_json_value_add_string_vec,subroutine,private,4657
procedure,../scripts/../src/extlibs/json/json_value_module.f90,wrap_json_value_create_array,subroutine,private,9895
procedure,../scripts/../src/extlibs/json/json_value_module.f90,wrap_json_value_create_double,subroutine,private,9697
procedure,../scripts/../src/extlibs/json/json_value_module.f90,wrap_json_value_create_integer,subroutine,private,9648
procedure,../scripts/../src/extlibs/json/json_value_module.f90,wrap_json_value_create_logical,subroutine,private,9599
procedure,../scripts/../src/extlibs/json/json_value_module.f90,wrap_json_value_create_null,subroutine,private,9798
procedure,../scripts/../src/extlibs/json/json_value_module.f90,wrap_json_value_create_object,subroutine,private,9848
procedure,../scripts/../src/extlibs/json/json_value_module.f90,wrap_json_value_create_string,subroutine,private,9748
procedure,../scripts/../src/extlibs/json/json_value_module.f90,wrap_json_value_get_child_by_name,subroutine,private,5233
procedure,../scripts/../src/extlibs/json/json_value_module.f90,wrap_json_value_remove_if_present,subroutine,private,2799
procedure,../scripts/../src/extlibs/json/json_value_module.f90,wrap_json_value_rename,subroutine,private,1801
procedure,../scripts/../src/main/ori/simple_ori.f90,write,subroutine,private,1416
procedure,../scripts/../src/main/ori/simple_ori.f90,write2bild,subroutine,private,1268
procedure,../scripts/../src/extlibs/xml/wxml/m_wxml_core.F90,write_attributes,subroutine,private,1759
procedure,../scripts/../src/main/stream/simple_stream_watcher.f90,write_checkpoint,subroutine,private,118
procedure,../scripts/../src/fileio/simple_fileio.f90,write_filetable,subroutine,public,826
procedure,../scripts/../src/utils/simple_imgarr_utils.f90,write_imgarr_1,subroutine,public,183
procedure,../scripts/../src/utils/simple_imgarr_utils.f90,write_imgarr_2,subroutine,public,205
procedure,../scripts/../src/utils/simple_imgarr_utils.f90,write_imgarr_3,subroutine,public,215
procedure,../scripts/../src/extlibs/json/json_value_module.f90,write_it,subroutine,private,6058
procedure,../scripts/../src/extlibs/json/json_value_module.f90,write_it_fast,subroutine,private,5628
procedure,../scripts/../src/utils/simple_imgarr_utils.f90,write_junk_cavgs,subroutine,public,231
procedure,../scripts/../src/main/simple_eul_prob_tab_utils.f90,write_seed_shift_table,subroutine,private,221
procedure,../scripts/../src/utils/simple_imgarr_utils.f90,write_selected_cavgs,subroutine,public,248
procedure,../scripts/../src/fileio/simple_fileio.f90,write_singlelineoftext,subroutine,public,845
procedure,../scripts/../src/utils/simple_string.f90,writeline,subroutine,private,521
procedure,../scripts/../src/extlibs/xml/wxml/m_wxml_core.F90,wxml_error_xf,subroutine,private,1811
procedure,../scripts/../src/extlibs/xml/wxml/m_wxml_core.F90,wxml_fatal_xf,subroutine,private,1830
procedure,../scripts/../src/extlibs/xml/wxml/m_wxml_core.F90,wxml_warning_xf,subroutine,private,1793
procedure,../scripts/../src/extlibs/xml/wxml/m_wxml_core.F90,xml_AddAttlistToDTD,subroutine,private,842
procedure,../scripts/../src/extlibs/xml/wxml/m_wxml_core.F90,xml_AddAttribute_Ch,subroutine,private,1232
procedure,../scripts/../src/extlibs/xml/wxml/m_wxml_core.F90,xml_AddCharacters_ch,subroutine,private,1139
procedure,../scripts/../src/extlibs/xml/wxml/m_wxml_core.F90,xml_AddComment,subroutine,private,1048
procedure,../scripts/../src/extlibs/xml/wxml/m_wxml_core.F90,xml_AddDOCTYPE,subroutine,private,371
procedure,../scripts/../src/extlibs/xml/wxml/m_wxml_core.F90,xml_AddElementToDTD,subroutine,private,793
procedure,../scripts/../src/extlibs/xml/wxml/m_wxml_core.F90,xml_AddEntityReference,subroutine,private,1187
procedure,../scripts/../src/extlibs/xml/wxml/m_wxml_core.F90,xml_AddExternalEntity,subroutine,private,637
procedure,../scripts/../src/extlibs/xml/wxml/m_wxml_core.F90,xml_AddInternalEntity,subroutine,private,581
procedure,../scripts/../src/extlibs/xml/wxml/m_wxml_core.F90,xml_AddNewline,subroutine,private,1177
procedure,../scripts/../src/extlibs/xml/wxml/m_wxml_core.F90,xml_AddNotation,subroutine,private,729
procedure,../scripts/../src/extlibs/xml/wxml/m_wxml_core.F90,xml_AddParameterEntity,subroutine,private,440
procedure,../scripts/../src/extlibs/xml/wxml/m_wxml_core.F90,xml_AddPEReferenceToDTD,subroutine,private,897
procedure,../scripts/../src/extlibs/xml/wxml/m_wxml_core.F90,xml_AddPseudoAttribute_Ch,subroutine,private,1415
procedure,../scripts/../src/extlibs/xml/wxml/m_wxml_core.F90,xml_AddXMLDeclaration,subroutine,private,316
procedure,../scripts/../src/extlibs/xml/wxml/m_wxml_core.F90,xml_AddXMLPI,subroutine,private,984
procedure,../scripts/../src/extlibs/xml/wxml/m_wxml_core.F90,xml_AddXMLStylesheet,subroutine,private,944
procedure,../scripts/../src/extlibs/xml/wxml/m_wxml_core.F90,xml_Close,subroutine,private,1580
procedure,../scripts/../src/extlibs/xml/wxml/m_wxml_core.F90,xml_DeclareNamespace,subroutine,private,1524
procedure,../scripts/../src/extlibs/xml/wxml/m_wxml_core.F90,xml_EndElement,subroutine,private,1474
procedure,../scripts/../src/extlibs/xml/wxml/m_wxml_core.F90,xml_NewElement,subroutine,private,1078
procedure,../scripts/../src/extlibs/xml/wxml/m_wxml_core.F90,xml_OpenFile,subroutine,private,167
procedure,../scripts/../src/extlibs/xml/wxml/m_wxml_core.F90,xml_UndeclareNamespace,subroutine,private,1556
procedure,../scripts/../src/extlibs/xml/wxml/m_wxml_core.F90,xmlf_GetPretty_print,function,private,1646
procedure,../scripts/../src/extlibs/xml/wxml/m_wxml_core.F90,xmlf_name,function,private,1656
procedure,../scripts/../src/extlibs/xml/wxml/m_wxml_core.F90,xmlf_opentag,function,private,1682
procedure,../scripts/../src/extlibs/xml/wxml/m_wxml_core.F90,xmlf_opentag_len,function,private,1668
procedure,../scripts/../src/extlibs/xml/wxml/m_wxml_core.F90,xmlf_SetPretty_print,subroutine,private,1638
procedure,../scripts/../src/utils/math/simple_stat.f90,z_scores,function,private,1418
procedure,../scripts/../src/utils/math/simple_linalg.f90,zheev,subroutine,private,229
procedure,../scripts/../src/utils/math/simple_linalg.f90,zposv,subroutine,private,164
pure,../scripts/../src/main/class/simple_classaverager_restore.f90,backup_previous_cavgs,subroutine,public,18
real,../scripts/../src/main/ori/simple_oris.f90,test_oris,subroutine,public,1698
simple_abinitio2D_controller,../scripts/../src/main/simple_abinitio2D_controller.f90,build_cluster2D_stage_cfg,subroutine,private,139
simple_abinitio2D_controller,../scripts/../src/main/simple_abinitio2D_controller.f90,determine_abinitio2D_stages,subroutine,public,47
simple_abinitio2D_controller,../scripts/../src/main/simple_abinitio2D_controller.f90,emit_cluster2D_stage_cfg,subroutine,private,305
simple_abinitio2D_controller,../scripts/../src/main/simple_abinitio2D_controller.f90,mskdiam2lplimits_cluster2D,subroutine,public,59
simple_abinitio2D_controller,../scripts/../src/main/simple_abinitio2D_controller.f90,set_abinitio2D_sampling_policy,subroutine,public,108
simple_abinitio2D_controller,../scripts/../src/main/simple_abinitio2D_controller.f90,set_cline_cluster2D_stage,subroutine,public,67
simple_abinitio2D_controller,../scripts/../src/main/simple_abinitio2D_controller.f90,set_cluster2D_stage_iteration_policy,subroutine,private,164
simple_abinitio2D_controller,../scripts/../src/main/simple_abinitio2D_controller.f90,set_cluster2D_stage_objfun_policy,subroutine,private,154
simple_abinitio2D_controller,../scripts/../src/main/simple_abinitio2D_controller.f90,set_cluster2D_stage_phase_policy,subroutine,private,173
simple_abinitio2D_controller,../scripts/../src/main/simple_abinitio2D_controller.f90,set_cluster2D_stage_reference_policy,subroutine,private,185
simple_abinitio2D_controller,../scripts/../src/main/simple_abinitio2D_controller.f90,set_cluster2D_stage_regular_refs,subroutine,private,270
simple_abinitio2D_controller,../scripts/../src/main/simple_abinitio2D_controller.f90,set_cluster2D_stage_search_policy,subroutine,private,282
simple_aff_prop,../scripts/../src/utils/clustering/simple_aff_prop.f90,calc_exemplar_mask,subroutine,private,273
simple_aff_prop,../scripts/../src/utils/clustering/simple_aff_prop.f90,kill,subroutine,private,389
simple_aff_prop,../scripts/../src/utils/clustering/simple_aff_prop.f90,new,subroutine,private,38
simple_aff_prop,../scripts/../src/utils/clustering/simple_aff_prop.f90,propagate,subroutine,private,79
simple_aff_prop,../scripts/../src/utils/clustering/simple_aff_prop.f90,test_aff_prop,subroutine,public,303
simple_ansi_ctrls,../scripts/../src/defs/simple_ansi_ctrls.f90,format_str,function,public,33
simple_atoms,../scripts/../src/main/nano/simple_atoms.f90,assert_close,subroutine,private,2190
simple_atoms,../scripts/../src/main/nano/simple_atoms.f90,assert_int_eq,subroutine,private,2182
simple_atoms,../scripts/../src/main/nano/simple_atoms.f90,assert_true,subroutine,private,2174
simple_atoms,../scripts/../src/main/nano/simple_atoms.f90,assert_vec3_close,subroutine,private,2198
simple_atoms,../scripts/../src/main/nano/simple_atoms.f90,atom_validate,subroutine,private,1957
simple_atoms,../scripts/../src/main/nano/simple_atoms.f90,atoms,type,public,44
simple_atoms,../scripts/../src/main/nano/simple_atoms.f90,cc_res,function,private,1700
simple_atoms,../scripts/../src/main/nano/simple_atoms.f90,center_inbox,subroutine,private,2036
simple_atoms,../scripts/../src/main/nano/simple_atoms.f90,center_pdbcoord,subroutine,private,1818
simple_atoms,../scripts/../src/main/nano/simple_atoms.f90,cif2mrc,subroutine,private,1723
simple_atoms,../scripts/../src/main/nano/simple_atoms.f90,cif2pdb,subroutine,private,1715
simple_atoms,../scripts/../src/main/nano/simple_atoms.f90,convolve,subroutine,private,1126
simple_atoms,../scripts/../src/main/nano/simple_atoms.f90,copy,subroutine,private,574
simple_atoms,../scripts/../src/main/nano/simple_atoms.f90,extract_atom,subroutine,private,600
simple_atoms,../scripts/../src/main/nano/simple_atoms.f90,find_masscen,function,private,1688
simple_atoms,../scripts/../src/main/nano/simple_atoms.f90,fit_bfactors,subroutine,private,988
simple_atoms,../scripts/../src/main/nano/simple_atoms.f90,geometry_analysis_pdb,subroutine,private,1488
simple_atoms,../scripts/../src/main/nano/simple_atoms.f90,get_beta,function,private,686
simple_atoms,../scripts/../src/main/nano/simple_atoms.f90,get_coord,function,private,704
simple_atoms,../scripts/../src/main/nano/simple_atoms.f90,get_geom_center,function,private,974
simple_atoms,../scripts/../src/main/nano/simple_atoms.f90,guess_an_element,subroutine,private,938
simple_atoms,../scripts/../src/main/nano/simple_atoms.f90,guess_element,subroutine,private,929
simple_atoms,../scripts/../src/main/nano/simple_atoms.f90,kill,subroutine,private,2045
simple_atoms,../scripts/../src/main/nano/simple_atoms.f90,map_validate,subroutine,private,1829
simple_atoms,../scripts/../src/main/nano/simple_atoms.f90,model_validate,subroutine,private,1927
simple_atoms,../scripts/../src/main/nano/simple_atoms.f90,model_validate_eo,subroutine,private,1892
simple_atoms,../scripts/../src/main/nano/simple_atoms.f90,new_from_cif,subroutine,private,246
simple_atoms,../scripts/../src/main/nano/simple_atoms.f90,new_from_file,subroutine,private,137
simple_atoms,../scripts/../src/main/nano/simple_atoms.f90,new_from_molecule,subroutine,private,500
simple_atoms,../scripts/../src/main/nano/simple_atoms.f90,new_from_pdb,subroutine,private,151
simple_atoms,../scripts/../src/main/nano/simple_atoms.f90,new_instance,subroutine,private,526
simple_atoms,../scripts/../src/main/nano/simple_atoms.f90,pdb2mrc,subroutine,private,1736
simple_atoms,../scripts/../src/main/nano/simple_atoms.f90,print_atom,subroutine,private,835
simple_atoms,../scripts/../src/main/nano/simple_atoms.f90,rotate,subroutine,private,2030
simple_atoms,../scripts/../src/main/nano/simple_atoms.f90,scan_cif,subroutine,private,260
simple_atoms,../scripts/../src/main/nano/simple_atoms.f90,set_atom_corr,subroutine,private,827
simple_atoms,../scripts/../src/main/nano/simple_atoms.f90,set_beta,subroutine,private,803
simple_atoms,../scripts/../src/main/nano/simple_atoms.f90,set_chain,subroutine,private,769
simple_atoms,../scripts/../src/main/nano/simple_atoms.f90,set_coord,subroutine,private,761
simple_atoms,../scripts/../src/main/nano/simple_atoms.f90,set_element,subroutine,private,786
simple_atoms,../scripts/../src/main/nano/simple_atoms.f90,set_name,subroutine,private,777
simple_atoms,../scripts/../src/main/nano/simple_atoms.f90,set_num,subroutine,private,795
simple_atoms,../scripts/../src/main/nano/simple_atoms.f90,set_occupancy,subroutine,private,819
simple_atoms,../scripts/../src/main/nano/simple_atoms.f90,set_resnum,subroutine,private,811
simple_atoms,../scripts/../src/main/nano/simple_atoms.f90,split_tokens,subroutine,private,416
simple_atoms,../scripts/../src/main/nano/simple_atoms.f90,strip_digits,function,private,230
simple_atoms,../scripts/../src/main/nano/simple_atoms.f90,test_atoms,subroutine,public,2069
simple_atoms,../scripts/../src/main/nano/simple_atoms.f90,translate,subroutine,private,2022
simple_atoms,../scripts/../src/main/nano/simple_atoms.f90,writepdb,subroutine,private,863
simple_atoms,../scripts/../src/main/nano/simple_atoms.f90,writepdb_aniso,subroutine,private,899
simple_atoms,../scripts/../src/main/nano/simple_atoms.f90,Z_and_radius_from_name,subroutine,private,958
simple_binary_tree,../scripts/../src/utils/structs/simple_binary_tree.f90,binary_tree,type,public,18
simple_binary_tree,../scripts/../src/utils/structs/simple_binary_tree.f90,bt_node,type,public,9
simple_binary_tree,../scripts/../src/utils/structs/simple_binary_tree.f90,build_balanced_index_tree,subroutine,private,227
simple_binary_tree,../scripts/../src/utils/structs/simple_binary_tree.f90,build_from_hclust,subroutine,private,139
simple_binary_tree,../scripts/../src/utils/structs/simple_binary_tree.f90,build_range,function,private,259
simple_binary_tree,../scripts/../src/utils/structs/simple_binary_tree.f90,deserialize_tree,subroutine,public,314
simple_binary_tree,../scripts/../src/utils/structs/simple_binary_tree.f90,get_node,function,private,87
simple_binary_tree,../scripts/../src/utils/structs/simple_binary_tree.f90,get_root_node,function,private,73
simple_binary_tree,../scripts/../src/utils/structs/simple_binary_tree.f90,int_list,type,private,144
simple_binary_tree,../scripts/../src/utils/structs/simple_binary_tree.f90,kill,subroutine,private,38
simple_binary_tree,../scripts/../src/utils/structs/simple_binary_tree.f90,serialize_tree,subroutine,public,284
simple_binary_tree_tester,../scripts/../src/utils/structs/simple_binary_tree_tester.f90,assert_idx_valid,subroutine,private,50
simple_binary_tree_tester,../scripts/../src/utils/structs/simple_binary_tree_tester.f90,build_test_tree,subroutine,private,26
simple_binary_tree_tester,../scripts/../src/utils/structs/simple_binary_tree_tester.f90,run_all_tree_tests,subroutine,public,12
simple_binary_tree_tester,../scripts/../src/utils/structs/simple_binary_tree_tester.f90,test_build_balanced_index_tree_deterministic,subroutine,private,182
simple_binary_tree_tester,../scripts/../src/utils/structs/simple_binary_tree_tester.f90,test_build_from_hclust_basic_invariants,subroutine,private,78
simple_binary_tree_tester,../scripts/../src/utils/structs/simple_binary_tree_tester.f90,test_get_node_copy_semantics,subroutine,private,143
simple_binary_tree_tester,../scripts/../src/utils/structs/simple_binary_tree_tester.f90,test_initial_state,subroutine,private,60
simple_binary_tree_tester,../scripts/../src/utils/structs/simple_binary_tree_tester.f90,test_kill_and_rebuild,subroutine,private,158
simple_binary_tree_tester,../scripts/../src/utils/structs/simple_binary_tree_tester.f90,to_str,function,private,217
simple_binoris,../scripts/../src/fileio/simple_binoris.f90,add_segment_1,subroutine,private,438
simple_binoris,../scripts/../src/fileio/simple_binoris.f90,add_segment_2,subroutine,private,471
simple_binoris,../scripts/../src/fileio/simple_binoris.f90,byte_manager4seg_inside_1,subroutine,private,298
simple_binoris,../scripts/../src/fileio/simple_binoris.f90,byte_manager4seg_inside_2,subroutine,private,332
simple_binoris,../scripts/../src/fileio/simple_binoris.f90,clear_segments,subroutine,private,131
simple_binoris,../scripts/../src/fileio/simple_binoris.f90,close,subroutine,private,144
simple_binoris,../scripts/../src/fileio/simple_binoris.f90,get_fromto,function,private,705
simple_binoris,../scripts/../src/fileio/simple_binoris.f90,get_segments_info,subroutine,private,667
simple_binoris,../scripts/../src/fileio/simple_binoris.f90,open,subroutine,private,79
simple_binoris,../scripts/../src/fileio/simple_binoris.f90,open_local,subroutine,private,118
simple_binoris,../scripts/../src/fileio/simple_binoris.f90,read_first_segment_record,subroutine,private,505
simple_binoris,../scripts/../src/fileio/simple_binoris.f90,read_header,subroutine,private,155
simple_binoris,../scripts/../src/fileio/simple_binoris.f90,read_record,subroutine,private,642
simple_binoris,../scripts/../src/fileio/simple_binoris.f90,read_segment_1,subroutine,private,526
simple_binoris,../scripts/../src/fileio/simple_binoris.f90,read_segment_2,subroutine,private,614
simple_binoris,../scripts/../src/fileio/simple_binoris.f90,update_byte_ranges,subroutine,private,491
simple_binoris,../scripts/../src/fileio/simple_binoris.f90,write_header,subroutine,private,163
simple_binoris,../scripts/../src/fileio/simple_binoris.f90,write_segment_1,subroutine,private,367
simple_binoris,../scripts/../src/fileio/simple_binoris.f90,write_segment_2,subroutine,private,413
simple_binoris,../scripts/../src/fileio/simple_binoris.f90,write_segment_inside_1,subroutine,private,171
simple_binoris,../scripts/../src/fileio/simple_binoris.f90,write_segment_inside_2,subroutine,private,244
simple_binoris_io,../scripts/../src/fileio/simple_binoris_io.f90,binread_ctfparams_state_eo,subroutine,public,31
simple_binoris_io,../scripts/../src/fileio/simple_binoris_io.f90,binread_nlines,function,public,49
simple_binoris_io,../scripts/../src/fileio/simple_binoris_io.f90,binread_oritab,subroutine,public,13
simple_binoris_io,../scripts/../src/fileio/simple_binoris_io.f90,binwrite_oritab,subroutine,public,70
simple_block_tree,../scripts/../src/utils/simple_block_tree.f90,gen_block_index_tree,function,public,113
simple_block_tree,../scripts/../src/utils/simple_block_tree.f90,gen_eulspace_block_tree,function,public,22
simple_block_tree,../scripts/../src/utils/simple_block_tree.f90,gen_eulspace_block_tree_map,function,public,68
simple_block_tree,../scripts/../src/utils/simple_block_tree.f90,gen_multi_block_index_tree,function,public,120
simple_block_tree,../scripts/../src/utils/simple_block_tree.f90,gen_single_block_index_tree,function,public,128
simple_block_tree,../scripts/../src/utils/simple_block_tree.f90,push_stack,subroutine,private,191
simple_block_tree,../scripts/../src/utils/simple_block_tree.f90,sample_two,function,private,332
simple_block_tree,../scripts/../src/utils/simple_block_tree.f90,srch_eul_bl_tree,subroutine,public,211
simple_block_tree,../scripts/../src/utils/simple_block_tree.f90,srch_eul_bl_tree_exhaustive,subroutine,public,136
simple_block_tree,../scripts/../src/utils/simple_block_tree.f90,srch_eul_bl_tree_prob,subroutine,public,275
simple_block_tree_corr,../scripts/../src/utils/simple_block_tree_corr.f90,gen_corr_block_tree_aff_prop,function,public,118
simple_block_tree_corr,../scripts/../src/utils/simple_block_tree_corr.f90,gen_corr_block_tree_hac,function,public,18
simple_block_tree_corr,../scripts/../src/utils/simple_block_tree_corr.f90,gen_eulspace_block_tree_corr,function,public,77
simple_block_tree_io,../scripts/../src/fileio/simple_block_tree_io.f90,read_block_tree,subroutine,public,125
simple_block_tree_io,../scripts/../src/fileio/simple_block_tree_io.f90,test_io,subroutine,public,231
simple_block_tree_io,../scripts/../src/fileio/simple_block_tree_io.f90,write_block_tree,subroutine,public,16
simple_bspline_smoother,../scripts/../src/utils/filter/simple_bspline_smoother.f90,a0xy,function,private,278
simple_bspline_smoother,../scripts/../src/utils/filter/simple_bspline_smoother.f90,a2xy,function,private,304
simple_bspline_smoother,../scripts/../src/utils/filter/simple_bspline_smoother.f90,b3,function,private,214
simple_bspline_smoother,../scripts/../src/utils/filter/simple_bspline_smoother.f90,b3_help,function,private,219
simple_bspline_smoother,../scripts/../src/utils/filter/simple_bspline_smoother.f90,bspline_smoother,type,public,12
simple_bspline_smoother,../scripts/../src/utils/filter/simple_bspline_smoother.f90,fill_b,subroutine,private,134
simple_bspline_smoother,../scripts/../src/utils/filter/simple_bspline_smoother.f90,fill_b_3d,subroutine,private,168
simple_bspline_smoother,../scripts/../src/utils/filter/simple_bspline_smoother.f90,fill_r,subroutine,private,242
simple_bspline_smoother,../scripts/../src/utils/filter/simple_bspline_smoother.f90,fill_r_3d,subroutine,private,330
simple_bspline_smoother,../scripts/../src/utils/filter/simple_bspline_smoother.f90,kill_bspline_smoother,subroutine,private,553
simple_bspline_smoother,../scripts/../src/utils/filter/simple_bspline_smoother.f90,new_bspline_smoother,subroutine,private,33
simple_bspline_smoother,../scripts/../src/utils/filter/simple_bspline_smoother.f90,new_bspline_smoother_img,subroutine,private,38
simple_bspline_smoother,../scripts/../src/utils/filter/simple_bspline_smoother.f90,smooth,subroutine,private,61
simple_bspline_smoother,../scripts/../src/utils/filter/simple_bspline_smoother.f90,smooth_3d,subroutine,private,100
simple_bspline_smoother,../scripts/../src/utils/filter/simple_bspline_smoother.f90,test_bspline_smoother,subroutine,public,385
simple_bspline_smoother,../scripts/../src/utils/filter/simple_bspline_smoother.f90,test_bspline_smoother_3d,subroutine,public,474
simple_builder,../scripts/../src/main/simple_builder.f90,build_general_tbox,subroutine,private,225
simple_builder,../scripts/../src/main/simple_builder.f90,build_spproj,subroutine,private,157
simple_builder,../scripts/../src/main/simple_builder.f90,build_strategy2D_tbox,subroutine,private,353
simple_builder,../scripts/../src/main/simple_builder.f90,build_strategy3D_tbox,subroutine,private,370
simple_builder,../scripts/../src/main/simple_builder.f90,builder,type,public,20
simple_builder,../scripts/../src/main/simple_builder.f90,init_params_and_build_general_tbox,subroutine,private,124
simple_builder,../scripts/../src/main/simple_builder.f90,init_params_and_build_spproj,subroutine,private,116
simple_builder,../scripts/../src/main/simple_builder.f90,init_params_and_build_strategy2D_tbox,subroutine,private,134
simple_builder,../scripts/../src/main/simple_builder.f90,init_params_and_build_strategy3D_tbox,subroutine,private,145
simple_builder,../scripts/../src/main/simple_builder.f90,init_params_spproj_tbox2D,subroutine,private,74
simple_builder,../scripts/../src/main/simple_builder.f90,kill_general_tbox,subroutine,private,322
simple_builder,../scripts/../src/main/simple_builder.f90,kill_strategy2D_tbox,subroutine,private,362
simple_builder,../scripts/../src/main/simple_builder.f90,kill_strategy3D_tbox,subroutine,private,394
simple_builder,../scripts/../src/main/simple_builder.f90,set_field_ptr,subroutine,private,204
simple_calc_pspec_strategy,../scripts/../src/main/strategies/parallelization/simple_calc_pspec_strategy.f90,accumulate_run,subroutine,private,390
simple_calc_pspec_strategy,../scripts/../src/main/strategies/parallelization/simple_calc_pspec_strategy.f90,calc_pspec_inmem_strategy,type,public,34
simple_calc_pspec_strategy,../scripts/../src/main/strategies/parallelization/simple_calc_pspec_strategy.f90,calc_pspec_partitioned_strategy,type,public,47
simple_calc_pspec_strategy,../scripts/../src/main/strategies/parallelization/simple_calc_pspec_strategy.f90,calc_pspec_strategy,type,public,24
simple_calc_pspec_strategy,../scripts/../src/main/strategies/parallelization/simple_calc_pspec_strategy.f90,cleanup_calc_pspec_outputs,subroutine,private,446
simple_calc_pspec_strategy,../scripts/../src/main/strategies/parallelization/simple_calc_pspec_strategy.f90,cleanup_interface,subroutine,private,82
simple_calc_pspec_strategy,../scripts/../src/main/strategies/parallelization/simple_calc_pspec_strategy.f90,compute_pspec_partitions,subroutine,private,270
simple_calc_pspec_strategy,../scripts/../src/main/strategies/parallelization/simple_calc_pspec_strategy.f90,create_calc_pspec_strategy,function,public,97
simple_calc_pspec_strategy,../scripts/../src/main/strategies/parallelization/simple_calc_pspec_strategy.f90,ensure_calc_pspec_eo_partition,subroutine,private,580
simple_calc_pspec_strategy,../scripts/../src/main/strategies/parallelization/simple_calc_pspec_strategy.f90,exec_interface,subroutine,private,66
simple_calc_pspec_strategy,../scripts/../src/main/strategies/parallelization/simple_calc_pspec_strategy.f90,finalize_interface,subroutine,private,74
simple_calc_pspec_strategy,../scripts/../src/main/strategies/parallelization/simple_calc_pspec_strategy.f90,init_interface,subroutine,private,58
simple_calc_pspec_strategy,../scripts/../src/main/strategies/parallelization/simple_calc_pspec_strategy.f90,inmem_cleanup,subroutine,private,170
simple_calc_pspec_strategy,../scripts/../src/main/strategies/parallelization/simple_calc_pspec_strategy.f90,inmem_execute,subroutine,private,140
simple_calc_pspec_strategy,../scripts/../src/main/strategies/parallelization/simple_calc_pspec_strategy.f90,inmem_finalize_run,subroutine,private,162
simple_calc_pspec_strategy,../scripts/../src/main/strategies/parallelization/simple_calc_pspec_strategy.f90,inmem_initialize,subroutine,private,117
simple_calc_pspec_strategy,../scripts/../src/main/strategies/parallelization/simple_calc_pspec_strategy.f90,partitioned_cleanup,subroutine,private,245
simple_calc_pspec_strategy,../scripts/../src/main/strategies/parallelization/simple_calc_pspec_strategy.f90,partitioned_execute,subroutine,private,215
simple_calc_pspec_strategy,../scripts/../src/main/strategies/parallelization/simple_calc_pspec_strategy.f90,partitioned_finalize_run,subroutine,private,237
simple_calc_pspec_strategy,../scripts/../src/main/strategies/parallelization/simple_calc_pspec_strategy.f90,partitioned_initialize,subroutine,private,187
simple_calc_pspec_strategy,../scripts/../src/main/strategies/parallelization/simple_calc_pspec_strategy.f90,read_sigma2_bootstrap_selection,subroutine,private,528
simple_calc_pspec_strategy,../scripts/../src/main/strategies/parallelization/simple_calc_pspec_strategy.f90,sanity_check_calc_pspec_input,subroutine,private,564
simple_calc_pspec_strategy,../scripts/../src/main/strategies/parallelization/simple_calc_pspec_strategy.f90,write_sigma2_bootstrap_selection,subroutine,private,464
simple_cavg_quality_analysis,../scripts/../src/main/cavg_quality/simple_cavg_quality_analysis.f90,calc_best_thresholds,subroutine,private,429
simple_cavg_quality_analysis,../scripts/../src/main/cavg_quality/simple_cavg_quality_analysis.f90,eval_threshold,subroutine,private,451
simple_cavg_quality_analysis,../scripts/../src/main/cavg_quality/simple_cavg_quality_analysis.f90,evaluate_cavg_quality,subroutine,public,44
simple_cavg_quality_analysis,../scripts/../src/main/cavg_quality/simple_cavg_quality_analysis.f90,evaluate_cavg_quality_for_analysis,subroutine,public,56
simple_cavg_quality_analysis,../scripts/../src/main/cavg_quality/simple_cavg_quality_analysis.f90,evaluate_cavg_quality_hard_reject,subroutine,public,100
simple_cavg_quality_analysis,../scripts/../src/main/cavg_quality/simple_cavg_quality_analysis.f90,evaluate_cavg_quality_in_context,subroutine,private,70
simple_cavg_quality_analysis,../scripts/../src/main/cavg_quality/simple_cavg_quality_analysis.f90,prepare_cavg_quality,subroutine,public,30
simple_cavg_quality_analysis,../scripts/../src/main/cavg_quality/simple_cavg_quality_analysis.f90,write_analysis_class_header,subroutine,private,339
simple_cavg_quality_analysis,../scripts/../src/main/cavg_quality/simple_cavg_quality_analysis.f90,write_analysis_class_row,subroutine,private,358
simple_cavg_quality_analysis,../scripts/../src/main/cavg_quality/simple_cavg_quality_analysis.f90,write_cavg_quality_feature_table,subroutine,public,256
simple_cavg_quality_analysis,../scripts/../src/main/cavg_quality/simple_cavg_quality_analysis.f90,write_cavg_quality_training_table,subroutine,public,144
simple_cavg_quality_analysis,../scripts/../src/main/cavg_quality/simple_cavg_quality_analysis.f90,write_feature_table_class_row,subroutine,private,376
simple_cavg_quality_analysis,../scripts/../src/main/cavg_quality/simple_cavg_quality_analysis.f90,write_model_as_analysis_comments,subroutine,private,289
simple_cavg_quality_analysis,../scripts/../src/main/cavg_quality/simple_cavg_quality_analysis.f90,write_one_threshold,subroutine,private,416
simple_cavg_quality_analysis,../scripts/../src/main/cavg_quality/simple_cavg_quality_analysis.f90,write_threshold_scan_comments,subroutine,private,397
simple_cavg_quality_feats,../scripts/../src/main/cavg_quality/simple_cavg_quality_feats.f90,cavg_quality_feature_description,function,public,124
simple_cavg_quality_feats,../scripts/../src/main/cavg_quality/simple_cavg_quality_feats.f90,cavg_quality_feature_direction,function,public,131
simple_cavg_quality_feats,../scripts/../src/main/cavg_quality/simple_cavg_quality_feats.f90,cavg_quality_feature_family,function,public,138
simple_cavg_quality_feats,../scripts/../src/main/cavg_quality/simple_cavg_quality_feats.f90,cavg_quality_feature_name,function,public,117
simple_cavg_quality_feats,../scripts/../src/main/cavg_quality/simple_cavg_quality_feats.f90,extract_cavg_quality_features,subroutine,public,156
simple_cavg_quality_feats,../scripts/../src/main/cavg_quality/simple_cavg_quality_feats.f90,measure_cavg_foreground_geometry,subroutine,private,368
simple_cavg_quality_feats,../scripts/../src/main/cavg_quality/simple_cavg_quality_feats.f90,measure_cavg_image_metrics,subroutine,private,426
simple_cavg_quality_feats,../scripts/../src/main/cavg_quality/simple_cavg_quality_feats.f90,normalize_cavg_quality_features,subroutine,public,337
simple_cavg_quality_feats,../scripts/../src/main/cavg_quality/simple_cavg_quality_feats.f90,validate_quality_context,subroutine,private,272
simple_cavg_quality_feats,../scripts/../src/main/cavg_quality/simple_cavg_quality_feats.f90,write_cavg_quality_feature_inventory,subroutine,public,145
simple_cavg_quality_helpers,../scripts/../src/main/cavg_quality/simple_cavg_quality_helpers.f90,cavg_rejection_reason_string,function,public,14
simple_cavg_quality_learn,../scripts/../src/main/cavg_quality/simple_cavg_quality_learn.f90,abinitio_learn_base_spec,function,private,536
simple_cavg_quality_learn,../scripts/../src/main/cavg_quality/simple_cavg_quality_learn.f90,append_feature_family,subroutine,private,640
simple_cavg_quality_learn,../scripts/../src/main/cavg_quality/simple_cavg_quality_learn.f90,build_logistic_problem,subroutine,private,188
simple_cavg_quality_learn,../scripts/../src/main/cavg_quality/simple_cavg_quality_learn.f90,cavg_quality_logistic_problem,type,private,58
simple_cavg_quality_learn,../scripts/../src/main/cavg_quality/simple_cavg_quality_learn.f90,classify_training_dataset,subroutine,private,1062
simple_cavg_quality_learn,../scripts/../src/main/cavg_quality/simple_cavg_quality_learn.f90,classify_training_dataset_cached_detail,subroutine,private,1071
simple_cavg_quality_learn,../scripts/../src/main/cavg_quality/simple_cavg_quality_learn.f90,classify_training_dataset_detail,subroutine,private,1099
simple_cavg_quality_learn,../scripts/../src/main/cavg_quality/simple_cavg_quality_learn.f90,collect_learn_diagnostics,subroutine,private,1385
simple_cavg_quality_learn,../scripts/../src/main/cavg_quality/simple_cavg_quality_learn.f90,dataset_learn_role_name,function,private,883
simple_cavg_quality_learn,../scripts/../src/main/cavg_quality/simple_cavg_quality_learn.f90,dataset_short_name,function,private,1368
simple_cavg_quality_learn,../scripts/../src/main/cavg_quality/simple_cavg_quality_learn.f90,evaluate_cavg_quality_model,subroutine,public,497
simple_cavg_quality_learn,../scripts/../src/main/cavg_quality/simple_cavg_quality_learn.f90,evaluate_cavg_quality_result,subroutine,public,510
simple_cavg_quality_learn,../scripts/../src/main/cavg_quality/simple_cavg_quality_learn.f90,feature_policy_indices,subroutine,private,650
simple_cavg_quality_learn,../scripts/../src/main/cavg_quality/simple_cavg_quality_learn.f90,feature_policy_mask,subroutine,private,618
simple_cavg_quality_learn,../scripts/../src/main/cavg_quality/simple_cavg_quality_learn.f90,feature_policy_name,function,private,601
simple_cavg_quality_learn,../scripts/../src/main/cavg_quality/simple_cavg_quality_learn.f90,fit_logistic_problem,subroutine,private,315
simple_cavg_quality_learn,../scripts/../src/main/cavg_quality/simple_cavg_quality_learn.f90,infer_training_context,subroutine,private,151
simple_cavg_quality_learn,../scripts/../src/main/cavg_quality/simple_cavg_quality_learn.f90,kill_logistic_problem,subroutine,private,477
simple_cavg_quality_learn,../scripts/../src/main/cavg_quality/simple_cavg_quality_learn.f90,kill_training_datasets,subroutine,private,1607
simple_cavg_quality_learn,../scripts/../src/main/cavg_quality/simple_cavg_quality_learn.f90,learn_cavg_quality_model,subroutine,public,81
simple_cavg_quality_learn,../scripts/../src/main/cavg_quality/simple_cavg_quality_learn.f90,learn_cavg_quality_pairwise_logistic_model,subroutine,private,88
simple_cavg_quality_learn,../scripts/../src/main/cavg_quality/simple_cavg_quality_learn.f90,load_quality_training_datasets,subroutine,private,554
simple_cavg_quality_learn,../scripts/../src/main/cavg_quality/simple_cavg_quality_learn.f90,logistic_cost_wrapper,function,private,391
simple_cavg_quality_learn,../scripts/../src/main/cavg_quality/simple_cavg_quality_learn.f90,logistic_dataset_class_weights,subroutine,private,266
simple_cavg_quality_learn,../scripts/../src/main/cavg_quality/simple_cavg_quality_learn.f90,logistic_fdf_wrapper,subroutine,private,419
simple_cavg_quality_learn,../scripts/../src/main/cavg_quality/simple_cavg_quality_learn.f90,logistic_gradient_wrapper,subroutine,private,405
simple_cavg_quality_learn,../scripts/../src/main/cavg_quality/simple_cavg_quality_learn.f90,logistic_problem_fdf,subroutine,private,432
simple_cavg_quality_learn,../scripts/../src/main/cavg_quality/simple_cavg_quality_learn.f90,logistic_solution_to_model,subroutine,private,352
simple_cavg_quality_learn,../scripts/../src/main/cavg_quality/simple_cavg_quality_learn.f90,map_analysis_columns,subroutine,private,784
simple_cavg_quality_learn,../scripts/../src/main/cavg_quality/simple_cavg_quality_learn.f90,min_accept_policy_level,function,private,1564
simple_cavg_quality_learn,../scripts/../src/main/cavg_quality/simple_cavg_quality_learn.f90,parse_training_metadata_line,subroutine,private,732
simple_cavg_quality_learn,../scripts/../src/main/cavg_quality/simple_cavg_quality_learn.f90,policy_level,function,private,1543
simple_cavg_quality_learn,../scripts/../src/main/cavg_quality/simple_cavg_quality_learn.f90,read_quality_training_dataset,subroutine,private,666
simple_cavg_quality_learn,../scripts/../src/main/cavg_quality/simple_cavg_quality_learn.f90,require_analysis_columns,subroutine,private,820
simple_cavg_quality_learn,../scripts/../src/main/cavg_quality/simple_cavg_quality_learn.f90,require_relational_training_datasets,subroutine,private,585
simple_cavg_quality_learn,../scripts/../src/main/cavg_quality/simple_cavg_quality_learn.f90,require_trainable_rows,subroutine,private,176
simple_cavg_quality_learn,../scripts/../src/main/cavg_quality/simple_cavg_quality_learn.f90,rescue_policy_level,function,private,1553
simple_cavg_quality_learn,../scripts/../src/main/cavg_quality/simple_cavg_quality_learn.f90,sort_real_prefix_ascending,subroutine,private,1044
simple_cavg_quality_learn,../scripts/../src/main/cavg_quality/simple_cavg_quality_learn.f90,validate_quality_context,subroutine,private,142
simple_cavg_quality_learn,../scripts/../src/main/cavg_quality/simple_cavg_quality_learn.f90,validate_training_dataset_schemas,subroutine,private,570
simple_cavg_quality_learn,../scripts/../src/main/cavg_quality/simple_cavg_quality_learn.f90,write_cavg_quality_evaluate_report,subroutine,private,1213
simple_cavg_quality_learn,../scripts/../src/main/cavg_quality/simple_cavg_quality_learn.f90,write_cavg_quality_logistic_learn_report,subroutine,private,1132
simple_cavg_quality_learn,../scripts/../src/main/cavg_quality/simple_cavg_quality_learn.f90,write_dataset_metric_table,subroutine,private,1305
simple_cavg_quality_learn,../scripts/../src/main/cavg_quality/simple_cavg_quality_learn.f90,write_evaluate_diagnostic,subroutine,private,1576
simple_cavg_quality_learn,../scripts/../src/main/cavg_quality/simple_cavg_quality_learn.f90,write_evaluate_diagnostics,subroutine,private,1491
simple_cavg_quality_learn,../scripts/../src/main/cavg_quality/simple_cavg_quality_learn.f90,write_feature_policy_grid,subroutine,private,1595
simple_cavg_quality_learn,../scripts/../src/main/cavg_quality/simple_cavg_quality_learn.f90,write_fixed_model_summary,subroutine,private,1252
simple_cavg_quality_learn,../scripts/../src/main/cavg_quality/simple_cavg_quality_learn.f90,write_logistic_coefficient_table,subroutine,private,1189
simple_cavg_quality_learn,../scripts/../src/main/cavg_quality/simple_cavg_quality_learn.f90,write_otsu_ablation_diagnostics,subroutine,private,1337
simple_cavg_quality_learn,../scripts/../src/main/cavg_quality/simple_cavg_quality_learn.f90,write_real_list,subroutine,private,1582
simple_cavg_quality_model,../scripts/../src/main/cavg_quality/simple_cavg_quality_model.f90,accept_fit_as_single_cluster,subroutine,private,1791
simple_cavg_quality_model,../scripts/../src/main/cavg_quality/simple_cavg_quality_model.f90,accumulate_accept_all_confusion,subroutine,private,1744
simple_cavg_quality_model,../scripts/../src/main/cavg_quality/simple_cavg_quality_model.f90,apply_cached_decision_to_quality,subroutine,public,1533
simple_cavg_quality_model,../scripts/../src/main/cavg_quality/simple_cavg_quality_model.f90,apply_pairwise_logistic,subroutine,private,1314
simple_cavg_quality_model,../scripts/../src/main/cavg_quality/simple_cavg_quality_model.f90,build_classify_cache,subroutine,public,1418
simple_cavg_quality_model,../scripts/../src/main/cavg_quality/simple_cavg_quality_model.f90,builtin_names,function,private,160
simple_cavg_quality_model,../scripts/../src/main/cavg_quality/simple_cavg_quality_model.f90,builtin_spec,function,private,142
simple_cavg_quality_model,../scripts/../src/main/cavg_quality/simple_cavg_quality_model.f90,cached_decision_confusion,subroutine,public,1604
simple_cavg_quality_model,../scripts/../src/main/cavg_quality/simple_cavg_quality_model.f90,cavg_quality_cached_decision,type,private,53
simple_cavg_quality_model,../scripts/../src/main/cavg_quality/simple_cavg_quality_model.f90,cavg_quality_classify_cache,type,public,43
simple_cavg_quality_model,../scripts/../src/main/cavg_quality/simple_cavg_quality_model.f90,cavg_quality_model,type,public,89
simple_cavg_quality_model,../scripts/../src/main/cavg_quality/simple_cavg_quality_model.f90,choose_tied_good_label,subroutine,private,1838
simple_cavg_quality_model,../scripts/../src/main/cavg_quality/simple_cavg_quality_model.f90,chunk100mics_model_spec,function,private,232
simple_cavg_quality_model,../scripts/../src/main/cavg_quality/simple_cavg_quality_model.f90,classify,subroutine,private,759
simple_cavg_quality_model,../scripts/../src/main/cavg_quality/simple_cavg_quality_model.f90,forced_reason_name,function,private,1759
simple_cavg_quality_model,../scripts/../src/main/cavg_quality/simple_cavg_quality_model.f90,get_spec,function,private,199
simple_cavg_quality_model,../scripts/../src/main/cavg_quality/simple_cavg_quality_model.f90,init_preset,subroutine,private,134
simple_cavg_quality_model,../scripts/../src/main/cavg_quality/simple_cavg_quality_model.f90,init_spec,subroutine,private,165
simple_cavg_quality_model,../scripts/../src/main/cavg_quality/simple_cavg_quality_model.f90,kill_classify_cache,subroutine,public,1508
simple_cavg_quality_model,../scripts/../src/main/cavg_quality/simple_cavg_quality_model.f90,kill_model,subroutine,private,1282
simple_cavg_quality_model,../scripts/../src/main/cavg_quality/simple_cavg_quality_model.f90,mark_threshold_accepts_all,subroutine,private,1721
simple_cavg_quality_model,../scripts/../src/main/cavg_quality/simple_cavg_quality_model.f90,normalize,subroutine,private,730
simple_cavg_quality_model,../scripts/../src/main/cavg_quality/simple_cavg_quality_model.f90,otsu_score_threshold,subroutine,private,1860
simple_cavg_quality_model,../scripts/../src/main/cavg_quality/simple_cavg_quality_model.f90,parse_feature_weight_values,subroutine,private,1234
simple_cavg_quality_model,../scripts/../src/main/cavg_quality/simple_cavg_quality_model.f90,parse_model_key_value,subroutine,private,1263
simple_cavg_quality_model,../scripts/../src/main/cavg_quality/simple_cavg_quality_model.f90,parse_real_values,subroutine,private,1142
simple_cavg_quality_model,../scripts/../src/main/cavg_quality/simple_cavg_quality_model.f90,pool_model_spec,function,private,289
simple_cavg_quality_model,../scripts/../src/main/cavg_quality/simple_cavg_quality_model.f90,prepare_cached_decision,subroutine,private,1650
simple_cavg_quality_model,../scripts/../src/main/cavg_quality/simple_cavg_quality_model.f90,read_feature_weights,subroutine,private,1109
simple_cavg_quality_model,../scripts/../src/main/cavg_quality/simple_cavg_quality_model.f90,read_interaction_terms,subroutine,private,1171
simple_cavg_quality_model,../scripts/../src/main/cavg_quality/simple_cavg_quality_model.f90,read_model,subroutine,private,972
simple_cavg_quality_model,../scripts/../src/main/cavg_quality/simple_cavg_quality_model.f90,read_real_values_keyed,subroutine,private,1125
simple_cavg_quality_model,../scripts/../src/main/cavg_quality/simple_cavg_quality_model.f90,set_pairwise_interactions_for_feature_count,subroutine,private,707
simple_cavg_quality_model,../scripts/../src/main/cavg_quality/simple_cavg_quality_model.f90,sieve_model_spec,function,private,485
simple_cavg_quality_model,../scripts/../src/main/cavg_quality/simple_cavg_quality_model.f90,write_cavg_quality_model_builtin_code,subroutine,public,812
simple_cavg_quality_model,../scripts/../src/main/cavg_quality/simple_cavg_quality_model.f90,write_interaction_terms,subroutine,private,953
simple_cavg_quality_model,../scripts/../src/main/cavg_quality/simple_cavg_quality_model.f90,write_logistic_spec_assignments,subroutine,private,872
simple_cavg_quality_model,../scripts/../src/main/cavg_quality/simple_cavg_quality_model.f90,write_model,subroutine,private,770
simple_cavg_quality_model,../scripts/../src/main/cavg_quality/simple_cavg_quality_model.f90,write_model_real_list,subroutine,private,936
simple_cavg_quality_model,../scripts/../src/main/cavg_quality/simple_cavg_quality_model.f90,write_model_spec_function,subroutine,private,848
simple_cavg_quality_model,../scripts/../src/main/cavg_quality/simple_cavg_quality_model.f90,write_real_array_assignment,subroutine,private,917
simple_cavg_quality_model,../scripts/../src/main/cavg_quality/simple_cavg_quality_model.f90,write_weights_assignment,subroutine,private,900
simple_cavg_quality_relations,../scripts/../src/main/cavg_quality/simple_cavg_quality_relations.f90,calculate_promoted_feature,subroutine,private,109
simple_cavg_quality_relations,../scripts/../src/main/cavg_quality/simple_cavg_quality_relations.f90,calculate_relation_analysis,subroutine,private,45
simple_cavg_quality_relations,../scripts/../src/main/cavg_quality/simple_cavg_quality_relations.f90,cavg_quality_relation_analysis,type,public,24
simple_cavg_quality_relations,../scripts/../src/main/cavg_quality/simple_cavg_quality_relations.f90,kill_relation_analysis,subroutine,private,177
simple_cavg_quality_relations,../scripts/../src/main/cavg_quality/simple_cavg_quality_relations.f90,normalize_relation_feature,subroutine,private,153
simple_cavg_quality_relations,../scripts/../src/main/cavg_quality/simple_cavg_quality_relations.f90,sorted_cc_neighbours,subroutine,private,128
simple_cavg_quality_relations,../scripts/../src/main/cavg_quality/simple_cavg_quality_relations.f90,test_cavg_quality_relations,subroutine,public,194
simple_cavg_quality_stats,../scripts/../src/main/cavg_quality/simple_cavg_quality_stats.f90,calc_binary_metrics,subroutine,public,30
simple_cavg_quality_stats,../scripts/../src/main/cavg_quality/simple_cavg_quality_stats.f90,calc_confusion,subroutine,public,20
simple_cavg_quality_stats,../scripts/../src/main/cavg_quality/simple_cavg_quality_stats.f90,normalize_quality_dmat,subroutine,public,110
simple_cavg_quality_types,../scripts/../src/main/cavg_quality/simple_cavg_quality_types.f90,cavg_quality_feature_def,type,public,63
simple_cavg_quality_types,../scripts/../src/main/cavg_quality/simple_cavg_quality_types.f90,cavg_quality_learn_diagnostics,type,public,142
simple_cavg_quality_types,../scripts/../src/main/cavg_quality/simple_cavg_quality_types.f90,cavg_quality_model_spec,type,public,72
simple_cavg_quality_types,../scripts/../src/main/cavg_quality/simple_cavg_quality_types.f90,cavg_quality_result,type,public,103
simple_cavg_quality_types,../scripts/../src/main/cavg_quality/simple_cavg_quality_types.f90,cavg_quality_training_dataset,type,public,126
simple_cavg_quality_types,../scripts/../src/main/cavg_quality/simple_cavg_quality_types.f90,reset_cavg_quality_result,subroutine,public,173
simple_chash,../scripts/../src/utils/structs/simple_chash.f90,chash,type,public,24
simple_chash_tester,../scripts/../src/utils/structs/simple_chash_tester.f90,run_all_chash_tests,subroutine,public,14
simple_chash_tester,../scripts/../src/utils/structs/simple_chash_tester.f90,test_chash2str_and_strlen,subroutine,private,148
simple_chash_tester,../scripts/../src/utils/structs/simple_chash_tester.f90,test_construction_and_kill,subroutine,private,30
simple_chash_tester,../scripts/../src/utils/structs/simple_chash_tester.f90,test_delete,subroutine,private,82
simple_chash_tester,../scripts/../src/utils/structs/simple_chash_tester.f90,test_get_by_key_and_index,subroutine,private,129
simple_chash_tester,../scripts/../src/utils/structs/simple_chash_tester.f90,test_isthere_lookup_reverse,subroutine,private,108
simple_chash_tester,../scripts/../src/utils/structs/simple_chash_tester.f90,test_move_key_to_front,subroutine,private,175
simple_chash_tester,../scripts/../src/utils/structs/simple_chash_tester.f90,test_push_and_set_basic,subroutine,private,44
simple_chash_tester,../scripts/../src/utils/structs/simple_chash_tester.f90,test_set_replaces_existing,subroutine,private,62
simple_chash_tester,../scripts/../src/utils/structs/simple_chash_tester.f90,test_sort,subroutine,private,196
simple_class_compatibility,../scripts/../src/main/class/simple_class_compatibility.f90,apply_support_model,subroutine,private,343
simple_class_compatibility,../scripts/../src/main/class/simple_class_compatibility.f90,class_compatibility,type,public,81
simple_class_compatibility,../scripts/../src/main/class/simple_class_compatibility.f90,get_support_model_metrics,subroutine,private,156
simple_class_compatibility,../scripts/../src/main/class/simple_class_compatibility.f90,infer,subroutine,private,205
simple_class_compatibility,../scripts/../src/main/class/simple_class_compatibility.f90,kill,subroutine,private,114
simple_class_compatibility,../scripts/../src/main/class/simple_class_compatibility.f90,kill_support_model,subroutine,private,120
simple_class_compatibility,../scripts/../src/main/class/simple_class_compatibility.f90,new,subroutine,private,108
simple_class_compatibility,../scripts/../src/main/class/simple_class_compatibility.f90,new_support_training_set,subroutine,private,230
simple_class_compatibility,../scripts/../src/main/class/simple_class_compatibility.f90,preprocess_img,subroutine,private,263
simple_class_compatibility,../scripts/../src/main/class/simple_class_compatibility.f90,support_model,type,private,63
simple_class_compatibility,../scripts/../src/main/class/simple_class_compatibility.f90,support_model_metrics,type,public,50
simple_class_compatibility,../scripts/../src/main/class/simple_class_compatibility.f90,support_model_training_set,type,private,44
simple_class_compatibility,../scripts/../src/main/class/simple_class_compatibility.f90,train_1,subroutine,private,175
simple_class_compatibility,../scripts/../src/main/class/simple_class_compatibility.f90,train_2,subroutine,private,188
simple_class_compatibility,../scripts/../src/main/class/simple_class_compatibility.f90,update_support_model,subroutine,private,372
simple_class_compatibility_tester,../scripts/../src/main/class/simple_class_compatibility_tester.f90,init_project_for_cavgs,subroutine,private,229
simple_class_compatibility_tester,../scripts/../src/main/class/simple_class_compatibility_tester.f90,make_blob_stack,subroutine,private,253
simple_class_compatibility_tester,../scripts/../src/main/class/simple_class_compatibility_tester.f90,paint_square_blob,subroutine,private,270
simple_class_compatibility_tester,../scripts/../src/main/class/simple_class_compatibility_tester.f90,run_all_class_compatibility_tests,subroutine,public,18
simple_class_compatibility_tester,../scripts/../src/main/class/simple_class_compatibility_tester.f90,test_defaults_and_lifecycle,subroutine,private,29
simple_class_compatibility_tester,../scripts/../src/main/class/simple_class_compatibility_tester.f90,test_infer_rejects_size_outliers,subroutine,private,139
simple_class_compatibility_tester,../scripts/../src/main/class/simple_class_compatibility_tester.f90,test_infer_without_valid_model_preserves_selection,subroutine,private,174
simple_class_compatibility_tester,../scripts/../src/main/class/simple_class_compatibility_tester.f90,test_kill_support_model_resets_after_fit,subroutine,private,201
simple_class_compatibility_tester,../scripts/../src/main/class/simple_class_compatibility_tester.f90,test_train_1_from_project_sets_valid_fit,subroutine,private,48
simple_class_compatibility_tester,../scripts/../src/main/class/simple_class_compatibility_tester.f90,test_train_1_too_small_set_no_fit,subroutine,private,79
simple_class_compatibility_tester,../scripts/../src/main/class/simple_class_compatibility_tester.f90,test_train_2_retrain_sets_delta_and_convergence,subroutine,private,109
simple_class_frcs,../scripts/../src/main/class/simple_class_frcs.f90,avg_frc_getter,subroutine,private,216
simple_class_frcs,../scripts/../src/main/class/simple_class_frcs.f90,bound_res,subroutine,private,107
simple_class_frcs,../scripts/../src/main/class/simple_class_frcs.f90,crop,subroutine,private,340
simple_class_frcs,../scripts/../src/main/class/simple_class_frcs.f90,estimate_find_for_eoavg,function,private,256
simple_class_frcs,../scripts/../src/main/class/simple_class_frcs.f90,estimate_lp_for_align,function,private,271
simple_class_frcs,../scripts/../src/main/class/simple_class_frcs.f90,estimate_res,subroutine,private,243
simple_class_frcs,../scripts/../src/main/class/simple_class_frcs.f90,frc_getter,subroutine,private,204
simple_class_frcs,../scripts/../src/main/class/simple_class_frcs.f90,get_frc,function,private,185
simple_class_frcs,../scripts/../src/main/class/simple_class_frcs.f90,getter,subroutine,private,231
simple_class_frcs,../scripts/../src/main/class/simple_class_frcs.f90,kill,subroutine,private,455
simple_class_frcs,../scripts/../src/main/class/simple_class_frcs.f90,new,subroutine,private,57
simple_class_frcs,../scripts/../src/main/class/simple_class_frcs.f90,pad,subroutine,private,299
simple_class_frcs,../scripts/../src/main/class/simple_class_frcs.f90,plot_frcs,subroutine,private,424
simple_class_frcs,../scripts/../src/main/class/simple_class_frcs.f90,print_frcs,subroutine,private,404
simple_class_frcs,../scripts/../src/main/class/simple_class_frcs.f90,raise_exception,subroutine,private,86
simple_class_frcs,../scripts/../src/main/class/simple_class_frcs.f90,read,subroutine,private,380
simple_class_frcs,../scripts/../src/main/class/simple_class_frcs.f90,resample_filter,function,public,170
simple_class_frcs,../scripts/../src/main/class/simple_class_frcs.f90,set_frc,subroutine,private,153
simple_class_frcs,../scripts/../src/main/class/simple_class_frcs.f90,write,subroutine,private,393
simple_class_sample_io,../scripts/../src/fileio/simple_class_sample_io.f90,class_samples_same,function,public,25
simple_class_sample_io,../scripts/../src/fileio/simple_class_sample_io.f90,deallocate_class_samples,subroutine,public,147
simple_class_sample_io,../scripts/../src/fileio/simple_class_sample_io.f90,print_class_sample,subroutine,public,16
simple_class_sample_io,../scripts/../src/fileio/simple_class_sample_io.f90,read_class_samples,subroutine,public,116
simple_class_sample_io,../scripts/../src/fileio/simple_class_sample_io.f90,serialize_class_sample,function,private,44
simple_class_sample_io,../scripts/../src/fileio/simple_class_sample_io.f90,unserialize_class_sample,function,private,68
simple_class_sample_io,../scripts/../src/fileio/simple_class_sample_io.f90,write_class_samples,subroutine,public,93
simple_classaverager,../scripts/../src/main/class/simple_classaverager.f90,fourier_2d_accumulator,type,public,88
simple_classaverager,../scripts/../src/main/class/simple_classaverager.f90,matrix_ptrs,type,private,39
simple_classaverager,../scripts/../src/main/class/simple_classaverager.f90,stack,type,private,46
simple_cls_split_strategy,../scripts/../src/main/strategies/parallelization/simple_cls_split_strategy.f90,apply_defaults,subroutine,private,123
simple_cls_split_strategy,../scripts/../src/main/strategies/parallelization/simple_cls_split_strategy.f90,apply_split_project_updates,subroutine,private,1089
simple_cls_split_strategy,../scripts/../src/main/strategies/parallelization/simple_cls_split_strategy.f90,cleanup_interface,subroutine,private,93
simple_cls_split_strategy,../scripts/../src/main/strategies/parallelization/simple_cls_split_strategy.f90,cls_split_master_strategy,type,public,55
simple_cls_split_strategy,../scripts/../src/main/strategies/parallelization/simple_cls_split_strategy.f90,cls_split_shmem_strategy,type,public,39
simple_cls_split_strategy,../scripts/../src/main/strategies/parallelization/simple_cls_split_strategy.f90,cls_split_strategy,type,public,31
simple_cls_split_strategy,../scripts/../src/main/strategies/parallelization/simple_cls_split_strategy.f90,cls_split_worker_strategy,type,public,47
simple_cls_split_strategy,../scripts/../src/main/strategies/parallelization/simple_cls_split_strategy.f90,collect_split_classes,subroutine,private,360
simple_cls_split_strategy,../scripts/../src/main/strategies/parallelization/simple_cls_split_strategy.f90,count_data_lines,subroutine,private,1247
simple_cls_split_strategy,../scripts/../src/main/strategies/parallelization/simple_cls_split_strategy.f90,create_cls_split_strategy,function,public,102
simple_cls_split_strategy,../scripts/../src/main/strategies/parallelization/simple_cls_split_strategy.f90,determine_phase_flip,subroutine,private,412
simple_cls_split_strategy,../scripts/../src/main/strategies/parallelization/simple_cls_split_strategy.f90,determine_split_label,subroutine,private,397
simple_cls_split_strategy,../scripts/../src/main/strategies/parallelization/simple_cls_split_strategy.f90,estimate_icm_rank_stats,subroutine,private,912
simple_cls_split_strategy,../scripts/../src/main/strategies/parallelization/simple_cls_split_strategy.f90,exec_interface,subroutine,private,77
simple_cls_split_strategy,../scripts/../src/main/strategies/parallelization/simple_cls_split_strategy.f90,finalize_interface,subroutine,private,85
simple_cls_split_strategy,../scripts/../src/main/strategies/parallelization/simple_cls_split_strategy.f90,init_common,subroutine,private,143
simple_cls_split_strategy,../scripts/../src/main/strategies/parallelization/simple_cls_split_strategy.f90,init_interface,subroutine,private,69
simple_cls_split_strategy,../scripts/../src/main/strategies/parallelization/simple_cls_split_strategy.f90,make_split_embedding,subroutine,private,692
simple_cls_split_strategy,../scripts/../src/main/strategies/parallelization/simple_cls_split_strategy.f90,master_cleanup,subroutine,private,308
simple_cls_split_strategy,../scripts/../src/main/strategies/parallelization/simple_cls_split_strategy.f90,master_execute,subroutine,private,291
simple_cls_split_strategy,../scripts/../src/main/strategies/parallelization/simple_cls_split_strategy.f90,master_finalize_run,subroutine,private,301
simple_cls_split_strategy,../scripts/../src/main/strategies/parallelization/simple_cls_split_strategy.f90,master_initialize,subroutine,private,260
simple_cls_split_strategy,../scripts/../src/main/strategies/parallelization/simple_cls_split_strategy.f90,merge_worker_outputs,subroutine,private,1130
simple_cls_split_strategy,../scripts/../src/main/strategies/parallelization/simple_cls_split_strategy.f90,prepare_class_partitions,subroutine,private,324
simple_cls_split_strategy,../scripts/../src/main/strategies/parallelization/simple_cls_split_strategy.f90,read_int_file,subroutine,private,1286
simple_cls_split_strategy,../scripts/../src/main/strategies/parallelization/simple_cls_split_strategy.f90,read_part_map,subroutine,private,1265
simple_cls_split_strategy,../scripts/../src/main/strategies/parallelization/simple_cls_split_strategy.f90,run_icm_rank_seed,subroutine,private,833
simple_cls_split_strategy,../scripts/../src/main/strategies/parallelization/simple_cls_split_strategy.f90,run_local_split,subroutine,private,429
simple_cls_split_strategy,../scripts/../src/main/strategies/parallelization/simple_cls_split_strategy.f90,sanitize_distance_matrix,subroutine,private,1039
simple_cls_split_strategy,../scripts/../src/main/strategies/parallelization/simple_cls_split_strategy.f90,sanitize_embedding_coords,subroutine,private,1019
simple_cls_split_strategy,../scripts/../src/main/strategies/parallelization/simple_cls_split_strategy.f90,select_kmedoids_by_silhouette,subroutine,private,627
simple_cls_split_strategy,../scripts/../src/main/strategies/parallelization/simple_cls_split_strategy.f90,shmem_cleanup,subroutine,private,218
simple_cls_split_strategy,../scripts/../src/main/strategies/parallelization/simple_cls_split_strategy.f90,shmem_execute,subroutine,private,200
simple_cls_split_strategy,../scripts/../src/main/strategies/parallelization/simple_cls_split_strategy.f90,shmem_finalize_run,subroutine,private,211
simple_cls_split_strategy,../scripts/../src/main/strategies/parallelization/simple_cls_split_strategy.f90,shmem_initialize,subroutine,private,192
simple_cls_split_strategy,../scripts/../src/main/strategies/parallelization/simple_cls_split_strategy.f90,sort_combined_maps,subroutine,private,1328
simple_cls_split_strategy,../scripts/../src/main/strategies/parallelization/simple_cls_split_strategy.f90,sort_order_by_weight_desc,subroutine,private,1307
simple_cls_split_strategy,../scripts/../src/main/strategies/parallelization/simple_cls_split_strategy.f90,split_one_parent_class,subroutine,private,514
simple_cls_split_strategy,../scripts/../src/main/strategies/parallelization/simple_cls_split_strategy.f90,trim_split_embedding,subroutine,private,996
simple_cls_split_strategy,../scripts/../src/main/strategies/parallelization/simple_cls_split_strategy.f90,update_icm_rank_site,subroutine,private,942
simple_cls_split_strategy,../scripts/../src/main/strategies/parallelization/simple_cls_split_strategy.f90,validate_cls_split,subroutine,private,155
simple_cls_split_strategy,../scripts/../src/main/strategies/parallelization/simple_cls_split_strategy.f90,worker_cleanup,subroutine,private,255
simple_cls_split_strategy,../scripts/../src/main/strategies/parallelization/simple_cls_split_strategy.f90,worker_execute,subroutine,private,233
simple_cls_split_strategy,../scripts/../src/main/strategies/parallelization/simple_cls_split_strategy.f90,worker_finalize_run,subroutine,private,246
simple_cls_split_strategy,../scripts/../src/main/strategies/parallelization/simple_cls_split_strategy.f90,worker_initialize,subroutine,private,223
simple_cluster2D_strategy,../scripts/../src/main/strategies/parallelization/simple_cluster2D_strategy.f90,apply_stream_iteration_policy,subroutine,private,547
simple_cluster2D_strategy,../scripts/../src/main/strategies/parallelization/simple_cluster2D_strategy.f90,cleanup_distributed_iteration_artifacts,subroutine,private,421
simple_cluster2D_strategy,../scripts/../src/main/strategies/parallelization/simple_cluster2D_strategy.f90,cleanup_interface,subroutine,private,85
simple_cluster2D_strategy,../scripts/../src/main/strategies/parallelization/simple_cluster2D_strategy.f90,cluster2D_distr_strategy,type,public,39
simple_cluster2D_strategy,../scripts/../src/main/strategies/parallelization/simple_cluster2D_strategy.f90,cluster2D_inmem_strategy,type,public,29
simple_cluster2D_strategy,../scripts/../src/main/strategies/parallelization/simple_cluster2D_strategy.f90,cluster2D_strategy,type,public,20
simple_cluster2D_strategy,../scripts/../src/main/strategies/parallelization/simple_cluster2D_strategy.f90,create_cluster2D_strategy,function,public,95
simple_cluster2D_strategy,../scripts/../src/main/strategies/parallelization/simple_cluster2D_strategy.f90,distr_cleanup,subroutine,private,346
simple_cluster2D_strategy,../scripts/../src/main/strategies/parallelization/simple_cluster2D_strategy.f90,distr_execute_iteration,subroutine,private,251
simple_cluster2D_strategy,../scripts/../src/main/strategies/parallelization/simple_cluster2D_strategy.f90,distr_finalize_iteration,subroutine,private,338
simple_cluster2D_strategy,../scripts/../src/main/strategies/parallelization/simple_cluster2D_strategy.f90,distr_finalize_run,subroutine,private,355
simple_cluster2D_strategy,../scripts/../src/main/strategies/parallelization/simple_cluster2D_strategy.f90,distr_initialize,subroutine,private,221
simple_cluster2D_strategy,../scripts/../src/main/strategies/parallelization/simple_cluster2D_strategy.f90,exec_iter_interface,subroutine,private,61
simple_cluster2D_strategy,../scripts/../src/main/strategies/parallelization/simple_cluster2D_strategy.f90,execute_make_cavgs,subroutine,private,532
simple_cluster2D_strategy,../scripts/../src/main/strategies/parallelization/simple_cluster2D_strategy.f90,finalize_iter_interface,subroutine,private,70
simple_cluster2D_strategy,../scripts/../src/main/strategies/parallelization/simple_cluster2D_strategy.f90,finalize_run_interface,subroutine,private,77
simple_cluster2D_strategy,../scripts/../src/main/strategies/parallelization/simple_cluster2D_strategy.f90,gen_jpeg,subroutine,private,583
simple_cluster2D_strategy,../scripts/../src/main/strategies/parallelization/simple_cluster2D_strategy.f90,init_cluster2D_refs,subroutine,private,376
simple_cluster2D_strategy,../scripts/../src/main/strategies/parallelization/simple_cluster2D_strategy.f90,init_interface,subroutine,private,53
simple_cluster2D_strategy,../scripts/../src/main/strategies/parallelization/simple_cluster2D_strategy.f90,init_standard_refs,subroutine,private,501
simple_cluster2D_strategy,../scripts/../src/main/strategies/parallelization/simple_cluster2D_strategy.f90,init_tseries_refs,subroutine,private,460
simple_cluster2D_strategy,../scripts/../src/main/strategies/parallelization/simple_cluster2D_strategy.f90,inmem_cleanup,subroutine,private,192
simple_cluster2D_strategy,../scripts/../src/main/strategies/parallelization/simple_cluster2D_strategy.f90,inmem_execute_iteration,subroutine,private,140
simple_cluster2D_strategy,../scripts/../src/main/strategies/parallelization/simple_cluster2D_strategy.f90,inmem_finalize_iteration,subroutine,private,185
simple_cluster2D_strategy,../scripts/../src/main/strategies/parallelization/simple_cluster2D_strategy.f90,inmem_finalize_run,subroutine,private,198
simple_cluster2D_strategy,../scripts/../src/main/strategies/parallelization/simple_cluster2D_strategy.f90,inmem_initialize,subroutine,private,111
simple_cluster2D_strategy,../scripts/../src/main/strategies/parallelization/simple_cluster2D_strategy.f90,run_distributed_cavg_assembly,subroutine,private,435
simple_cluster_seed,../scripts/../src/utils/clustering/simple_cluster_seed.f90,bit_remove,subroutine,private,355
simple_cluster_seed,../scripts/../src/utils/clustering/simple_cluster_seed.f90,draw,subroutine,private,321
simple_cluster_seed,../scripts/../src/utils/clustering/simple_cluster_seed.f90,draw_ranked,subroutine,private,122
simple_cluster_seed,../scripts/../src/utils/clustering/simple_cluster_seed.f90,draw_ranked_uniform,subroutine,private,417
simple_cluster_seed,../scripts/../src/utils/clustering/simple_cluster_seed.f90,draw_squared,subroutine,private,368
simple_cluster_seed,../scripts/../src/utils/clustering/simple_cluster_seed.f90,draw_squared_uniform,subroutine,private,153
simple_cluster_seed,../scripts/../src/utils/clustering/simple_cluster_seed.f90,draw_squared_uniform_projdir,subroutine,private,226
simple_cluster_seed,../scripts/../src/utils/clustering/simple_cluster_seed.f90,draw_uniform,subroutine,private,72
simple_cluster_seed,../scripts/../src/utils/clustering/simple_cluster_seed.f90,draw_uniform_corr,subroutine,private,90
simple_cluster_seed,../scripts/../src/utils/clustering/simple_cluster_seed.f90,gen_labelling,subroutine,public,18
simple_clustering_utils,../scripts/../src/utils/clustering/simple_clustering_utils.f90,aggregate,subroutine,public,153
simple_clustering_utils,../scripts/../src/utils/clustering/simple_clustering_utils.f90,cluster_dmat,subroutine,public,16
simple_clustering_utils,../scripts/../src/utils/clustering/simple_clustering_utils.f90,labels2smat,function,public,120
simple_clustering_utils,../scripts/../src/utils/clustering/simple_clustering_utils.f90,merge_if_necessary,subroutine,private,102
simple_cmdline,../scripts/../src/main/simple_cmdline.f90,assign,subroutine,private,498
simple_cmdline,../scripts/../src/main/simple_cmdline.f90,check,subroutine,private,632
simple_cmdline,../scripts/../src/main/simple_cmdline.f90,checkvar,subroutine,private,623
simple_cmdline,../scripts/../src/main/simple_cmdline.f90,cmdline_err,subroutine,public,873
simple_cmdline,../scripts/../src/main/simple_cmdline.f90,copy,subroutine,private,471
simple_cmdline,../scripts/../src/main/simple_cmdline.f90,defined,function,private,742
simple_cmdline,../scripts/../src/main/simple_cmdline.f90,delete,subroutine,private,607
simple_cmdline,../scripts/../src/main/simple_cmdline.f90,gen_job_descr,subroutine,private,839
simple_cmdline,../scripts/../src/main/simple_cmdline.f90,get_carg,function,private,823
simple_cmdline,../scripts/../src/main/simple_cmdline.f90,get_keys,function,private,777
simple_cmdline,../scripts/../src/main/simple_cmdline.f90,get_rarg,function,private,790
simple_cmdline,../scripts/../src/main/simple_cmdline.f90,kill,subroutine,private,857
simple_cmdline,../scripts/../src/main/simple_cmdline.f90,lookup,function,private,757
simple_cmdline,../scripts/../src/main/simple_cmdline.f90,parse,subroutine,private,60
simple_cmdline,../scripts/../src/main/simple_cmdline.f90,parse_command_line_value,subroutine,private,436
simple_cmdline,../scripts/../src/main/simple_cmdline.f90,parse_oldschool,subroutine,private,385
simple_cmdline,../scripts/../src/main/simple_cmdline.f90,parse_private,subroutine,private,198
simple_cmdline,../scripts/../src/main/simple_cmdline.f90,parse_private_line,subroutine,private,296
simple_cmdline,../scripts/../src/main/simple_cmdline.f90,printline,subroutine,private,675
simple_cmdline,../scripts/../src/main/simple_cmdline.f90,read,subroutine,private,698
simple_cmdline,../scripts/../src/main/simple_cmdline.f90,set_1,subroutine,private,505
simple_cmdline,../scripts/../src/main/simple_cmdline.f90,set_2,subroutine,private,527
simple_cmdline,../scripts/../src/main/simple_cmdline.f90,set_3,subroutine,private,535
simple_cmdline,../scripts/../src/main/simple_cmdline.f90,set_4,subroutine,private,557
simple_cmdline,../scripts/../src/main/simple_cmdline.f90,set_5,subroutine,private,564
simple_cmdline,../scripts/../src/main/simple_cmdline.f90,set_6,subroutine,private,585
simple_cmdline,../scripts/../src/main/simple_cmdline.f90,writeline,subroutine,private,714
simple_cmdline_tester,../scripts/../src/main/simple_cmdline_tester.f90,run_all_cmdline_tests,subroutine,public,15
simple_cmdline_tester,../scripts/../src/main/simple_cmdline_tester.f90,test_copy_and_assignment,subroutine,private,153
simple_cmdline_tester,../scripts/../src/main/simple_cmdline_tester.f90,test_defined_and_lookup,subroutine,private,111
simple_cmdline_tester,../scripts/../src/main/simple_cmdline_tester.f90,test_delete_behavior,subroutine,private,88
simple_cmdline_tester,../scripts/../src/main/simple_cmdline_tester.f90,test_gen_job_descr,subroutine,private,197
simple_cmdline_tester,../scripts/../src/main/simple_cmdline_tester.f90,test_get_keys,subroutine,private,132
simple_cmdline_tester,../scripts/../src/main/simple_cmdline_tester.f90,test_read_parsing,subroutine,private,178
simple_cmdline_tester,../scripts/../src/main/simple_cmdline_tester.f90,test_set_and_get_char_and_string,subroutine,private,61
simple_cmdline_tester,../scripts/../src/main/simple_cmdline_tester.f90,test_set_and_get_numeric,subroutine,private,31
simple_commander_base,../scripts/../src/main/commanders/simple/simple_commander_base.f90,commander_base,type,public,10
simple_commander_base,../scripts/../src/main/commanders/simple/simple_commander_base.f90,generic_execute,subroutine,private,18
simple_commanders_abinitio,../scripts/../src/main/commanders/simple/simple_commanders_abinitio.f90,clean_ptcl3D_sampling,subroutine,private,955
simple_commanders_abinitio,../scripts/../src/main/commanders/simple/simple_commanders_abinitio.f90,commander_abinitio3D,type,public,24
simple_commanders_abinitio,../scripts/../src/main/commanders/simple/simple_commanders_abinitio.f90,commander_abinitio3D_cavgs,type,public,19
simple_commanders_abinitio,../scripts/../src/main/commanders/simple/simple_commanders_abinitio.f90,configure_cavgs_distributed_clines,subroutine,private,454
simple_commanders_abinitio,../scripts/../src/main/commanders/simple/simple_commanders_abinitio.f90,conv_eo,subroutine,private,398
simple_commanders_abinitio,../scripts/../src/main/commanders/simple/simple_commanders_abinitio.f90,conv_eo_states,subroutine,private,425
simple_commanders_abinitio,../scripts/../src/main/commanders/simple/simple_commanders_abinitio.f90,del_pproc_vols,subroutine,private,352
simple_commanders_abinitio,../scripts/../src/main/commanders/simple/simple_commanders_abinitio.f90,ensure_multistate_particle_assignments,subroutine,private,1030
simple_commanders_abinitio,../scripts/../src/main/commanders/simple/simple_commanders_abinitio.f90,exec_abinitio3D,subroutine,private,488
simple_commanders_abinitio,../scripts/../src/main/commanders/simple/simple_commanders_abinitio.f90,exec_abinitio3D_cavgs,subroutine,private,32
simple_commanders_abinitio,../scripts/../src/main/commanders/simple/simple_commanders_abinitio.f90,ini3D_from_cavgs,subroutine,private,1186
simple_commanders_abinitio,../scripts/../src/main/commanders/simple/simple_commanders_abinitio.f90,prepare_docked_particle_cohort,subroutine,private,1045
simple_commanders_abinitio,../scripts/../src/main/commanders/simple/simple_commanders_abinitio.f90,prepare_state_continue_project,subroutine,private,959
simple_commanders_abinitio,../scripts/../src/main/commanders/simple/simple_commanders_abinitio.f90,rank_cavgs,subroutine,private,440
simple_commanders_abinitio,../scripts/../src/main/commanders/simple/simple_commanders_abinitio.f90,read_multistate_assignment_coverage,subroutine,private,1121
simple_commanders_abinitio,../scripts/../src/main/commanders/simple/simple_commanders_abinitio.f90,reset_ptcl3D_from_ptcl2D_selection,subroutine,private,1004
simple_commanders_abinitio,../scripts/../src/main/commanders/simple/simple_commanders_abinitio.f90,rndstart,subroutine,private,359
simple_commanders_abinitio,../scripts/../src/main/commanders/simple/simple_commanders_abinitio.f90,run_multistate_missing_update,subroutine,private,1140
simple_commanders_abinitio,../scripts/../src/main/commanders/simple/simple_commanders_abinitio.f90,select_docked_split_reconstruction_sample,subroutine,private,1088
simple_commanders_abinitio,../scripts/../src/main/commanders/simple/simple_commanders_abinitio.f90,strip_distributed_child,subroutine,private,479
simple_commanders_abinitio,../scripts/../src/main/commanders/simple/simple_commanders_abinitio.f90,sync_distributed_child,subroutine,private,473
simple_commanders_abinitio,../scripts/../src/main/commanders/simple/simple_commanders_abinitio.f90,validate_cavg_ini_ext_states,subroutine,private,1237
simple_commanders_abinitio2D,../scripts/../src/main/commanders/simple/simple_commanders_abinitio2D.f90,commander_abinitio2D,type,public,13
simple_commanders_abinitio2D,../scripts/../src/main/commanders/simple/simple_commanders_abinitio2D.f90,exec_abinitio2D,subroutine,private,30
simple_commanders_abinitio2D,../scripts/../src/main/commanders/simple/simple_commanders_abinitio2D.f90,exec_abinitio2D_workflow,subroutine,private,46
simple_commanders_abinitio2D,../scripts/../src/main/commanders/simple/simple_commanders_abinitio2D.f90,execute_abinitio2D_staged,subroutine,public,36
simple_commanders_abinitio2D,../scripts/../src/main/commanders/simple/simple_commanders_abinitio2D.f90,execute_cluster2D,subroutine,private,366
simple_commanders_abinitio2D,../scripts/../src/main/commanders/simple/simple_commanders_abinitio2D.f90,execute_terminal_pass,subroutine,private,396
simple_commanders_abinitio2D,../scripts/../src/main/commanders/simple/simple_commanders_abinitio2D.f90,gen_final_cavgs,subroutine,private,431
simple_commanders_abinitio2D,../scripts/../src/main/commanders/simple/simple_commanders_abinitio2D.f90,inirefs,subroutine,private,241
simple_commanders_abinitio2D,../scripts/../src/main/commanders/simple/simple_commanders_abinitio2D.f90,output_stats,subroutine,private,421
simple_commanders_abinitio2D,../scripts/../src/main/commanders/simple/simple_commanders_abinitio2D.f90,prep_command_lines,subroutine,private,351
simple_commanders_abinitio2D,../scripts/../src/main/commanders/simple/simple_commanders_abinitio2D.f90,set_dims,subroutine,private,212
simple_commanders_abinitio2D,../scripts/../src/main/commanders/simple/simple_commanders_abinitio2D.f90,set_lplims,subroutine,private,297
simple_commanders_abinitio2D,../scripts/../src/main/commanders/simple/simple_commanders_abinitio2D.f90,set_sampling,subroutine,private,346
simple_commanders_abinitio2D,../scripts/../src/main/commanders/simple/simple_commanders_abinitio2D.f90,terminal_cline_policy,subroutine,private,22
simple_commanders_abinitio2D,../scripts/../src/main/commanders/simple/simple_commanders_abinitio2D.f90,write_abinitio_benchmark,subroutine,private,480
simple_commanders_abinitio2d_sgd,../scripts/../src/main/commanders/simple/simple_commanders_abinitio2d_sgd.f90,commander_abinitio2d_sgd,type,public,15
simple_commanders_abinitio2d_sgd,../scripts/../src/main/commanders/simple/simple_commanders_abinitio2d_sgd.f90,exec_abinitio2d_sgd,subroutine,private,22
simple_commanders_abinitio2d_sgd,../scripts/../src/main/commanders/simple/simple_commanders_abinitio2d_sgd.f90,get_checkpoint_request,subroutine,private,68
simple_commanders_abinitio2d_sgd,../scripts/../src/main/commanders/simple/simple_commanders_abinitio2d_sgd.f90,prepare_abinitio2d_sgd,subroutine,public,33
simple_commanders_abinitio2d_sgd,../scripts/../src/main/commanders/simple/simple_commanders_abinitio2d_sgd.f90,prepare_terminal_command,subroutine,private,95
simple_commanders_atoms,../scripts/../src/main/commanders/simple/simple_commanders_atoms.f90,commander_atoms_register,type,public,15
simple_commanders_atoms,../scripts/../src/main/commanders/simple/simple_commanders_atoms.f90,commander_atoms_rmsd,type,public,70
simple_commanders_atoms,../scripts/../src/main/commanders/simple/simple_commanders_atoms.f90,commander_atoms_stats,type,public,10
simple_commanders_atoms,../scripts/../src/main/commanders/simple/simple_commanders_atoms.f90,commander_cif2mrc,type,public,20
simple_commanders_atoms,../scripts/../src/main/commanders/simple/simple_commanders_atoms.f90,commander_cif2pdb,type,public,25
simple_commanders_atoms,../scripts/../src/main/commanders/simple/simple_commanders_atoms.f90,commander_conv_atom_denoise,type,public,35
simple_commanders_atoms,../scripts/../src/main/commanders/simple/simple_commanders_atoms.f90,commander_core_atoms_analysis,type,public,75
simple_commanders_atoms,../scripts/../src/main/commanders/simple/simple_commanders_atoms.f90,commander_crys_score,type,public,30
simple_commanders_atoms,../scripts/../src/main/commanders/simple/simple_commanders_atoms.f90,commander_detect_atoms,type,public,40
simple_commanders_atoms,../scripts/../src/main/commanders/simple/simple_commanders_atoms.f90,commander_map2model_fsc,type,public,45
simple_commanders_atoms,../scripts/../src/main/commanders/simple/simple_commanders_atoms.f90,commander_map_validate,type,public,50
simple_commanders_atoms,../scripts/../src/main/commanders/simple/simple_commanders_atoms.f90,commander_model_validate,type,public,55
simple_commanders_atoms,../scripts/../src/main/commanders/simple/simple_commanders_atoms.f90,commander_model_validate_eo,type,public,60
simple_commanders_atoms,../scripts/../src/main/commanders/simple/simple_commanders_atoms.f90,commander_pdb2mrc,type,public,65
simple_commanders_atoms,../scripts/../src/main/commanders/simple/simple_commanders_atoms.f90,common_atoms,type,public,80
simple_commanders_atoms,../scripts/../src/main/commanders/simple/simple_commanders_atoms.f90,compute_stats,subroutine,public,296
simple_commanders_atoms,../scripts/../src/main/commanders/simple/simple_commanders_atoms.f90,exec_atoms_register,subroutine,public,129
simple_commanders_atoms,../scripts/../src/main/commanders/simple/simple_commanders_atoms.f90,exec_atoms_rmsd,subroutine,public,558
simple_commanders_atoms,../scripts/../src/main/commanders/simple/simple_commanders_atoms.f90,exec_atoms_stats,subroutine,public,90
simple_commanders_atoms,../scripts/../src/main/commanders/simple/simple_commanders_atoms.f90,exec_cif2mrc,subroutine,public,193
simple_commanders_atoms,../scripts/../src/main/commanders/simple/simple_commanders_atoms.f90,exec_cif2pdb,subroutine,public,206
simple_commanders_atoms,../scripts/../src/main/commanders/simple/simple_commanders_atoms.f90,exec_conv_atom_denoise,subroutine,public,385
simple_commanders_atoms,../scripts/../src/main/commanders/simple/simple_commanders_atoms.f90,exec_core_atoms_analysis,subroutine,public,613
simple_commanders_atoms,../scripts/../src/main/commanders/simple/simple_commanders_atoms.f90,exec_crys_score,subroutine,public,220
simple_commanders_atoms,../scripts/../src/main/commanders/simple/simple_commanders_atoms.f90,exec_detect_atoms,subroutine,public,399
simple_commanders_atoms,../scripts/../src/main/commanders/simple/simple_commanders_atoms.f90,exec_map2model_fsc,subroutine,public,419
simple_commanders_atoms,../scripts/../src/main/commanders/simple/simple_commanders_atoms.f90,exec_map_validate,subroutine,public,447
simple_commanders_atoms,../scripts/../src/main/commanders/simple/simple_commanders_atoms.f90,exec_model_validate,subroutine,public,483
simple_commanders_atoms,../scripts/../src/main/commanders/simple/simple_commanders_atoms.f90,exec_model_validate_eo,subroutine,public,496
simple_commanders_atoms,../scripts/../src/main/commanders/simple/simple_commanders_atoms.f90,exec_pdb2mrc,subroutine,public,527
simple_commanders_atoms,../scripts/../src/main/commanders/simple/simple_commanders_atoms.f90,sort_cluster,subroutine,public,333
simple_commanders_cavgs,../scripts/../src/main/commanders/simple/simple_commanders_cavgs.f90,annotate_project,subroutine,public,757
simple_commanders_cavgs,../scripts/../src/main/commanders/simple/simple_commanders_cavgs.f90,build_temp_project_from_stack,subroutine,public,390
simple_commanders_cavgs,../scripts/../src/main/commanders/simple/simple_commanders_cavgs.f90,commander_cluster_cavgs,type,public,22
simple_commanders_cavgs,../scripts/../src/main/commanders/simple/simple_commanders_cavgs.f90,commander_cluster_cavgs_selection,type,public,32
simple_commanders_cavgs,../scripts/../src/main/commanders/simple/simple_commanders_cavgs.f90,commander_map_cavgs_selection,type,public,47
simple_commanders_cavgs,../scripts/../src/main/commanders/simple/simple_commanders_cavgs.f90,commander_map_cavgs_states,type,public,52
simple_commanders_cavgs,../scripts/../src/main/commanders/simple/simple_commanders_cavgs.f90,commander_match_cavgs,type,public,42
simple_commanders_cavgs,../scripts/../src/main/commanders/simple/simple_commanders_cavgs.f90,commander_model_cavgs_rejection,type,public,27
simple_commanders_cavgs,../scripts/../src/main/commanders/simple/simple_commanders_cavgs.f90,commander_rank_cavgs,type,public,17
simple_commanders_cavgs,../scripts/../src/main/commanders/simple/simple_commanders_cavgs.f90,commander_select_clusters,type,public,37
simple_commanders_cavgs,../scripts/../src/main/commanders/simple/simple_commanders_cavgs.f90,commander_shape_rank_cavgs,type,public,57
simple_commanders_cavgs,../scripts/../src/main/commanders/simple/simple_commanders_cavgs.f90,exec_cluster_cavgs,subroutine,public,153
simple_commanders_cavgs,../scripts/../src/main/commanders/simple/simple_commanders_cavgs.f90,exec_cluster_cavgs_selection,subroutine,public,855
simple_commanders_cavgs,../scripts/../src/main/commanders/simple/simple_commanders_cavgs.f90,exec_map_cavgs_selection,subroutine,public,1182
simple_commanders_cavgs,../scripts/../src/main/commanders/simple/simple_commanders_cavgs.f90,exec_map_cavgs_states,subroutine,public,1236
simple_commanders_cavgs,../scripts/../src/main/commanders/simple/simple_commanders_cavgs.f90,exec_match_cavgs,subroutine,public,1034
simple_commanders_cavgs,../scripts/../src/main/commanders/simple/simple_commanders_cavgs.f90,exec_model_cavgs_rejection,subroutine,public,473
simple_commanders_cavgs,../scripts/../src/main/commanders/simple/simple_commanders_cavgs.f90,exec_rank_cavgs,subroutine,public,64
simple_commanders_cavgs,../scripts/../src/main/commanders/simple/simple_commanders_cavgs.f90,exec_select_clusters,subroutine,public,974
simple_commanders_cavgs,../scripts/../src/main/commanders/simple/simple_commanders_cavgs.f90,exec_shape_rank_cavgs,subroutine,public,1297
simple_commanders_cavgs,../scripts/../src/main/commanders/simple/simple_commanders_cavgs.f90,find_label_state,function,public,1168
simple_commanders_cavgs,../scripts/../src/main/commanders/simple/simple_commanders_cavgs.f90,log_quality_model_selection,subroutine,public,843
simple_commanders_cavgs,../scripts/../src/main/commanders/simple/simple_commanders_cavgs.f90,p1_lt_p2,function,public,1371
simple_commanders_cavgs,../scripts/../src/main/commanders/simple/simple_commanders_cavgs.f90,prep_stack4clust,subroutine,public,410
simple_commanders_cavgs,../scripts/../src/main/commanders/simple/simple_commanders_cavgs.f90,score_cls3d_state_groups,subroutine,public,650
simple_commanders_cavgs,../scripts/../src/main/commanders/simple/simple_commanders_cavgs.f90,update_project,subroutine,public,446
simple_commanders_cavgs,../scripts/../src/main/commanders/simple/simple_commanders_cavgs.f90,write_hard_gate_stack,subroutine,public,790
simple_commanders_cavgs,../scripts/../src/main/commanders/simple/simple_commanders_cavgs.f90,write_quality_stack,subroutine,public,775
simple_commanders_cavgs,../scripts/../src/main/commanders/simple/simple_commanders_cavgs.f90,write_ranked_quality_stack,subroutine,public,806
simple_commanders_checks,../scripts/../src/main/commanders/simple/simple_commanders_checks.f90,check_euler_shift,subroutine,public,71
simple_commanders_checks,../scripts/../src/main/commanders/simple/simple_commanders_checks.f90,commander_check_box,type,public,7
simple_commanders_checks,../scripts/../src/main/commanders/simple/simple_commanders_checks.f90,commander_check_nptcls,type,public,12
simple_commanders_checks,../scripts/../src/main/commanders/simple/simple_commanders_checks.f90,commander_check_stoch_update,type,public,17
simple_commanders_checks,../scripts/../src/main/commanders/simple/simple_commanders_checks.f90,commander_check_update_frac,type,public,22
simple_commanders_checks,../scripts/../src/main/commanders/simple/simple_commanders_checks.f90,commander_info_image,type,public,27
simple_commanders_checks,../scripts/../src/main/commanders/simple/simple_commanders_checks.f90,commander_info_stktab,type,public,32
simple_commanders_checks,../scripts/../src/main/commanders/simple/simple_commanders_checks.f90,exec_check_box,subroutine,public,40
simple_commanders_checks,../scripts/../src/main/commanders/simple/simple_commanders_checks.f90,exec_check_nptcls,subroutine,public,57
simple_commanders_checks,../scripts/../src/main/commanders/simple/simple_commanders_checks.f90,exec_check_stoch_update,subroutine,public,94
simple_commanders_checks,../scripts/../src/main/commanders/simple/simple_commanders_checks.f90,exec_check_update_frac,subroutine,public,111
simple_commanders_checks,../scripts/../src/main/commanders/simple/simple_commanders_checks.f90,exec_info_image,subroutine,public,137
simple_commanders_checks,../scripts/../src/main/commanders/simple/simple_commanders_checks.f90,exec_info_stktab,subroutine,public,171
simple_commanders_cluster2D,../scripts/../src/main/commanders/simple/simple_commanders_cluster2D.f90,commander_cluster2D,type,public,17
simple_commanders_cluster2D,../scripts/../src/main/commanders/simple/simple_commanders_cluster2D.f90,commander_cluster2D_distr_worker,type,public,22
simple_commanders_cluster2D,../scripts/../src/main/commanders/simple/simple_commanders_cluster2D.f90,commander_ppca_denoise_classes,type,public,27
simple_commanders_cluster2D,../scripts/../src/main/commanders/simple/simple_commanders_cluster2D.f90,exec_cluster2D,subroutine,public,35
simple_commanders_cluster2D,../scripts/../src/main/commanders/simple/simple_commanders_cluster2D.f90,exec_cluster2D_distr_worker,subroutine,public,98
simple_commanders_cluster2D,../scripts/../src/main/commanders/simple/simple_commanders_cluster2D.f90,exec_ppca_denoise_classes,subroutine,public,124
simple_commanders_cluster2D,../scripts/../src/main/commanders/simple/simple_commanders_cluster2D.f90,log_ppca_rank_scan,subroutine,public,439
simple_commanders_denoise,../scripts/../src/main/commanders/simple/simple_commanders_denoise.f90,build_den2raw_map,subroutine,public,162
simple_commanders_denoise,../scripts/../src/main/commanders/simple/simple_commanders_denoise.f90,commander_cls_split,type,public,8
simple_commanders_denoise,../scripts/../src/main/commanders/simple/simple_commanders_denoise.f90,commander_denoise_project,type,public,13
simple_commanders_denoise,../scripts/../src/main/commanders/simple/simple_commanders_denoise.f90,commander_map_params_from_den,type,public,18
simple_commanders_denoise,../scripts/../src/main/commanders/simple/simple_commanders_denoise.f90,copy_assignment_keys,subroutine,public,279
simple_commanders_denoise,../scripts/../src/main/commanders/simple/simple_commanders_denoise.f90,exec_cls_split,subroutine,public,25
simple_commanders_denoise,../scripts/../src/main/commanders/simple/simple_commanders_denoise.f90,exec_denoise_project,subroutine,public,61
simple_commanders_denoise,../scripts/../src/main/commanders/simple/simple_commanders_denoise.f90,exec_map_params_from_den,subroutine,public,78
simple_commanders_denoise,../scripts/../src/main/commanders/simple/simple_commanders_denoise.f90,validate_den2raw_map,subroutine,public,243
simple_commanders_distr,../scripts/../src/main/commanders/simple/simple_commanders_distr.f90,commander_split,type,public,7
simple_commanders_distr,../scripts/../src/main/commanders/simple/simple_commanders_distr.f90,exec_split,subroutine,public,16
simple_commanders_euclid,../scripts/../src/main/commanders/simple/simple_commanders_euclid.f90,commander_calc_group_sigmas,type,public,13
simple_commanders_euclid,../scripts/../src/main/commanders/simple/simple_commanders_euclid.f90,commander_calc_pspec,type,public,8
simple_commanders_euclid,../scripts/../src/main/commanders/simple/simple_commanders_euclid.f90,consolidate_channel,subroutine,public,56
simple_commanders_euclid,../scripts/../src/main/commanders/simple/simple_commanders_euclid.f90,exec_calc_group_sigmas,subroutine,public,41
simple_commanders_euclid,../scripts/../src/main/commanders/simple/simple_commanders_euclid.f90,exec_calc_pspec,subroutine,public,20
simple_commanders_euclid_distr,../scripts/../src/main/commanders/simple/simple_commanders_euclid_distr.f90,commander_calc_pspec_assemble,type,public,9
simple_commanders_euclid_distr,../scripts/../src/main/commanders/simple/simple_commanders_euclid_distr.f90,exec_calc_pspec_assemble,subroutine,public,16
simple_commanders_euclid_distr,../scripts/../src/main/commanders/simple/simple_commanders_euclid_distr.f90,remove_negative_sigmas,subroutine,public,163
simple_commanders_flex_pca,../scripts/../src/main/commanders/simple/simple_commanders_flex_pca.f90,commander_flex_pca,type,public,8
simple_commanders_flex_pca,../scripts/../src/main/commanders/simple/simple_commanders_flex_pca.f90,derive_flex_pca_band,subroutine,public,57
simple_commanders_flex_pca,../scripts/../src/main/commanders/simple/simple_commanders_flex_pca.f90,exec_flex_pca,subroutine,public,15
simple_commanders_imgops,../scripts/../src/main/commanders/simple/simple_commanders_imgops.f90,commander_binarize,type,public,7
simple_commanders_imgops,../scripts/../src/main/commanders/simple/simple_commanders_imgops.f90,commander_edge_detect,type,public,12
simple_commanders_imgops,../scripts/../src/main/commanders/simple/simple_commanders_imgops.f90,commander_filter,type,public,17
simple_commanders_imgops,../scripts/../src/main/commanders/simple/simple_commanders_imgops.f90,commander_normalize,type,public,27
simple_commanders_imgops,../scripts/../src/main/commanders/simple/simple_commanders_imgops.f90,commander_ppca_denoise,type,public,22
simple_commanders_imgops,../scripts/../src/main/commanders/simple/simple_commanders_imgops.f90,commander_scale,type,public,32
simple_commanders_imgops,../scripts/../src/main/commanders/simple/simple_commanders_imgops.f90,doit,subroutine,public,89
simple_commanders_imgops,../scripts/../src/main/commanders/simple/simple_commanders_imgops.f90,doit,subroutine,public,174
simple_commanders_imgops,../scripts/../src/main/commanders/simple/simple_commanders_imgops.f90,exec_binarize,subroutine,public,40
simple_commanders_imgops,../scripts/../src/main/commanders/simple/simple_commanders_imgops.f90,exec_edge_detect,subroutine,public,124
simple_commanders_imgops,../scripts/../src/main/commanders/simple/simple_commanders_imgops.f90,exec_filter,subroutine,public,240
simple_commanders_imgops,../scripts/../src/main/commanders/simple/simple_commanders_imgops.f90,exec_normalize,subroutine,public,740
simple_commanders_imgops,../scripts/../src/main/commanders/simple/simple_commanders_imgops.f90,exec_ppca_denoise,subroutine,public,366
simple_commanders_imgops,../scripts/../src/main/commanders/simple/simple_commanders_imgops.f90,exec_scale,subroutine,public,784
simple_commanders_imgproc,../scripts/../src/main/commanders/simple/simple_commanders_imgproc.f90,commander_ctf_correct,type,public,12
simple_commanders_imgproc,../scripts/../src/main/commanders/simple/simple_commanders_imgproc.f90,commander_ctfops,type,public,7
simple_commanders_imgproc,../scripts/../src/main/commanders/simple/simple_commanders_imgproc.f90,commander_estimate_diam,type,public,17
simple_commanders_imgproc,../scripts/../src/main/commanders/simple/simple_commanders_imgproc.f90,correct_particles_batch,subroutine,public,167
simple_commanders_imgproc,../scripts/../src/main/commanders/simple/simple_commanders_imgproc.f90,exec_ctf_correct,subroutine,public,63
simple_commanders_imgproc,../scripts/../src/main/commanders/simple/simple_commanders_imgproc.f90,exec_ctfops,subroutine,public,25
simple_commanders_imgproc,../scripts/../src/main/commanders/simple/simple_commanders_imgproc.f90,exec_estimate_diam,subroutine,public,269
simple_commanders_imgproc,../scripts/../src/main/commanders/simple/simple_commanders_imgproc.f90,update_local_project_copy,subroutine,public,219
simple_commanders_mask,../scripts/../src/main/commanders/simple/simple_commanders_mask.f90,commander_auto_spher_mask,type,public,22
simple_commanders_mask,../scripts/../src/main/commanders/simple/simple_commanders_mask.f90,commander_automask,type,public,17
simple_commanders_mask,../scripts/../src/main/commanders/simple/simple_commanders_mask.f90,commander_automask2D,type,public,12
simple_commanders_mask,../scripts/../src/main/commanders/simple/simple_commanders_mask.f90,commander_mask,type,public,7
simple_commanders_mask,../scripts/../src/main/commanders/simple/simple_commanders_mask.f90,exec_auto_spher_mask,subroutine,public,144
simple_commanders_mask,../scripts/../src/main/commanders/simple/simple_commanders_mask.f90,exec_automask,subroutine,public,114
simple_commanders_mask,../scripts/../src/main/commanders/simple/simple_commanders_mask.f90,exec_automask2D,subroutine,public,83
simple_commanders_mask,../scripts/../src/main/commanders/simple/simple_commanders_mask.f90,exec_mask,subroutine,public,30
simple_commanders_misc,../scripts/../src/main/commanders/simple/simple_commanders_misc.f90,commander_fractionate_movies,type,public,44
simple_commanders_misc,../scripts/../src/main/commanders/simple/simple_commanders_misc.f90,commander_fractionate_movies_distr,type,public,39
simple_commanders_misc,../scripts/../src/main/commanders/simple/simple_commanders_misc.f90,commander_kstest,type,public,24
simple_commanders_misc,../scripts/../src/main/commanders/simple/simple_commanders_misc.f90,commander_mkdir,type,public,34
simple_commanders_misc,../scripts/../src/main/commanders/simple/simple_commanders_misc.f90,commander_pearsn,type,public,29
simple_commanders_misc,../scripts/../src/main/commanders/simple/simple_commanders_misc.f90,commander_print_dose_weights,type,public,19
simple_commanders_misc,../scripts/../src/main/commanders/simple/simple_commanders_misc.f90,commander_print_fsc,type,public,9
simple_commanders_misc,../scripts/../src/main/commanders/simple/simple_commanders_misc.f90,commander_print_magic_boxes,type,public,14
simple_commanders_misc,../scripts/../src/main/commanders/simple/simple_commanders_misc.f90,exec_fractionate_movies,subroutine,public,237
simple_commanders_misc,../scripts/../src/main/commanders/simple/simple_commanders_misc.f90,exec_fractionate_movies_distr,subroutine,public,191
simple_commanders_misc,../scripts/../src/main/commanders/simple/simple_commanders_misc.f90,exec_kstest,subroutine,public,132
simple_commanders_misc,../scripts/../src/main/commanders/simple/simple_commanders_misc.f90,exec_mkdir,subroutine,public,183
simple_commanders_misc,../scripts/../src/main/commanders/simple/simple_commanders_misc.f90,exec_pearsn,subroutine,public,158
simple_commanders_misc,../scripts/../src/main/commanders/simple/simple_commanders_misc.f90,exec_print_dose_weights,subroutine,public,109
simple_commanders_misc,../scripts/../src/main/commanders/simple/simple_commanders_misc.f90,exec_print_fsc,subroutine,public,52
simple_commanders_misc,../scripts/../src/main/commanders/simple/simple_commanders_misc.f90,exec_print_magic_boxes,subroutine,public,99
simple_commanders_misc,../scripts/../src/main/commanders/simple/simple_commanders_misc.f90,read_nrs_dat,subroutine,public,349
simple_commanders_mkcavgs,../scripts/../src/main/commanders/simple/simple_commanders_mkcavgs.f90,append_bootstrap_row,subroutine,public,375
simple_commanders_mkcavgs,../scripts/../src/main/commanders/simple/simple_commanders_mkcavgs.f90,append_skipped_class,subroutine,public,549
simple_commanders_mkcavgs,../scripts/../src/main/commanders/simple/simple_commanders_mkcavgs.f90,build_bootstrap_project,subroutine,public,394
simple_commanders_mkcavgs,../scripts/../src/main/commanders/simple/simple_commanders_mkcavgs.f90,clear_parent_sample,subroutine,public,580
simple_commanders_mkcavgs,../scripts/../src/main/commanders/simple/simple_commanders_mkcavgs.f90,collect_bootstrap_classes,subroutine,public,227
simple_commanders_mkcavgs,../scripts/../src/main/commanders/simple/simple_commanders_mkcavgs.f90,commander_bootstrap_cavgs,type,public,19
simple_commanders_mkcavgs,../scripts/../src/main/commanders/simple/simple_commanders_mkcavgs.f90,commander_cavgassemble,type,public,29
simple_commanders_mkcavgs,../scripts/../src/main/commanders/simple/simple_commanders_mkcavgs.f90,commander_make_cavgs,type,public,14
simple_commanders_mkcavgs,../scripts/../src/main/commanders/simple/simple_commanders_mkcavgs.f90,commander_make_cavgs_distr,type,public,9
simple_commanders_mkcavgs,../scripts/../src/main/commanders/simple/simple_commanders_mkcavgs.f90,commander_unbootstrap_cavgs,type,public,24
simple_commanders_mkcavgs,../scripts/../src/main/commanders/simple/simple_commanders_mkcavgs.f90,commander_write_classes,type,public,34
simple_commanders_mkcavgs,../scripts/../src/main/commanders/simple/simple_commanders_mkcavgs.f90,derive_bootstrap_output_names,subroutine,public,483
simple_commanders_mkcavgs,../scripts/../src/main/commanders/simple/simple_commanders_mkcavgs.f90,exec_bootstrap_cavgs,subroutine,public,53
simple_commanders_mkcavgs,../scripts/../src/main/commanders/simple/simple_commanders_mkcavgs.f90,exec_cavgassemble,subroutine,public,791
simple_commanders_mkcavgs,../scripts/../src/main/commanders/simple/simple_commanders_mkcavgs.f90,exec_make_cavgs,subroutine,public,47
simple_commanders_mkcavgs,../scripts/../src/main/commanders/simple/simple_commanders_mkcavgs.f90,exec_make_cavgs_distr,subroutine,public,41
simple_commanders_mkcavgs,../scripts/../src/main/commanders/simple/simple_commanders_mkcavgs.f90,exec_unbootstrap_cavgs,subroutine,public,607
simple_commanders_mkcavgs,../scripts/../src/main/commanders/simple/simple_commanders_mkcavgs.f90,exec_write_classes,subroutine,public,906
simple_commanders_mkcavgs,../scripts/../src/main/commanders/simple/simple_commanders_mkcavgs.f90,make_cavgs_exec_cavgassemble,subroutine,public,779
simple_commanders_mkcavgs,../scripts/../src/main/commanders/simple/simple_commanders_mkcavgs.f90,report_bootstrap_class_accounting,subroutine,public,592
simple_commanders_mkcavgs,../scripts/../src/main/commanders/simple/simple_commanders_mkcavgs.f90,run_make_cavgs_workflow,subroutine,public,748
simple_commanders_mkcavgs,../scripts/../src/main/commanders/simple/simple_commanders_mkcavgs.f90,select_bootstrap_anchor,subroutine,public,289
simple_commanders_mkcavgs,../scripts/../src/main/commanders/simple/simple_commanders_mkcavgs.f90,set_bootstrap_class_row,subroutine,public,471
simple_commanders_mkcavgs,../scripts/../src/main/commanders/simple/simple_commanders_mkcavgs.f90,shuffle_ints,subroutine,public,353
simple_commanders_mkcavgs,../scripts/../src/main/commanders/simple/simple_commanders_mkcavgs.f90,validate_evenodd_present,subroutine,public,268
simple_commanders_mkcavgs,../scripts/../src/main/commanders/simple/simple_commanders_mkcavgs.f90,write_bootstrap_outputs,subroutine,public,499
simple_commanders_ori,../scripts/../src/main/commanders/simple/simple_commanders_ori.f90,check_states,subroutine,public,610
simple_commanders_ori,../scripts/../src/main/commanders/simple/simple_commanders_ori.f90,commander_check_states,type,public,37
simple_commanders_ori,../scripts/../src/main/commanders/simple/simple_commanders_ori.f90,commander_make_oris,type,public,7
simple_commanders_ori,../scripts/../src/main/commanders/simple/simple_commanders_ori.f90,commander_oriconsensus,type,public,22
simple_commanders_ori,../scripts/../src/main/commanders/simple/simple_commanders_ori.f90,commander_oriops,type,public,12
simple_commanders_ori,../scripts/../src/main/commanders/simple/simple_commanders_ori.f90,commander_oristats,type,public,17
simple_commanders_ori,../scripts/../src/main/commanders/simple/simple_commanders_ori.f90,commander_rotmats2oris,type,public,27
simple_commanders_ori,../scripts/../src/main/commanders/simple/simple_commanders_ori.f90,commander_vizoris,type,public,32
simple_commanders_ori,../scripts/../src/main/commanders/simple/simple_commanders_ori.f90,exec_make_oris,subroutine,public,45
simple_commanders_ori,../scripts/../src/main/commanders/simple/simple_commanders_ori.f90,exec_oriconsensus,subroutine,public,357
simple_commanders_ori,../scripts/../src/main/commanders/simple/simple_commanders_ori.f90,exec_oriops,subroutine,public,103
simple_commanders_ori,../scripts/../src/main/commanders/simple/simple_commanders_ori.f90,exec_oristats,subroutine,public,162
simple_commanders_ori,../scripts/../src/main/commanders/simple/simple_commanders_ori.f90,exec_rotmats2oris,subroutine,public,422
simple_commanders_ori,../scripts/../src/main/commanders/simple/simple_commanders_ori.f90,exec_vizoris,subroutine,public,466
simple_commanders_ori,../scripts/../src/main/commanders/simple/simple_commanders_ori.f90,generate_perm,subroutine,public,712
simple_commanders_ori,../scripts/../src/main/commanders/simple/simple_commanders_ori.f90,read_state_order,subroutine,public,689
simple_commanders_pick,../scripts/../src/main/commanders/simple/simple_commanders_pick.f90,commander_extract,type,public,19
simple_commanders_pick,../scripts/../src/main/commanders/simple/simple_commanders_pick.f90,commander_make_pickrefs,type,public,34
simple_commanders_pick,../scripts/../src/main/commanders/simple/simple_commanders_pick.f90,commander_pick,type,public,14
simple_commanders_pick,../scripts/../src/main/commanders/simple/simple_commanders_pick.f90,commander_pick_extract,type,public,29
simple_commanders_pick,../scripts/../src/main/commanders/simple/simple_commanders_pick.f90,commander_reextract,type,public,24
simple_commanders_pick,../scripts/../src/main/commanders/simple/simple_commanders_pick.f90,exec_extract,subroutine,private,61
simple_commanders_pick,../scripts/../src/main/commanders/simple/simple_commanders_pick.f90,exec_make_pickrefs,subroutine,private,231
simple_commanders_pick,../scripts/../src/main/commanders/simple/simple_commanders_pick.f90,exec_pick,subroutine,private,42
simple_commanders_pick,../scripts/../src/main/commanders/simple/simple_commanders_pick.f90,exec_pick_extract,subroutine,private,102
simple_commanders_pick,../scripts/../src/main/commanders/simple/simple_commanders_pick.f90,exec_reextract,subroutine,private,82
simple_commanders_postprocess_nu,../scripts/../src/main/commanders/simple/simple_commanders_postprocess_nu.f90,commander_postprocess_nu,type,public,24
simple_commanders_postprocess_nu,../scripts/../src/main/commanders/simple/simple_commanders_postprocess_nu.f90,exec_postprocess_nu,subroutine,public,31
simple_commanders_preprocess,../scripts/../src/main/commanders/simple/simple_commanders_preprocess.f90,commander_ctf_estimate,type,public,24
simple_commanders_preprocess,../scripts/../src/main/commanders/simple/simple_commanders_preprocess.f90,commander_gen_pspecs_and_thumbs,type,public,19
simple_commanders_preprocess,../scripts/../src/main/commanders/simple/simple_commanders_preprocess.f90,commander_motion_correct,type,public,14
simple_commanders_preprocess,../scripts/../src/main/commanders/simple/simple_commanders_preprocess.f90,commander_preprocess,type,public,9
simple_commanders_preprocess,../scripts/../src/main/commanders/simple/simple_commanders_preprocess.f90,exec_ctf_estimate,subroutine,public,99
simple_commanders_preprocess,../scripts/../src/main/commanders/simple/simple_commanders_preprocess.f90,exec_gen_pspecs_and_thumbs,subroutine,public,77
simple_commanders_preprocess,../scripts/../src/main/commanders/simple/simple_commanders_preprocess.f90,exec_motion_correct,subroutine,public,55
simple_commanders_preprocess,../scripts/../src/main/commanders/simple/simple_commanders_preprocess.f90,exec_preprocess,subroutine,public,33
simple_commanders_prob,../scripts/../src/main/commanders/simple/simple_commanders_prob.f90,cleanup_prob_align_outputs,subroutine,public,504
simple_commanders_prob,../scripts/../src/main/commanders/simple/simple_commanders_prob.f90,cleanup_prob_neigh_workspace,subroutine,public,159
simple_commanders_prob,../scripts/../src/main/commanders/simple/simple_commanders_prob.f90,commander_prob_align,type,public,17
simple_commanders_prob,../scripts/../src/main/commanders/simple/simple_commanders_prob.f90,commander_prob_align2D,type,public,32
simple_commanders_prob,../scripts/../src/main/commanders/simple/simple_commanders_prob.f90,commander_prob_align_neigh,type,public,22
simple_commanders_prob,../scripts/../src/main/commanders/simple/simple_commanders_prob.f90,commander_prob_tab,type,public,7
simple_commanders_prob,../scripts/../src/main/commanders/simple/simple_commanders_prob.f90,commander_prob_tab2D,type,public,27
simple_commanders_prob,../scripts/../src/main/commanders/simple/simple_commanders_prob.f90,commander_prob_tab_neigh,type,public,12
simple_commanders_prob,../scripts/../src/main/commanders/simple/simple_commanders_prob.f90,exec_prob_align,subroutine,public,191
simple_commanders_prob,../scripts/../src/main/commanders/simple/simple_commanders_prob.f90,exec_prob_align2D,subroutine,public,423
simple_commanders_prob,../scripts/../src/main/commanders/simple/simple_commanders_prob.f90,exec_prob_align_neigh,subroutine,public,281
simple_commanders_prob,../scripts/../src/main/commanders/simple/simple_commanders_prob.f90,exec_prob_tab,subroutine,public,39
simple_commanders_prob,../scripts/../src/main/commanders/simple/simple_commanders_prob.f90,exec_prob_tab2D,subroutine,public,346
simple_commanders_prob,../scripts/../src/main/commanders/simple/simple_commanders_prob.f90,exec_prob_tab_neigh,subroutine,public,109
simple_commanders_prob,../scripts/../src/main/commanders/simple/simple_commanders_prob.f90,prepare_prob_neigh_workspace,subroutine,public,144
simple_commanders_prob,../scripts/../src/main/commanders/simple/simple_commanders_prob.f90,run_prob_tab_neigh_batch,subroutine,public,164
simple_commanders_project_cls,../scripts/../src/main/commanders/simple/simple_commanders_project_cls.f90,commander_export_cavgs,type,public,12
simple_commanders_project_cls,../scripts/../src/main/commanders/simple/simple_commanders_project_cls.f90,commander_import_cavgs,type,public,7
simple_commanders_project_cls,../scripts/../src/main/commanders/simple/simple_commanders_project_cls.f90,commander_sample_classes,type,public,17
simple_commanders_project_cls,../scripts/../src/main/commanders/simple/simple_commanders_project_cls.f90,exec_export_cavgs,subroutine,public,49
simple_commanders_project_cls,../scripts/../src/main/commanders/simple/simple_commanders_project_cls.f90,exec_import_cavgs,subroutine,public,24
simple_commanders_project_cls,../scripts/../src/main/commanders/simple/simple_commanders_project_cls.f90,exec_sample_classes,subroutine,public,92
simple_commanders_project_core,../scripts/../src/main/commanders/simple/simple_commanders_project_core.f90,apply_consensus,subroutine,public,607
simple_commanders_project_core,../scripts/../src/main/commanders/simple/simple_commanders_project_core.f90,best_state_mapping,subroutine,public,529
simple_commanders_project_core,../scripts/../src/main/commanders/simple/simple_commanders_project_core.f90,build_agreement,subroutine,public,543
simple_commanders_project_core,../scripts/../src/main/commanders/simple/simple_commanders_project_core.f90,build_consensus,subroutine,public,582
simple_commanders_project_core,../scripts/../src/main/commanders/simple/simple_commanders_project_core.f90,cleanup,subroutine,public,662
simple_commanders_project_core,../scripts/../src/main/commanders/simple/simple_commanders_project_core.f90,commander_aggregate_chunks,type,public,58
simple_commanders_project_core,../scripts/../src/main/commanders/simple/simple_commanders_project_core.f90,commander_concatenate_projects,type,public,53
simple_commanders_project_core,../scripts/../src/main/commanders/simple/simple_commanders_project_core.f90,commander_extract_subproj,type,public,63
simple_commanders_project_core,../scripts/../src/main/commanders/simple/simple_commanders_project_core.f90,commander_merge_projects,type,public,33
simple_commanders_project_core,../scripts/../src/main/commanders/simple/simple_commanders_project_core.f90,commander_new_project,type,public,8
simple_commanders_project_core,../scripts/../src/main/commanders/simple/simple_commanders_project_core.f90,commander_print_project_field,type,public,23
simple_commanders_project_core,../scripts/../src/main/commanders/simple/simple_commanders_project_core.f90,commander_print_project_info,type,public,13
simple_commanders_project_core,../scripts/../src/main/commanders/simple/simple_commanders_project_core.f90,commander_print_project_vals,type,public,18
simple_commanders_project_core,../scripts/../src/main/commanders/simple/simple_commanders_project_core.f90,commander_ptcl3D_state_consensus,type,public,38
simple_commanders_project_core,../scripts/../src/main/commanders/simple/simple_commanders_project_core.f90,commander_replace_project_field,type,public,48
simple_commanders_project_core,../scripts/../src/main/commanders/simple/simple_commanders_project_core.f90,commander_selection,type,public,68
simple_commanders_project_core,../scripts/../src/main/commanders/simple/simple_commanders_project_core.f90,commander_update_project,type,public,28
simple_commanders_project_core,../scripts/../src/main/commanders/simple/simple_commanders_project_core.f90,commander_validate_projfile,type,public,43
simple_commanders_project_core,../scripts/../src/main/commanders/simple/simple_commanders_project_core.f90,exec_aggregate_chunks,subroutine,public,729
simple_commanders_project_core,../scripts/../src/main/commanders/simple/simple_commanders_project_core.f90,exec_concatenate_projects,subroutine,public,709
simple_commanders_project_core,../scripts/../src/main/commanders/simple/simple_commanders_project_core.f90,exec_extract_subproj,subroutine,public,773
simple_commanders_project_core,../scripts/../src/main/commanders/simple/simple_commanders_project_core.f90,exec_merge_projects,subroutine,public,373
simple_commanders_project_core,../scripts/../src/main/commanders/simple/simple_commanders_project_core.f90,exec_new_project,subroutine,public,75
simple_commanders_project_core,../scripts/../src/main/commanders/simple/simple_commanders_project_core.f90,exec_print_project_field,subroutine,public,231
simple_commanders_project_core,../scripts/../src/main/commanders/simple/simple_commanders_project_core.f90,exec_print_project_info,subroutine,public,135
simple_commanders_project_core,../scripts/../src/main/commanders/simple/simple_commanders_project_core.f90,exec_print_project_vals,subroutine,public,150
simple_commanders_project_core,../scripts/../src/main/commanders/simple/simple_commanders_project_core.f90,exec_ptcl3D_state_consensus,subroutine,public,414
simple_commanders_project_core,../scripts/../src/main/commanders/simple/simple_commanders_project_core.f90,exec_replace_project_field,subroutine,public,695
simple_commanders_project_core,../scripts/../src/main/commanders/simple/simple_commanders_project_core.f90,exec_selection,subroutine,public,871
simple_commanders_project_core,../scripts/../src/main/commanders/simple/simple_commanders_project_core.f90,exec_update_project,subroutine,public,260
simple_commanders_project_core,../scripts/../src/main/commanders/simple/simple_commanders_project_core.f90,exec_validate_projfile,subroutine,public,680
simple_commanders_project_core,../scripts/../src/main/commanders/simple/simple_commanders_project_core.f90,generate_mapping,subroutine,public,556
simple_commanders_project_core,../scripts/../src/main/commanders/simple/simple_commanders_project_core.f90,map_state_correspondence,subroutine,public,508
simple_commanders_project_core,../scripts/../src/main/commanders/simple/simple_commanders_project_core.f90,perform_states_selection,subroutine,public,1101
simple_commanders_project_core,../scripts/../src/main/commanders/simple/simple_commanders_project_core.f90,sanitize_source_labels,subroutine,public,496
simple_commanders_project_core,../scripts/../src/main/commanders/simple/simple_commanders_project_core.f90,write_consensus_report,subroutine,public,616
simple_commanders_project_mov,../scripts/../src/main/commanders/simple/simple_commanders_project_mov.f90,commander_import_movies,type,public,8
simple_commanders_project_mov,../scripts/../src/main/commanders/simple/simple_commanders_project_mov.f90,commander_write_mic_filetab,type,public,13
simple_commanders_project_mov,../scripts/../src/main/commanders/simple/simple_commanders_project_mov.f90,exec_import_movies,subroutine,public,20
simple_commanders_project_mov,../scripts/../src/main/commanders/simple/simple_commanders_project_mov.f90,exec_write_mic_filetab,subroutine,public,148
simple_commanders_project_ptcl,../scripts/../src/main/commanders/simple/simple_commanders_project_ptcl.f90,commander_import_boxes,type,public,18
simple_commanders_project_ptcl,../scripts/../src/main/commanders/simple/simple_commanders_project_ptcl.f90,commander_import_particles,type,public,8
simple_commanders_project_ptcl,../scripts/../src/main/commanders/simple/simple_commanders_project_ptcl.f90,commander_prune_project,type,public,33
simple_commanders_project_ptcl,../scripts/../src/main/commanders/simple/simple_commanders_project_ptcl.f90,commander_prune_project_distr,type,public,28
simple_commanders_project_ptcl,../scripts/../src/main/commanders/simple/simple_commanders_project_ptcl.f90,commander_reimport_particles,type,public,13
simple_commanders_project_ptcl,../scripts/../src/main/commanders/simple/simple_commanders_project_ptcl.f90,commander_scale_project,type,public,38
simple_commanders_project_ptcl,../scripts/../src/main/commanders/simple/simple_commanders_project_ptcl.f90,commander_split_stack,type,public,43
simple_commanders_project_ptcl,../scripts/../src/main/commanders/simple/simple_commanders_project_ptcl.f90,commander_zero_project_shifts,type,public,23
simple_commanders_project_ptcl,../scripts/../src/main/commanders/simple/simple_commanders_project_ptcl.f90,exec_import_boxes,subroutine,public,454
simple_commanders_project_ptcl,../scripts/../src/main/commanders/simple/simple_commanders_project_ptcl.f90,exec_import_particles,subroutine,public,50
simple_commanders_project_ptcl,../scripts/../src/main/commanders/simple/simple_commanders_project_ptcl.f90,exec_prune_project,subroutine,public,710
simple_commanders_project_ptcl,../scripts/../src/main/commanders/simple/simple_commanders_project_ptcl.f90,exec_prune_project_distr,subroutine,public,533
simple_commanders_project_ptcl,../scripts/../src/main/commanders/simple/simple_commanders_project_ptcl.f90,exec_reimport_particles,subroutine,public,381
simple_commanders_project_ptcl,../scripts/../src/main/commanders/simple/simple_commanders_project_ptcl.f90,exec_scale_project,subroutine,public,881
simple_commanders_project_ptcl,../scripts/../src/main/commanders/simple/simple_commanders_project_ptcl.f90,exec_split_stack,subroutine,public,977
simple_commanders_project_ptcl,../scripts/../src/main/commanders/simple/simple_commanders_project_ptcl.f90,exec_zero_project_shifts,subroutine,public,514
simple_commanders_project_ptcl,../scripts/../src/main/commanders/simple/simple_commanders_project_ptcl.f90,validate_denoised_stack_pair,subroutine,public,355
simple_commanders_rec,../scripts/../src/main/commanders/simple/simple_commanders_rec.f90,accumulate_bootstrap_eo_counts,subroutine,public,290
simple_commanders_rec,../scripts/../src/main/commanders/simple/simple_commanders_rec.f90,calc_bootstrap_state_scales,subroutine,public,255
simple_commanders_rec,../scripts/../src/main/commanders/simple/simple_commanders_rec.f90,commander_bootstrap_rec3D,type,public,16
simple_commanders_rec,../scripts/../src/main/commanders/simple/simple_commanders_rec.f90,commander_rec3D,type,public,11
simple_commanders_rec,../scripts/../src/main/commanders/simple/simple_commanders_rec.f90,commander_rec3D_worker,type,public,21
simple_commanders_rec,../scripts/../src/main/commanders/simple/simple_commanders_rec.f90,condition_bootstrap_sigma2,subroutine,public,303
simple_commanders_rec,../scripts/../src/main/commanders/simple/simple_commanders_rec.f90,exec_bootstrap_rec3D,subroutine,public,70
simple_commanders_rec,../scripts/../src/main/commanders/simple/simple_commanders_rec.f90,exec_random_rec,subroutine,public,398
simple_commanders_rec,../scripts/../src/main/commanders/simple/simple_commanders_rec.f90,exec_rec3D,subroutine,public,33
simple_commanders_rec,../scripts/../src/main/commanders/simple/simple_commanders_rec.f90,exec_rec3D_distr_worker,subroutine,public,360
simple_commanders_rec,../scripts/../src/main/commanders/simple/simple_commanders_rec.f90,prepare_bootstrap_rec_cline,subroutine,public,114
simple_commanders_rec,../scripts/../src/main/commanders/simple/simple_commanders_rec.f90,random_rec_commander,type,public,26
simple_commanders_rec,../scripts/../src/main/commanders/simple/simple_commanders_rec.f90,register_bootstrap_rec_outputs,subroutine,public,153
simple_commanders_rec,../scripts/../src/main/commanders/simple/simple_commanders_rec.f90,warn_for_forced_bootstrap_overrides,subroutine,public,345
simple_commanders_rec,../scripts/../src/main/commanders/simple/simple_commanders_rec.f90,write_bootstrap_sigma2_from_halfmaps,subroutine,public,192
simple_commanders_rec_distr,../scripts/../src/main/commanders/simple/simple_commanders_rec_distr.f90,assemble_state,subroutine,private,1199
simple_commanders_rec_distr,../scripts/../src/main/commanders/simple/simple_commanders_rec_distr.f90,blend_trailing_accumulators,subroutine,private,109
simple_commanders_rec_distr,../scripts/../src/main/commanders/simple/simple_commanders_rec_distr.f90,calc_gridding_pair_diagnostics,subroutine,private,775
simple_commanders_rec_distr,../scripts/../src/main/commanders/simple/simple_commanders_rec_distr.f90,capture_nonuniform_source_halves,subroutine,private,423
simple_commanders_rec_distr,../scripts/../src/main/commanders/simple/simple_commanders_rec_distr.f90,carry_forward_dropped_state,subroutine,private,1166
simple_commanders_rec_distr,../scripts/../src/main/commanders/simple/simple_commanders_rec_distr.f90,cleanup_aux_images,subroutine,private,986
simple_commanders_rec_distr,../scripts/../src/main/commanders/simple/simple_commanders_rec_distr.f90,cleanup_context,subroutine,private,1517
simple_commanders_rec_distr,../scripts/../src/main/commanders/simple/simple_commanders_rec_distr.f90,cleanup_nonuniform_state,subroutine,private,1408
simple_commanders_rec_distr,../scripts/../src/main/commanders/simple/simple_commanders_rec_distr.f90,cleanup_nu_aux_images,subroutine,private,1430
simple_commanders_rec_distr,../scripts/../src/main/commanders/simple/simple_commanders_rec_distr.f90,cleanup_restore_state,subroutine,private,502
simple_commanders_rec_distr,../scripts/../src/main/commanders/simple/simple_commanders_rec_distr.f90,collect_restore_timings,subroutine,private,1446
simple_commanders_rec_distr,../scripts/../src/main/commanders/simple/simple_commanders_rec_distr.f90,commander_volassemble,type,public,12
simple_commanders_rec_distr,../scripts/../src/main/commanders/simple/simple_commanders_rec_distr.f90,determine_dropped_states,subroutine,private,1121
simple_commanders_rec_distr,../scripts/../src/main/commanders/simple/simple_commanders_rec_distr.f90,determine_trailing_update_fraction,subroutine,private,1181
simple_commanders_rec_distr,../scripts/../src/main/commanders/simple/simple_commanders_rec_distr.f90,discard_trail_chain_set,subroutine,private,209
simple_commanders_rec_distr,../scripts/../src/main/commanders/simple/simple_commanders_rec_distr.f90,exec_volassemble,subroutine,private,1003
simple_commanders_rec_distr,../scripts/../src/main/commanders/simple/simple_commanders_rec_distr.f90,filter_pcg_nonuniform_maps,subroutine,public,808
simple_commanders_rec_distr,../scripts/../src/main/commanders/simple/simple_commanders_rec_distr.f90,generate_state_nu_envmask,subroutine,private,1242
simple_commanders_rec_distr,../scripts/../src/main/commanders/simple/simple_commanders_rec_distr.f90,initialize_bench_timers,subroutine,private,1068
simple_commanders_rec_distr,../scripts/../src/main/commanders/simple/simple_commanders_rec_distr.f90,initialize_context,subroutine,private,1086
simple_commanders_rec_distr,../scripts/../src/main/commanders/simple/simple_commanders_rec_distr.f90,log_nonuniform_filter_stats,subroutine,private,1371
simple_commanders_rec_distr,../scripts/../src/main/commanders/simple/simple_commanders_rec_distr.f90,log_nu_alignment_lowpass_summary,subroutine,private,1505
simple_commanders_rec_distr,../scripts/../src/main/commanders/simple/simple_commanders_rec_distr.f90,nu_highres_steps_fname,function,private,1366
simple_commanders_rec_distr,../scripts/../src/main/commanders/simple/simple_commanders_rec_distr.f90,postprocess_state,subroutine,private,1213
simple_commanders_rec_distr,../scripts/../src/main/commanders/simple/simple_commanders_rec_distr.f90,read_gridding_pair_accumulators,subroutine,private,523
simple_commanders_rec_distr,../scripts/../src/main/commanders/simple/simple_commanders_rec_distr.f90,read_previous_halfmaps,subroutine,private,378
simple_commanders_rec_distr,../scripts/../src/main/commanders/simple/simple_commanders_rec_distr.f90,record_nu_alignment_lowpass_limit,subroutine,private,1396
simple_commanders_rec_distr,../scripts/../src/main/commanders/simple/simple_commanders_rec_distr.f90,reduce_partials,subroutine,private,89
simple_commanders_rec_distr,../scripts/../src/main/commanders/simple/simple_commanders_rec_distr.f90,refine_nonuniform_filter_bank,subroutine,private,1284
simple_commanders_rec_distr,../scripts/../src/main/commanders/simple/simple_commanders_rec_distr.f90,refresh_state_populations,subroutine,private,1113
simple_commanders_rec_distr,../scripts/../src/main/commanders/simple/simple_commanders_rec_distr.f90,release_nonuniform_aux_inputs,subroutine,private,1419
simple_commanders_rec_distr,../scripts/../src/main/commanders/simple/simple_commanders_rec_distr.f90,release_nonuniform_base_inputs,subroutine,private,1425
simple_commanders_rec_distr,../scripts/../src/main/commanders/simple/simple_commanders_rec_distr.f90,resolution_outfile_fbody,function,private,406
simple_commanders_rec_distr,../scripts/../src/main/commanders/simple/simple_commanders_rec_distr.f90,resolve_fsc_txt_fname,function,private,395
simple_commanders_rec_distr,../scripts/../src/main/commanders/simple/simple_commanders_rec_distr.f90,restore_eos_and_write_fsc,subroutine,private,335
simple_commanders_rec_distr,../scripts/../src/main/commanders/simple/simple_commanders_rec_distr.f90,restore_gridding_pair,subroutine,private,650
simple_commanders_rec_distr,../scripts/../src/main/commanders/simple/simple_commanders_rec_distr.f90,restore_merged_volume,subroutine,private,444
simple_commanders_rec_distr,../scripts/../src/main/commanders/simple/simple_commanders_rec_distr.f90,restore_state_from_parts,subroutine,private,33
simple_commanders_rec_distr,../scripts/../src/main/commanders/simple/simple_commanders_rec_distr.f90,restore_timings_t,type,private,17
simple_commanders_rec_distr,../scripts/../src/main/commanders/simple/simple_commanders_rec_distr.f90,run_state_nonuniform_filter,subroutine,private,1226
simple_commanders_rec_distr,../scripts/../src/main/commanders/simple/simple_commanders_rec_distr.f90,set_state_filenames,subroutine,private,103
simple_commanders_rec_distr,../scripts/../src/main/commanders/simple/simple_commanders_rec_distr.f90,setup_nonuniform_filter,subroutine,private,1250
simple_commanders_rec_distr,../scripts/../src/main/commanders/simple/simple_commanders_rec_distr.f90,sum_eos_after_density_correction_if_needed,subroutine,private,418
simple_commanders_rec_distr,../scripts/../src/main/commanders/simple/simple_commanders_rec_distr.f90,sum_eos_before_density_correction_if_needed,subroutine,private,320
simple_commanders_rec_distr,../scripts/../src/main/commanders/simple/simple_commanders_rec_distr.f90,sum_pair_into_sum_rec,subroutine,private,327
simple_commanders_rec_distr,../scripts/../src/main/commanders/simple/simple_commanders_rec_distr.f90,trail_chain_component,function,private,184
simple_commanders_rec_distr,../scripts/../src/main/commanders/simple/simple_commanders_rec_distr.f90,trail_restored_halves_if_needed,subroutine,private,462
simple_commanders_rec_distr,../scripts/../src/main/commanders/simple/simple_commanders_rec_distr.f90,update_project_nu_alignment_lowpass,subroutine,private,1472
simple_commanders_rec_distr,../scripts/../src/main/commanders/simple/simple_commanders_rec_distr.f90,update_project_resolution_metadata,subroutine,private,1455
simple_commanders_rec_distr,../scripts/../src/main/commanders/simple/simple_commanders_rec_distr.f90,write_benchmark,subroutine,private,1549
simple_commanders_rec_distr,../scripts/../src/main/commanders/simple/simple_commanders_rec_distr.f90,write_gridding_pair_accumulators,subroutine,private,638
simple_commanders_rec_distr,../scripts/../src/main/commanders/simple/simple_commanders_rec_distr.f90,write_nonuniform_outputs,subroutine,private,1376
simple_commanders_rec_distr,../scripts/../src/main/commanders/simple/simple_commanders_rec_distr.f90,write_nu_highres_steps_for_state,subroutine,private,1349
simple_commanders_rec_distr,../scripts/../src/main/commanders/simple/simple_commanders_rec_distr.f90,write_trail_chain_set,subroutine,private,238
simple_commanders_refine3D,../scripts/../src/main/commanders/simple/simple_commanders_refine3D.f90,cleanup_init_vols,subroutine,public,1350
simple_commanders_refine3D,../scripts/../src/main/commanders/simple/simple_commanders_refine3D.f90,commander_refine3D,type,public,29
simple_commanders_refine3D,../scripts/../src/main/commanders/simple/simple_commanders_refine3D.f90,commander_refine3D_auto,type,public,14
simple_commanders_refine3D,../scripts/../src/main/commanders/simple/simple_commanders_refine3D.f90,commander_refine3D_distr_worker,type,public,34
simple_commanders_refine3D,../scripts/../src/main/commanders/simple/simple_commanders_refine3D.f90,commander_refine3D_het,type,public,24
simple_commanders_refine3D,../scripts/../src/main/commanders/simple/simple_commanders_refine3D.f90,commander_refine3D_multi,type,public,19
simple_commanders_refine3D,../scripts/../src/main/commanders/simple/simple_commanders_refine3D.f90,configure_refine3D_multi_stages,subroutine,public,750
simple_commanders_refine3D,../scripts/../src/main/commanders/simple/simple_commanders_refine3D.f90,ensure_all_active_particles_updated,subroutine,public,1233
simple_commanders_refine3D,../scripts/../src/main/commanders/simple/simple_commanders_refine3D.f90,ensure_all_active_particles_updated,subroutine,public,1840
simple_commanders_refine3D,../scripts/../src/main/commanders/simple/simple_commanders_refine3D.f90,exec_nspace,subroutine,public,41
simple_commanders_refine3D,../scripts/../src/main/commanders/simple/simple_commanders_refine3D.f90,exec_refine3D,subroutine,public,1939
simple_commanders_refine3D,../scripts/../src/main/commanders/simple/simple_commanders_refine3D.f90,exec_refine3D_auto,subroutine,public,58
simple_commanders_refine3D,../scripts/../src/main/commanders/simple/simple_commanders_refine3D.f90,exec_refine3D_distr_worker,subroutine,public,2006
simple_commanders_refine3D,../scripts/../src/main/commanders/simple/simple_commanders_refine3D.f90,exec_refine3D_het,subroutine,public,1362
simple_commanders_refine3D,../scripts/../src/main/commanders/simple/simple_commanders_refine3D.f90,exec_refine3D_multi,subroutine,public,536
simple_commanders_refine3D,../scripts/../src/main/commanders/simple/simple_commanders_refine3D.f90,initialize_state_volumes,subroutine,public,993
simple_commanders_refine3D,../scripts/../src/main/commanders/simple/simple_commanders_refine3D.f90,initialize_state_volumes,subroutine,public,1635
simple_commanders_refine3D,../scripts/../src/main/commanders/simple/simple_commanders_refine3D.f90,make_projdir_class_samples,subroutine,public,918
simple_commanders_refine3D,../scripts/../src/main/commanders/simple/simple_commanders_refine3D.f90,map_ptcls_to_input_volumes,subroutine,public,1673
simple_commanders_refine3D,../scripts/../src/main/commanders/simple/simple_commanders_refine3D.f90,nspace_commander,type,public,9
simple_commanders_refine3D,../scripts/../src/main/commanders/simple/simple_commanders_refine3D.f90,prepare_external_init_vol,subroutine,public,460
simple_commanders_refine3D,../scripts/../src/main/commanders/simple/simple_commanders_refine3D.f90,prepare_nu_bootstrap_refs_from_raw_halves,subroutine,public,283
simple_commanders_refine3D,../scripts/../src/main/commanders/simple/simple_commanders_refine3D.f90,prepare_refine3D_het_class_sampling,subroutine,public,1566
simple_commanders_refine3D,../scripts/../src/main/commanders/simple/simple_commanders_refine3D.f90,prepare_refine3D_multi_class_sampling,subroutine,public,890
simple_commanders_refine3D,../scripts/../src/main/commanders/simple/simple_commanders_refine3D.f90,prepare_startup_reconstruct3D_cline,subroutine,public,1108
simple_commanders_refine3D,../scripts/../src/main/commanders/simple/simple_commanders_refine3D.f90,read_update_coverage,subroutine,public,1248
simple_commanders_refine3D,../scripts/../src/main/commanders/simple/simple_commanders_refine3D.f90,read_update_coverage,subroutine,public,1855
simple_commanders_refine3D,../scripts/../src/main/commanders/simple/simple_commanders_refine3D.f90,reconstruct_all_particles_volumes,subroutine,public,1907
simple_commanders_refine3D,../scripts/../src/main/commanders/simple/simple_commanders_refine3D.f90,reconstruct_reference_volumes,subroutine,public,1714
simple_commanders_refine3D,../scripts/../src/main/commanders/simple/simple_commanders_refine3D.f90,run_flex_pca,subroutine,public,1025
simple_commanders_refine3D,../scripts/../src/main/commanders/simple/simple_commanders_refine3D.f90,run_refine3D_het,subroutine,public,1780
simple_commanders_refine3D,../scripts/../src/main/commanders/simple/simple_commanders_refine3D.f90,run_refine3D_het_missing_update,subroutine,public,1877
simple_commanders_refine3D,../scripts/../src/main/commanders/simple/simple_commanders_refine3D.f90,run_refine3D_multi_missing_update,subroutine,public,1270
simple_commanders_refine3D,../scripts/../src/main/commanders/simple/simple_commanders_refine3D.f90,run_refine3D_multi_stage,subroutine,public,1188
simple_commanders_refine3D,../scripts/../src/main/commanders/simple/simple_commanders_refine3D.f90,seed_refine3D_auto_nonuniform_lpset,subroutine,public,237
simple_commanders_refine3D,../scripts/../src/main/commanders/simple/simple_commanders_refine3D.f90,set_refine3D_auto_sampling,subroutine,public,407
simple_commanders_refine3D,../scripts/../src/main/commanders/simple/simple_commanders_refine3D.f90,set_refine3D_het_downscaling,subroutine,public,1606
simple_commanders_refine3D,../scripts/../src/main/commanders/simple/simple_commanders_refine3D.f90,set_refine3D_het_nsample,subroutine,public,1488
simple_commanders_refine3D,../scripts/../src/main/commanders/simple/simple_commanders_refine3D.f90,set_refine3D_het_nstates,subroutine,public,1452
simple_commanders_refine3D,../scripts/../src/main/commanders/simple/simple_commanders_refine3D.f90,set_refine3D_het_sampling,subroutine,public,1522
simple_commanders_refine3D,../scripts/../src/main/commanders/simple/simple_commanders_refine3D.f90,set_refine3D_multi_downscaling,subroutine,public,968
simple_commanders_refine3D,../scripts/../src/main/commanders/simple/simple_commanders_refine3D.f90,set_refine3D_multi_nstates,subroutine,public,764
simple_commanders_refine3D,../scripts/../src/main/commanders/simple/simple_commanders_refine3D.f90,set_refine3D_multi_sampling,subroutine,public,822
simple_commanders_refine3D,../scripts/../src/main/commanders/simple/simple_commanders_refine3D.f90,validate_input_volumes,subroutine,public,1148
simple_commanders_refine3D,../scripts/../src/main/commanders/simple/simple_commanders_refine3D.f90,validate_input_volumes,subroutine,public,1740
simple_commanders_refine3D,../scripts/../src/main/commanders/simple/simple_commanders_refine3D.f90,validate_refine3D_het_filtering,subroutine,public,1495
simple_commanders_refine3D,../scripts/../src/main/commanders/simple/simple_commanders_refine3D.f90,validate_refine3D_het_search_mode,subroutine,public,1504
simple_commanders_refine3D,../scripts/../src/main/commanders/simple/simple_commanders_refine3D.f90,validate_refine3D_multi_combine_eo,subroutine,public,726
simple_commanders_refine3D,../scripts/../src/main/commanders/simple/simple_commanders_refine3D.f90,validate_refine3D_multi_filtering,subroutine,public,732
simple_commanders_refine3D,../scripts/../src/main/commanders/simple/simple_commanders_refine3D.f90,validate_refine3D_multi_mode,subroutine,public,716
simple_commanders_refine3D,../scripts/../src/main/commanders/simple/simple_commanders_refine3D.f90,validate_refine3D_multi_prob_neigh_mode,subroutine,public,741
simple_commanders_relion,../scripts/../src/main/commanders/simple/simple_commanders_relion.f90,commander_export_relion,type,public,8
simple_commanders_relion,../scripts/../src/main/commanders/simple/simple_commanders_relion.f90,exec_export_relion,subroutine,public,15
simple_commanders_reproject,../scripts/../src/main/commanders/simple/simple_commanders_reproject.f90,commander_reproject,type,public,9
simple_commanders_reproject,../scripts/../src/main/commanders/simple/simple_commanders_reproject.f90,exec_reproject,subroutine,public,16
simple_commanders_resolest,../scripts/../src/main/commanders/simple/simple_commanders_resolest.f90,calc_lplim_final_stage,function,public,462
simple_commanders_resolest,../scripts/../src/main/commanders/simple/simple_commanders_resolest.f90,commander_estimate_lpstages,type,public,46
simple_commanders_resolest,../scripts/../src/main/commanders/simple/simple_commanders_resolest.f90,commander_fsc,type,public,11
simple_commanders_resolest,../scripts/../src/main/commanders/simple/simple_commanders_resolest.f90,commander_fsc_area_score,type,public,16
simple_commanders_resolest,../scripts/../src/main/commanders/simple/simple_commanders_resolest.f90,commander_icm2D,type,public,41
simple_commanders_resolest,../scripts/../src/main/commanders/simple/simple_commanders_resolest.f90,commander_icm3D,type,public,36
simple_commanders_resolest,../scripts/../src/main/commanders/simple/simple_commanders_resolest.f90,commander_nu_filt3D,type,public,31
simple_commanders_resolest,../scripts/../src/main/commanders/simple/simple_commanders_resolest.f90,commander_uniform_filter2D,type,public,21
simple_commanders_resolest,../scripts/../src/main/commanders/simple/simple_commanders_resolest.f90,commander_uniform_filter3D,type,public,26
simple_commanders_resolest,../scripts/../src/main/commanders/simple/simple_commanders_resolest.f90,exec_estimate_lpstages,subroutine,public,432
simple_commanders_resolest,../scripts/../src/main/commanders/simple/simple_commanders_resolest.f90,exec_fsc,subroutine,public,54
simple_commanders_resolest,../scripts/../src/main/commanders/simple/simple_commanders_resolest.f90,exec_fsc_area_score,subroutine,public,111
simple_commanders_resolest,../scripts/../src/main/commanders/simple/simple_commanders_resolest.f90,exec_icm2D,subroutine,public,386
simple_commanders_resolest,../scripts/../src/main/commanders/simple/simple_commanders_resolest.f90,exec_icm3D,subroutine,public,301
simple_commanders_resolest,../scripts/../src/main/commanders/simple/simple_commanders_resolest.f90,exec_nu_filt3D,subroutine,public,201
simple_commanders_resolest,../scripts/../src/main/commanders/simple/simple_commanders_resolest.f90,exec_uniform_filter2D,subroutine,public,352
simple_commanders_resolest,../scripts/../src/main/commanders/simple/simple_commanders_resolest.f90,exec_uniform_filter3D,subroutine,public,158
simple_commanders_sieve,../scripts/../src/main/commanders/simple/simple_commanders_sieve.f90,commander_sieve_ptcls,type,public,12
simple_commanders_sieve,../scripts/../src/main/commanders/simple/simple_commanders_sieve.f90,exec_sieve_ptcls,subroutine,public,19
simple_commanders_sim,../scripts/../src/main/commanders/simple/simple_commanders_sim.f90,commander_simulate_movie,type,public,20
simple_commanders_sim,../scripts/../src/main/commanders/simple/simple_commanders_sim.f90,commander_simulate_nanoparticle,type,public,30
simple_commanders_sim,../scripts/../src/main/commanders/simple/simple_commanders_sim.f90,commander_simulate_noise,type,public,10
simple_commanders_sim,../scripts/../src/main/commanders/simple/simple_commanders_sim.f90,commander_simulate_particles,type,public,15
simple_commanders_sim,../scripts/../src/main/commanders/simple/simple_commanders_sim.f90,commander_simulate_subtomogram,type,public,25
simple_commanders_sim,../scripts/../src/main/commanders/simple/simple_commanders_sim.f90,exec_simulate_movie,subroutine,public,181
simple_commanders_sim,../scripts/../src/main/commanders/simple/simple_commanders_sim.f90,exec_simulate_nanoparticle,subroutine,public,413
simple_commanders_sim,../scripts/../src/main/commanders/simple/simple_commanders_sim.f90,exec_simulate_noise,subroutine,public,37
simple_commanders_sim,../scripts/../src/main/commanders/simple/simple_commanders_sim.f90,exec_simulate_particles,subroutine,public,61
simple_commanders_sim,../scripts/../src/main/commanders/simple/simple_commanders_sim.f90,exec_simulate_subtomogram,subroutine,public,386
simple_commanders_sim,../scripts/../src/main/commanders/simple/simple_commanders_sim.f90,gen_ptcl_pos,function,public,333
simple_commanders_starproject,../scripts/../src/main/commanders/simple/simple_commanders_starproject.f90,commander_assign_optics_groups,type,public,24
simple_commanders_starproject,../scripts/../src/main/commanders/simple/simple_commanders_starproject.f90,commander_export_manifoldem_starproject,type,public,19
simple_commanders_starproject,../scripts/../src/main/commanders/simple/simple_commanders_starproject.f90,commander_export_starproject,type,public,14
simple_commanders_starproject,../scripts/../src/main/commanders/simple/simple_commanders_starproject.f90,commander_import_starproject,type,public,9
simple_commanders_starproject,../scripts/../src/main/commanders/simple/simple_commanders_starproject.f90,exec_assign_optics_groups,subroutine,public,223
simple_commanders_starproject,../scripts/../src/main/commanders/simple/simple_commanders_starproject.f90,exec_export_manifoldem_starproject,subroutine,public,202
simple_commanders_starproject,../scripts/../src/main/commanders/simple/simple_commanders_starproject.f90,exec_export_starproject,subroutine,public,181
simple_commanders_starproject,../scripts/../src/main/commanders/simple/simple_commanders_starproject.f90,exec_import_starproject,subroutine,public,31
simple_commanders_stkops,../scripts/../src/main/commanders/simple/simple_commanders_stkops.f90,commander_cluster_stack,type,public,24
simple_commanders_stkops,../scripts/../src/main/commanders/simple/simple_commanders_stkops.f90,commander_convert,type,public,9
simple_commanders_stkops,../scripts/../src/main/commanders/simple/simple_commanders_stkops.f90,commander_match_stacks,type,public,29
simple_commanders_stkops,../scripts/../src/main/commanders/simple/simple_commanders_stkops.f90,commander_stack,type,public,14
simple_commanders_stkops,../scripts/../src/main/commanders/simple/simple_commanders_stkops.f90,commander_stackops,type,public,19
simple_commanders_stkops,../scripts/../src/main/commanders/simple/simple_commanders_stkops.f90,exec_cluster_stack,subroutine,public,324
simple_commanders_stkops,../scripts/../src/main/commanders/simple/simple_commanders_stkops.f90,exec_convert,subroutine,public,37
simple_commanders_stkops,../scripts/../src/main/commanders/simple/simple_commanders_stkops.f90,exec_match_stacks,subroutine,public,388
simple_commanders_stkops,../scripts/../src/main/commanders/simple/simple_commanders_stkops.f90,exec_stack,subroutine,public,69
simple_commanders_stkops,../scripts/../src/main/commanders/simple/simple_commanders_stkops.f90,exec_stackops,subroutine,public,147
simple_commanders_stkops,../scripts/../src/main/commanders/simple/simple_commanders_stkops.f90,finish_cleanup,subroutine,public,313
simple_commanders_stkops,../scripts/../src/main/commanders/simple/simple_commanders_stkops.f90,handle_random_selection,subroutine,public,224
simple_commanders_stkops,../scripts/../src/main/commanders/simple/simple_commanders_stkops.f90,handle_state_class_selection,subroutine,public,251
simple_commanders_test_class,../scripts/../src/main/commanders/test/simple_commanders_test_class.f90,commander_test_ui_hash_test,type,public,8
simple_commanders_test_class,../scripts/../src/main/commanders/test/simple_commanders_test_class.f90,commander_test_units,type,public,13
simple_commanders_test_class,../scripts/../src/main/commanders/test/simple_commanders_test_class.f90,exec_test_ui_hash_test,subroutine,public,20
simple_commanders_test_class,../scripts/../src/main/commanders/test/simple_commanders_test_class.f90,exec_test_units,subroutine,public,28
simple_commanders_test_class,../scripts/../src/main/commanders/test/simple_commanders_test_class.f90,simple_test_fit_line,subroutine,public,171
simple_commanders_test_class,../scripts/../src/main/commanders/test/simple_commanders_test_class.f90,test_euler_shift,subroutine,public,151
simple_commanders_test_class,../scripts/../src/main/commanders/test/simple_commanders_test_class.f90,test_multinomal,subroutine,public,124
simple_commanders_test_fft,../scripts/../src/main/commanders/test/simple_commanders_test_fft.f90,commander_test_corrs2weights_test,type,public,7
simple_commanders_test_fft,../scripts/../src/main/commanders/test/simple_commanders_test_fft.f90,commander_test_eval_polarftcc,type,public,12
simple_commanders_test_fft,../scripts/../src/main/commanders/test/simple_commanders_test_fft.f90,commander_test_ft_expanded,type,public,17
simple_commanders_test_fft,../scripts/../src/main/commanders/test/simple_commanders_test_fft.f90,commander_test_gencorrs_fft,type,public,22
simple_commanders_test_fft,../scripts/../src/main/commanders/test/simple_commanders_test_fft.f90,commander_test_order_corr,type,public,27
simple_commanders_test_fft,../scripts/../src/main/commanders/test/simple_commanders_test_fft.f90,commander_test_phasecorr,type,public,32
simple_commanders_test_fft,../scripts/../src/main/commanders/test/simple_commanders_test_fft.f90,commander_test_rank_weights,type,public,37
simple_commanders_test_fft,../scripts/../src/main/commanders/test/simple_commanders_test_fft.f90,commander_test_rotate_ref,type,public,42
simple_commanders_test_fft,../scripts/../src/main/commanders/test/simple_commanders_test_fft.f90,exec_test_corrs2weights_test,subroutine,public,49
simple_commanders_test_fft,../scripts/../src/main/commanders/test/simple_commanders_test_fft.f90,exec_test_eval_polarftcc,subroutine,public,74
simple_commanders_test_fft,../scripts/../src/main/commanders/test/simple_commanders_test_fft.f90,exec_test_ft_expanded,subroutine,public,160
simple_commanders_test_fft,../scripts/../src/main/commanders/test/simple_commanders_test_fft.f90,exec_test_gencorrs_fft,subroutine,public,170
simple_commanders_test_fft,../scripts/../src/main/commanders/test/simple_commanders_test_fft.f90,exec_test_order_corr,subroutine,public,225
simple_commanders_test_fft,../scripts/../src/main/commanders/test/simple_commanders_test_fft.f90,exec_test_phasecorr,subroutine,public,253
simple_commanders_test_fft,../scripts/../src/main/commanders/test/simple_commanders_test_fft.f90,exec_test_rank_weights,subroutine,public,264
simple_commanders_test_fft,../scripts/../src/main/commanders/test/simple_commanders_test_fft.f90,exec_test_rotate_ref,subroutine,public,300
simple_commanders_test_fft,../scripts/../src/main/commanders/test/simple_commanders_test_fft.f90,fast_rotate_ref,subroutine,public,390
simple_commanders_test_fft,../scripts/../src/main/commanders/test/simple_commanders_test_fft.f90,rotate_ref,subroutine,public,335
simple_commanders_test_fft,../scripts/../src/main/commanders/test/simple_commanders_test_fft.f90,rotate_ref_2,subroutine,public,351
simple_commanders_test_fft,../scripts/../src/main/commanders/test/simple_commanders_test_fft.f90,rotate_ref_t,subroutine,public,374
simple_commanders_test_geometry,../scripts/../src/main/commanders/test/simple_commanders_test_geometry.f90,commander_test_angres,type,public,7
simple_commanders_test_geometry,../scripts/../src/main/commanders/test/simple_commanders_test_geometry.f90,commander_test_ori_test,type,public,12
simple_commanders_test_geometry,../scripts/../src/main/commanders/test/simple_commanders_test_geometry.f90,commander_test_oris_test,type,public,17
simple_commanders_test_geometry,../scripts/../src/main/commanders/test/simple_commanders_test_geometry.f90,commander_test_sym_test,type,public,22
simple_commanders_test_geometry,../scripts/../src/main/commanders/test/simple_commanders_test_geometry.f90,commander_test_uniform_euler,type,public,27
simple_commanders_test_geometry,../scripts/../src/main/commanders/test/simple_commanders_test_geometry.f90,commander_test_uniform_rot,type,public,32
simple_commanders_test_geometry,../scripts/../src/main/commanders/test/simple_commanders_test_geometry.f90,exec_test_angres,subroutine,public,39
simple_commanders_test_geometry,../scripts/../src/main/commanders/test/simple_commanders_test_geometry.f90,exec_test_ori_test,subroutine,public,45
simple_commanders_test_geometry,../scripts/../src/main/commanders/test/simple_commanders_test_geometry.f90,exec_test_oris_test,subroutine,public,139
simple_commanders_test_geometry,../scripts/../src/main/commanders/test/simple_commanders_test_geometry.f90,exec_test_sym_test,subroutine,public,177
simple_commanders_test_geometry,../scripts/../src/main/commanders/test/simple_commanders_test_geometry.f90,exec_test_uniform_euler,subroutine,public,201
simple_commanders_test_geometry,../scripts/../src/main/commanders/test/simple_commanders_test_geometry.f90,exec_test_uniform_rot,subroutine,public,220
simple_commanders_test_geometry,../scripts/../src/main/commanders/test/simple_commanders_test_geometry.f90,rgauss,subroutine,public,262
simple_commanders_test_highlevel,../scripts/../src/main/commanders/test/simple_commanders_test_highlevel.f90,cline_tok,function,public,3041
simple_commanders_test_highlevel,../scripts/../src/main/commanders/test/simple_commanders_test_highlevel.f90,commander_test_mini_stream,type,public,21
simple_commanders_test_highlevel,../scripts/../src/main/commanders/test/simple_commanders_test_highlevel.f90,commander_test_pcg_frac_update,type,public,56
simple_commanders_test_highlevel,../scripts/../src/main/commanders/test/simple_commanders_test_highlevel.f90,commander_test_pcg_priors,type,public,61
simple_commanders_test_highlevel,../scripts/../src/main/commanders/test/simple_commanders_test_highlevel.f90,commander_test_pcg_recon,type,public,51
simple_commanders_test_highlevel,../scripts/../src/main/commanders/test/simple_commanders_test_highlevel.f90,commander_test_ptcls_ppca_subproject_distr,type,public,46
simple_commanders_test_highlevel,../scripts/../src/main/commanders/test/simple_commanders_test_highlevel.f90,commander_test_rec3D_backends,type,public,66
simple_commanders_test_highlevel,../scripts/../src/main/commanders/test/simple_commanders_test_highlevel.f90,commander_test_reproject,type,public,31
simple_commanders_test_highlevel,../scripts/../src/main/commanders/test/simple_commanders_test_highlevel.f90,commander_test_simulate_particles,type,public,26
simple_commanders_test_highlevel,../scripts/../src/main/commanders/test/simple_commanders_test_highlevel.f90,commander_test_simulated_workflow,type,public,36
simple_commanders_test_highlevel,../scripts/../src/main/commanders/test/simple_commanders_test_highlevel.f90,commander_test_subproject_distr,type,public,41
simple_commanders_test_highlevel,../scripts/../src/main/commanders/test/simple_commanders_test_highlevel.f90,exec_test_mini_stream,subroutine,public,91
simple_commanders_test_highlevel,../scripts/../src/main/commanders/test/simple_commanders_test_highlevel.f90,exec_test_pcg_frac_update,subroutine,public,2449
simple_commanders_test_highlevel,../scripts/../src/main/commanders/test/simple_commanders_test_highlevel.f90,exec_test_pcg_priors,subroutine,public,2138
simple_commanders_test_highlevel,../scripts/../src/main/commanders/test/simple_commanders_test_highlevel.f90,exec_test_pcg_recon,subroutine,public,1095
simple_commanders_test_highlevel,../scripts/../src/main/commanders/test/simple_commanders_test_highlevel.f90,exec_test_ptcls_ppca_subproject_distr,subroutine,public,968
simple_commanders_test_highlevel,../scripts/../src/main/commanders/test/simple_commanders_test_highlevel.f90,exec_test_rec3D_backends,subroutine,public,2487
simple_commanders_test_highlevel,../scripts/../src/main/commanders/test/simple_commanders_test_highlevel.f90,exec_test_reproject,subroutine,public,353
simple_commanders_test_highlevel,../scripts/../src/main/commanders/test/simple_commanders_test_highlevel.f90,exec_test_simulate_particles,subroutine,public,242
simple_commanders_test_highlevel,../scripts/../src/main/commanders/test/simple_commanders_test_highlevel.f90,exec_test_simulated_workflow,subroutine,public,463
simple_commanders_test_highlevel,../scripts/../src/main/commanders/test/simple_commanders_test_highlevel.f90,exec_test_subproject_distr,subroutine,public,817
simple_commanders_test_highlevel,../scripts/../src/main/commanders/test/simple_commanders_test_highlevel.f90,gate_fail,subroutine,public,2972
simple_commanders_test_highlevel,../scripts/../src/main/commanders/test/simple_commanders_test_highlevel.f90,ls_scale_profile,subroutine,public,3005
simple_commanders_test_highlevel,../scripts/../src/main/commanders/test/simple_commanders_test_highlevel.f90,real2str_trim,function,public,3031
simple_commanders_test_highlevel,../scripts/../src/main/commanders/test/simple_commanders_test_highlevel.f90,real_tok,function,public,3104
simple_commanders_test_highlevel,../scripts/../src/main/commanders/test/simple_commanders_test_highlevel.f90,report_pair_fsc,subroutine,public,3055
simple_commanders_test_highlevel,../scripts/../src/main/commanders/test/simple_commanders_test_highlevel.f90,return_to_stage_root,subroutine,public,801
simple_commanders_test_highlevel,../scripts/../src/main/commanders/test/simple_commanders_test_highlevel.f90,run_rec3D_backends_single,subroutine,public,2512
simple_commanders_test_highlevel,../scripts/../src/main/commanders/test/simple_commanders_test_highlevel.f90,update_project_path,subroutine,public,797
simple_commanders_test_io,../scripts/../src/main/commanders/test/simple_commanders_test_io.f90,commander_test_imgfile,type,public,7
simple_commanders_test_io,../scripts/../src/main/commanders/test/simple_commanders_test_io.f90,commander_test_inside_write,type,public,12
simple_commanders_test_io,../scripts/../src/main/commanders/test/simple_commanders_test_io.f90,commander_test_io,type,public,17
simple_commanders_test_io,../scripts/../src/main/commanders/test/simple_commanders_test_io.f90,commander_test_io_parallel,type,public,22
simple_commanders_test_io,../scripts/../src/main/commanders/test/simple_commanders_test_io.f90,commander_test_mrc2jpeg,type,public,27
simple_commanders_test_io,../scripts/../src/main/commanders/test/simple_commanders_test_io.f90,commander_test_mrc_validate,type,public,32
simple_commanders_test_io,../scripts/../src/main/commanders/test/simple_commanders_test_io.f90,commander_test_stack_io,type,public,37
simple_commanders_test_io,../scripts/../src/main/commanders/test/simple_commanders_test_io.f90,commander_test_star_export,type,public,42
simple_commanders_test_io,../scripts/../src/main/commanders/test/simple_commanders_test_io.f90,commander_test_starfile_test,type,public,47
simple_commanders_test_io,../scripts/../src/main/commanders/test/simple_commanders_test_io.f90,exec_test_imgfile,subroutine,public,54
simple_commanders_test_io,../scripts/../src/main/commanders/test/simple_commanders_test_io.f90,exec_test_inside_write,subroutine,public,115
simple_commanders_test_io,../scripts/../src/main/commanders/test/simple_commanders_test_io.f90,exec_test_io,subroutine,public,136
simple_commanders_test_io,../scripts/../src/main/commanders/test/simple_commanders_test_io.f90,exec_test_io_parallel,subroutine,public,247
simple_commanders_test_io,../scripts/../src/main/commanders/test/simple_commanders_test_io.f90,exec_test_mrc2jpeg,subroutine,public,350
simple_commanders_test_io,../scripts/../src/main/commanders/test/simple_commanders_test_io.f90,exec_test_mrc_validate,subroutine,public,394
simple_commanders_test_io,../scripts/../src/main/commanders/test/simple_commanders_test_io.f90,exec_test_stack_io,subroutine,public,415
simple_commanders_test_io,../scripts/../src/main/commanders/test/simple_commanders_test_io.f90,exec_test_star_export,subroutine,public,457
simple_commanders_test_io,../scripts/../src/main/commanders/test/simple_commanders_test_io.f90,exec_test_starfile_test,subroutine,public,484
simple_commanders_test_masks,../scripts/../src/main/commanders/test/simple_commanders_test_masks.f90,commander_test_bounds_from_mask3D_test,type,public,7
simple_commanders_test_masks,../scripts/../src/main/commanders/test/simple_commanders_test_masks.f90,commander_test_graphene_mask,type,public,12
simple_commanders_test_masks,../scripts/../src/main/commanders/test/simple_commanders_test_masks.f90,commander_test_image_bin,type,public,17
simple_commanders_test_masks,../scripts/../src/main/commanders/test/simple_commanders_test_masks.f90,commander_test_mask,type,public,22
simple_commanders_test_masks,../scripts/../src/main/commanders/test/simple_commanders_test_masks.f90,commander_test_msk_routines,type,public,27
simple_commanders_test_masks,../scripts/../src/main/commanders/test/simple_commanders_test_masks.f90,commander_test_nano_mask,type,public,32
simple_commanders_test_masks,../scripts/../src/main/commanders/test/simple_commanders_test_masks.f90,commander_test_otsu_test,type,public,37
simple_commanders_test_masks,../scripts/../src/main/commanders/test/simple_commanders_test_masks.f90,commander_test_ptcl_center,type,public,42
simple_commanders_test_masks,../scripts/../src/main/commanders/test/simple_commanders_test_masks.f90,exec_test_bounds_from_mask3D_test,subroutine,public,49
simple_commanders_test_masks,../scripts/../src/main/commanders/test/simple_commanders_test_masks.f90,exec_test_graphene_mask,subroutine,public,70
simple_commanders_test_masks,../scripts/../src/main/commanders/test/simple_commanders_test_masks.f90,exec_test_image_bin,subroutine,public,88
simple_commanders_test_masks,../scripts/../src/main/commanders/test/simple_commanders_test_masks.f90,exec_test_mask,subroutine,public,146
simple_commanders_test_masks,../scripts/../src/main/commanders/test/simple_commanders_test_masks.f90,exec_test_msk_routines,subroutine,public,165
simple_commanders_test_masks,../scripts/../src/main/commanders/test/simple_commanders_test_masks.f90,exec_test_nano_mask,subroutine,public,286
simple_commanders_test_masks,../scripts/../src/main/commanders/test/simple_commanders_test_masks.f90,exec_test_otsu_test,subroutine,public,331
simple_commanders_test_masks,../scripts/../src/main/commanders/test/simple_commanders_test_masks.f90,exec_test_ptcl_center,subroutine,public,359
simple_commanders_test_masks,../scripts/../src/main/commanders/test/simple_commanders_test_masks.f90,test_center,subroutine,public,484
simple_commanders_test_network,../scripts/../src/main/commanders/test/simple_commanders_test_network.f90,commander_test_socket_client,type,public,7
simple_commanders_test_network,../scripts/../src/main/commanders/test/simple_commanders_test_network.f90,commander_test_socket_comm_distr,type,public,12
simple_commanders_test_network,../scripts/../src/main/commanders/test/simple_commanders_test_network.f90,commander_test_socket_io,type,public,17
simple_commanders_test_network,../scripts/../src/main/commanders/test/simple_commanders_test_network.f90,commander_test_socket_server,type,public,22
simple_commanders_test_network,../scripts/../src/main/commanders/test/simple_commanders_test_network.f90,exec_test_socket_client,subroutine,public,29
simple_commanders_test_network,../scripts/../src/main/commanders/test/simple_commanders_test_network.f90,exec_test_socket_comm_distr,subroutine,public,42
simple_commanders_test_network,../scripts/../src/main/commanders/test/simple_commanders_test_network.f90,exec_test_socket_io,subroutine,public,54
simple_commanders_test_network,../scripts/../src/main/commanders/test/simple_commanders_test_network.f90,exec_test_socket_server,subroutine,public,95
simple_commanders_test_network,../scripts/../src/main/commanders/test/simple_commanders_test_network.f90,socket_server,subroutine,public,77
simple_commanders_test_numerics,../scripts/../src/main/commanders/test/simple_commanders_test_numerics.f90,commander_test_eigh_test,type,public,7
simple_commanders_test_numerics,../scripts/../src/main/commanders/test/simple_commanders_test_numerics.f90,commander_test_kbinterpol_fast,type,public,12
simple_commanders_test_numerics,../scripts/../src/main/commanders/test/simple_commanders_test_numerics.f90,commander_test_maxnloc_test,type,public,17
simple_commanders_test_numerics,../scripts/../src/main/commanders/test/simple_commanders_test_numerics.f90,commander_test_neigh,type,public,22
simple_commanders_test_numerics,../scripts/../src/main/commanders/test/simple_commanders_test_numerics.f90,commander_test_trail_rec_blend,type,public,27
simple_commanders_test_numerics,../scripts/../src/main/commanders/test/simple_commanders_test_numerics.f90,exec_test_eigh_test,subroutine,public,34
simple_commanders_test_numerics,../scripts/../src/main/commanders/test/simple_commanders_test_numerics.f90,exec_test_kbinterpol_fast,subroutine,public,61
simple_commanders_test_numerics,../scripts/../src/main/commanders/test/simple_commanders_test_numerics.f90,exec_test_maxnloc_test,subroutine,public,287
simple_commanders_test_numerics,../scripts/../src/main/commanders/test/simple_commanders_test_numerics.f90,exec_test_neigh,subroutine,public,321
simple_commanders_test_numerics,../scripts/../src/main/commanders/test/simple_commanders_test_numerics.f90,exec_test_trail_rec_blend,subroutine,public,386
simple_commanders_test_numerics,../scripts/../src/main/commanders/test/simple_commanders_test_numerics.f90,make_accum,subroutine,public,425
simple_commanders_test_numerics,../scripts/../src/main/commanders/test/simple_commanders_test_numerics.f90,rnd_romat,subroutine,public,254
simple_commanders_test_numerics,../scripts/../src/main/commanders/test/simple_commanders_test_numerics.f90,run_bootstrap_then_update,subroutine,public,475
simple_commanders_test_numerics,../scripts/../src/main/commanders/test/simple_commanders_test_numerics.f90,run_recurrence,subroutine,public,457
simple_commanders_test_numerics,../scripts/../src/main/commanders/test/simple_commanders_test_numerics.f90,test_scale_mats_primitive,subroutine,public,444
simple_commanders_test_optimize,../scripts/../src/main/commanders/test/simple_commanders_test_optimize.f90,commander_test_lbfgsb,type,public,7
simple_commanders_test_optimize,../scripts/../src/main/commanders/test/simple_commanders_test_optimize.f90,commander_test_lbfgsb_cosine,type,public,12
simple_commanders_test_optimize,../scripts/../src/main/commanders/test/simple_commanders_test_optimize.f90,commander_test_lplims,type,public,17
simple_commanders_test_optimize,../scripts/../src/main/commanders/test/simple_commanders_test_optimize.f90,commander_test_lpstages_test,type,public,22
simple_commanders_test_optimize,../scripts/../src/main/commanders/test/simple_commanders_test_optimize.f90,commander_test_opt_lp,type,public,27
simple_commanders_test_optimize,../scripts/../src/main/commanders/test/simple_commanders_test_optimize.f90,costfct,function,public,63
simple_commanders_test_optimize,../scripts/../src/main/commanders/test/simple_commanders_test_optimize.f90,costfct,function,public,111
simple_commanders_test_optimize,../scripts/../src/main/commanders/test/simple_commanders_test_optimize.f90,exec_test_lbfgsb,subroutine,public,35
simple_commanders_test_optimize,../scripts/../src/main/commanders/test/simple_commanders_test_optimize.f90,exec_test_lbfgsb_cosine,subroutine,public,81
simple_commanders_test_optimize,../scripts/../src/main/commanders/test/simple_commanders_test_optimize.f90,exec_test_lplims,subroutine,public,135
simple_commanders_test_optimize,../scripts/../src/main/commanders/test/simple_commanders_test_optimize.f90,exec_test_lpstages_test,subroutine,public,148
simple_commanders_test_optimize,../scripts/../src/main/commanders/test/simple_commanders_test_optimize.f90,exec_test_opt_lp,subroutine,public,159
simple_commanders_test_optimize,../scripts/../src/main/commanders/test/simple_commanders_test_optimize.f90,gradfct,subroutine,public,71
simple_commanders_test_optimize,../scripts/../src/main/commanders/test/simple_commanders_test_optimize.f90,gradfct,subroutine,public,122
simple_commanders_test_parallel,../scripts/../src/main/commanders/test/simple_commanders_test_parallel.f90,commander_test_coarrays,type,public,8
simple_commanders_test_parallel,../scripts/../src/main/commanders/test/simple_commanders_test_parallel.f90,commander_test_openacc,type,public,13
simple_commanders_test_parallel,../scripts/../src/main/commanders/test/simple_commanders_test_parallel.f90,commander_test_openmp,type,public,18
simple_commanders_test_parallel,../scripts/../src/main/commanders/test/simple_commanders_test_parallel.f90,commander_test_simd,type,public,23
simple_commanders_test_parallel,../scripts/../src/main/commanders/test/simple_commanders_test_parallel.f90,exec_test_coarrays,subroutine,public,30
simple_commanders_test_parallel,../scripts/../src/main/commanders/test/simple_commanders_test_parallel.f90,exec_test_openacc,subroutine,public,81
simple_commanders_test_parallel,../scripts/../src/main/commanders/test/simple_commanders_test_parallel.f90,exec_test_openmp,subroutine,public,109
simple_commanders_test_parallel,../scripts/../src/main/commanders/test/simple_commanders_test_parallel.f90,exec_test_simd,subroutine,public,180
simple_commanders_test_single,../scripts/../src/main/commanders/test/simple_commanders_test_single.f90,commander_test_atoms_stats,type,public,6
simple_commanders_test_single,../scripts/../src/main/commanders/test/simple_commanders_test_single.f90,commander_test_detect_atoms,type,public,11
simple_commanders_test_single,../scripts/../src/main/commanders/test/simple_commanders_test_single.f90,commander_test_simulate_nanoparticle,type,public,16
simple_commanders_test_single,../scripts/../src/main/commanders/test/simple_commanders_test_single.f90,commander_test_single_workflow,type,public,21
simple_commanders_test_single,../scripts/../src/main/commanders/test/simple_commanders_test_single.f90,exec_test_atoms_stats,subroutine,public,32
simple_commanders_test_single,../scripts/../src/main/commanders/test/simple_commanders_test_single.f90,exec_test_detect_atoms,subroutine,public,69
simple_commanders_test_single,../scripts/../src/main/commanders/test/simple_commanders_test_single.f90,exec_test_simulate_nanoparticle,subroutine,public,96
simple_commanders_test_single,../scripts/../src/main/commanders/test/simple_commanders_test_single.f90,exec_test_single_workflow,subroutine,public,115
simple_commanders_test_stats,../scripts/../src/main/commanders/test/simple_commanders_test_stats.f90,commander_test_class_sample_test,type,public,7
simple_commanders_test_stats,../scripts/../src/main/commanders/test/simple_commanders_test_stats.f90,commander_test_clustering,type,public,12
simple_commanders_test_stats,../scripts/../src/main/commanders/test/simple_commanders_test_stats.f90,commander_test_ctf_test,type,public,17
simple_commanders_test_stats,../scripts/../src/main/commanders/test/simple_commanders_test_stats.f90,commander_test_eo_diff,type,public,22
simple_commanders_test_stats,../scripts/../src/main/commanders/test/simple_commanders_test_stats.f90,commander_test_extr_frac,type,public,27
simple_commanders_test_stats,../scripts/../src/main/commanders/test/simple_commanders_test_stats.f90,commander_test_multinomal_test,type,public,32
simple_commanders_test_stats,../scripts/../src/main/commanders/test/simple_commanders_test_stats.f90,commander_test_pca_all,type,public,37
simple_commanders_test_stats,../scripts/../src/main/commanders/test/simple_commanders_test_stats.f90,commander_test_pca_imgvar,type,public,42
simple_commanders_test_stats,../scripts/../src/main/commanders/test/simple_commanders_test_stats.f90,commander_test_sp_project,type,public,47
simple_commanders_test_stats,../scripts/../src/main/commanders/test/simple_commanders_test_stats.f90,exec_test_class_sample_test,subroutine,public,54
simple_commanders_test_stats,../scripts/../src/main/commanders/test/simple_commanders_test_stats.f90,exec_test_clustering,subroutine,public,93
simple_commanders_test_stats,../scripts/../src/main/commanders/test/simple_commanders_test_stats.f90,exec_test_ctf_test,subroutine,public,102
simple_commanders_test_stats,../scripts/../src/main/commanders/test/simple_commanders_test_stats.f90,exec_test_eo_diff,subroutine,public,122
simple_commanders_test_stats,../scripts/../src/main/commanders/test/simple_commanders_test_stats.f90,exec_test_extr_frac,subroutine,public,158
simple_commanders_test_stats,../scripts/../src/main/commanders/test/simple_commanders_test_stats.f90,exec_test_multinomal_test,subroutine,public,192
simple_commanders_test_stats,../scripts/../src/main/commanders/test/simple_commanders_test_stats.f90,exec_test_pca_all,subroutine,public,219
simple_commanders_test_stats,../scripts/../src/main/commanders/test/simple_commanders_test_stats.f90,exec_test_pca_imgvar,subroutine,public,309
simple_commanders_test_stats,../scripts/../src/main/commanders/test/simple_commanders_test_stats.f90,exec_test_sp_project,subroutine,public,394
simple_commanders_test_stats,../scripts/../src/main/commanders/test/simple_commanders_test_stats.f90,make_cs,subroutine,public,73
simple_commanders_test_stream,../scripts/../src/main/commanders/test/simple_commanders_test_stream.f90,assert_output_file,subroutine,public,803
simple_commanders_test_stream,../scripts/../src/main/commanders/test/simple_commanders_test_stream.f90,commander_test_abinitio2D_stream,type,public,8
simple_commanders_test_stream,../scripts/../src/main/commanders/test/simple_commanders_test_stream.f90,commander_test_assign_optics,type,public,13
simple_commanders_test_stream,../scripts/../src/main/commanders/test/simple_commanders_test_stream.f90,commander_test_gen_pickrefs,type,public,18
simple_commanders_test_stream,../scripts/../src/main/commanders/test/simple_commanders_test_stream.f90,commander_test_master,type,public,23
simple_commanders_test_stream,../scripts/../src/main/commanders/test/simple_commanders_test_stream.f90,commander_test_pick_extract,type,public,28
simple_commanders_test_stream,../scripts/../src/main/commanders/test/simple_commanders_test_stream.f90,commander_test_preproc,type,public,33
simple_commanders_test_stream,../scripts/../src/main/commanders/test/simple_commanders_test_stream.f90,commander_test_sieve_cavgs,type,public,38
simple_commanders_test_stream,../scripts/../src/main/commanders/test/simple_commanders_test_stream.f90,exec_test_abinitio2D_stream,subroutine,public,45
simple_commanders_test_stream,../scripts/../src/main/commanders/test/simple_commanders_test_stream.f90,exec_test_assign_optics,subroutine,public,179
simple_commanders_test_stream,../scripts/../src/main/commanders/test/simple_commanders_test_stream.f90,exec_test_gen_pickrefs,subroutine,public,303
simple_commanders_test_stream,../scripts/../src/main/commanders/test/simple_commanders_test_stream.f90,exec_test_master,subroutine,public,402
simple_commanders_test_stream,../scripts/../src/main/commanders/test/simple_commanders_test_stream.f90,exec_test_pick_extract,subroutine,public,515
simple_commanders_test_stream,../scripts/../src/main/commanders/test/simple_commanders_test_stream.f90,exec_test_preproc,subroutine,public,646
simple_commanders_test_stream,../scripts/../src/main/commanders/test/simple_commanders_test_stream.f90,exec_test_sieve_cavgs,subroutine,public,815
simple_commanders_test_stream,../scripts/../src/main/commanders/test/simple_commanders_test_stream.f90,heartbeat_matches,function,public,474
simple_commanders_test_utils,../scripts/../src/main/commanders/test/simple_commanders_test_utils.f90,commander_test_ansi_colors,type,public,7
simple_commanders_test_utils,../scripts/../src/main/commanders/test/simple_commanders_test_utils.f90,commander_test_binoris_io_test,type,public,17
simple_commanders_test_utils,../scripts/../src/main/commanders/test/simple_commanders_test_utils.f90,commander_test_binoris_test,type,public,12
simple_commanders_test_utils,../scripts/../src/main/commanders/test/simple_commanders_test_utils.f90,commander_test_cavg_registration,type,public,22
simple_commanders_test_utils,../scripts/../src/main/commanders/test/simple_commanders_test_utils.f90,commander_test_cif2mrc,type,public,27
simple_commanders_test_utils,../scripts/../src/main/commanders/test/simple_commanders_test_utils.f90,commander_test_cif2pdb,type,public,32
simple_commanders_test_utils,../scripts/../src/main/commanders/test/simple_commanders_test_utils.f90,commander_test_cmdline,type,public,37
simple_commanders_test_utils,../scripts/../src/main/commanders/test/simple_commanders_test_utils.f90,commander_test_install,type,public,42
simple_commanders_test_utils,../scripts/../src/main/commanders/test/simple_commanders_test_utils.f90,commander_test_nice,type,public,47
simple_commanders_test_utils,../scripts/../src/main/commanders/test/simple_commanders_test_utils.f90,commander_test_pdb2mrc,type,public,52
simple_commanders_test_utils,../scripts/../src/main/commanders/test/simple_commanders_test_utils.f90,commander_test_peak_thres_fdr,type,public,57
simple_commanders_test_utils,../scripts/../src/main/commanders/test/simple_commanders_test_utils.f90,commander_test_serialize,type,public,62
simple_commanders_test_utils,../scripts/../src/main/commanders/test/simple_commanders_test_utils.f90,commander_test_stringmatch,type,public,67
simple_commanders_test_utils,../scripts/../src/main/commanders/test/simple_commanders_test_utils.f90,exec_test_ansi_colors,subroutine,public,74
simple_commanders_test_utils,../scripts/../src/main/commanders/test/simple_commanders_test_utils.f90,exec_test_binoris_io_test,subroutine,public,96
simple_commanders_test_utils,../scripts/../src/main/commanders/test/simple_commanders_test_utils.f90,exec_test_binoris_test,subroutine,public,90
simple_commanders_test_utils,../scripts/../src/main/commanders/test/simple_commanders_test_utils.f90,exec_test_cavg_registration,subroutine,public,102
simple_commanders_test_utils,../scripts/../src/main/commanders/test/simple_commanders_test_utils.f90,exec_test_cif2mrc,subroutine,public,110
simple_commanders_test_utils,../scripts/../src/main/commanders/test/simple_commanders_test_utils.f90,exec_test_cif2pdb,subroutine,public,127
simple_commanders_test_utils,../scripts/../src/main/commanders/test/simple_commanders_test_utils.f90,exec_test_cmdline,subroutine,public,143
simple_commanders_test_utils,../scripts/../src/main/commanders/test/simple_commanders_test_utils.f90,exec_test_install,subroutine,public,206
simple_commanders_test_utils,../scripts/../src/main/commanders/test/simple_commanders_test_utils.f90,exec_test_nice,subroutine,public,254
simple_commanders_test_utils,../scripts/../src/main/commanders/test/simple_commanders_test_utils.f90,exec_test_pdb2mrc,subroutine,public,276
simple_commanders_test_utils,../scripts/../src/main/commanders/test/simple_commanders_test_utils.f90,exec_test_peak_thres_fdr,subroutine,public,418
simple_commanders_test_utils,../scripts/../src/main/commanders/test/simple_commanders_test_utils.f90,exec_test_serialize,subroutine,public,447
simple_commanders_test_utils,../scripts/../src/main/commanders/test/simple_commanders_test_utils.f90,exec_test_stringmatch,subroutine,public,469
simple_commanders_validate,../scripts/../src/main/commanders/simple/simple_commanders_validate.f90,commander_check_refpick,type,public,22
simple_commanders_validate,../scripts/../src/main/commanders/simple/simple_commanders_validate.f90,commander_mini_stream,type,public,17
simple_commanders_validate,../scripts/../src/main/commanders/simple/simple_commanders_validate.f90,exec_check_refpick,subroutine,public,128
simple_commanders_validate,../scripts/../src/main/commanders/simple/simple_commanders_validate.f90,exec_mini_stream,subroutine,public,29
simple_commanders_validate,../scripts/../src/main/commanders/simple/simple_commanders_validate.f90,transfer_phase_fit_args,subroutine,private,241
simple_commanders_volops,../scripts/../src/main/commanders/simple/simple_commanders_volops.f90,commander_centervol,type,public,11
simple_commanders_volops,../scripts/../src/main/commanders/simple/simple_commanders_volops.f90,commander_dock_volpair,type,public,16
simple_commanders_volops,../scripts/../src/main/commanders/simple/simple_commanders_volops.f90,commander_noisevol,type,public,21
simple_commanders_volops,../scripts/../src/main/commanders/simple/simple_commanders_volops.f90,commander_postprocess,type,public,26
simple_commanders_volops,../scripts/../src/main/commanders/simple/simple_commanders_volops.f90,commander_ppca_volvar,type,public,31
simple_commanders_volops,../scripts/../src/main/commanders/simple/simple_commanders_volops.f90,commander_sharpvol,type,public,36
simple_commanders_volops,../scripts/../src/main/commanders/simple/simple_commanders_volops.f90,commander_symaxis_search,type,public,41
simple_commanders_volops,../scripts/../src/main/commanders/simple/simple_commanders_volops.f90,commander_symmetrize_map,type,public,46
simple_commanders_volops,../scripts/../src/main/commanders/simple/simple_commanders_volops.f90,commander_symmetry_test,type,public,51
simple_commanders_volops,../scripts/../src/main/commanders/simple/simple_commanders_volops.f90,commander_volanalyze,type,public,56
simple_commanders_volops,../scripts/../src/main/commanders/simple/simple_commanders_volops.f90,commander_volcluster,type,public,61
simple_commanders_volops,../scripts/../src/main/commanders/simple/simple_commanders_volops.f90,commander_volops,type,public,66
simple_commanders_volops,../scripts/../src/main/commanders/simple/simple_commanders_volops.f90,exec_centervol,subroutine,public,74
simple_commanders_volops,../scripts/../src/main/commanders/simple/simple_commanders_volops.f90,exec_dock_volpair,subroutine,public,636
simple_commanders_volops,../scripts/../src/main/commanders/simple/simple_commanders_volops.f90,exec_noisevol,subroutine,public,591
simple_commanders_volops,../scripts/../src/main/commanders/simple/simple_commanders_volops.f90,exec_postprocess,subroutine,public,408
simple_commanders_volops,../scripts/../src/main/commanders/simple/simple_commanders_volops.f90,exec_ppca_volvar,subroutine,public,897
simple_commanders_volops,../scripts/../src/main/commanders/simple/simple_commanders_volops.f90,exec_sharpvol,subroutine,public,162
simple_commanders_volops,../scripts/../src/main/commanders/simple/simple_commanders_volops.f90,exec_symaxis_search,subroutine,public,676
simple_commanders_volops,../scripts/../src/main/commanders/simple/simple_commanders_volops.f90,exec_symmetrize_map,subroutine,public,755
simple_commanders_volops,../scripts/../src/main/commanders/simple/simple_commanders_volops.f90,exec_symmetry_test,subroutine,public,845
simple_commanders_volops,../scripts/../src/main/commanders/simple/simple_commanders_volops.f90,exec_volanalyze,subroutine,public,453
simple_commanders_volops,../scripts/../src/main/commanders/simple/simple_commanders_volops.f90,exec_volcluster,subroutine,public,469
simple_commanders_volops,../scripts/../src/main/commanders/simple/simple_commanders_volops.f90,exec_volops,subroutine,public,516
simple_commanders_volops,../scripts/../src/main/commanders/simple/simple_commanders_volops.f90,postprocess_volume_from_files,subroutine,public,294
simple_complex_ppca,../scripts/../src/main/pca/simple_complex_ppca.f90,complex_ppca,type,public,25
simple_complex_ppca,../scripts/../src/main/pca/simple_complex_ppca.f90,denoise_complex_ppca,subroutine,private,185
simple_complex_ppca,../scripts/../src/main/pca/simple_complex_ppca.f90,fit_covariance_complex_ppca,subroutine,private,151
simple_complex_ppca,../scripts/../src/main/pca/simple_complex_ppca.f90,generate_complex_ppca,subroutine,private,232
simple_complex_ppca,../scripts/../src/main/pca/simple_complex_ppca.f90,get_eigvals_complex_ppca,function,private,249
simple_complex_ppca,../scripts/../src/main/pca/simple_complex_ppca.f90,get_feat_complex_ppca,function,private,222
simple_complex_ppca,../scripts/../src/main/pca/simple_complex_ppca.f90,get_mean_complex_ppca,function,private,243
simple_complex_ppca,../scripts/../src/main/pca/simple_complex_ppca.f90,hermitian_jacobi,subroutine,private,292
simple_complex_ppca,../scripts/../src/main/pca/simple_complex_ppca.f90,kill_complex_ppca,subroutine,private,260
simple_complex_ppca,../scripts/../src/main/pca/simple_complex_ppca.f90,master_complex_ppca,subroutine,private,82
simple_complex_ppca,../scripts/../src/main/pca/simple_complex_ppca.f90,new_complex_ppca,subroutine,private,63
simple_complex_ppca,../scripts/../src/main/pca/simple_complex_ppca.f90,outer_hermitian,function,private,281
simple_complex_ppca,../scripts/../src/main/pca/simple_complex_ppca.f90,reconstruct_external_complex_ppca,subroutine,private,201
simple_complex_ppca,../scripts/../src/main/pca/simple_complex_ppca.f90,sort_eigs_desc,subroutine,private,357
simple_complex_ppca,../scripts/../src/main/pca/simple_complex_ppca.f90,stream_finalize_complex_ppca,subroutine,private,129
simple_complex_ppca,../scripts/../src/main/pca/simple_complex_ppca.f90,stream_reset_complex_ppca,subroutine,private,99
simple_complex_ppca,../scripts/../src/main/pca/simple_complex_ppca.f90,stream_update_complex_ppca,subroutine,private,112
simple_convergence,../scripts/../src/main/simple_convergence.f90,append_stats,subroutine,private,675
simple_convergence,../scripts/../src/main/simple_convergence.f90,calc_continuous_inplane_stats,subroutine,private,652
simple_convergence,../scripts/../src/main/simple_convergence.f90,check_conv2D,function,private,85
simple_convergence,../scripts/../src/main/simple_convergence.f90,check_conv3D,function,private,268
simple_convergence,../scripts/../src/main/simple_convergence.f90,plot_projdirs,subroutine,private,721
simple_convergence,../scripts/../src/main/simple_convergence.f90,print_iteration,subroutine,private,76
simple_convergence,../scripts/../src/main/simple_convergence.f90,read,subroutine,private,50
simple_convergence,../scripts/../src/main/simple_convergence.f90,read_pcg_nu_stats,subroutine,private,622
simple_ctf_estimate_cost,../scripts/../src/main/ctf/simple_ctf_estimate_cost.f90,df_costfun,subroutine,private,338
simple_ctf_estimate_cost,../scripts/../src/main/ctf/simple_ctf_estimate_cost.f90,fdf,subroutine,private,367
simple_ctf_estimate_cost,../scripts/../src/main/ctf/simple_ctf_estimate_cost.f90,fdf_costfun,subroutine,private,325
simple_ctf_estimate_cost,../scripts/../src/main/ctf/simple_ctf_estimate_cost.f90,init1D,subroutine,private,82
simple_ctf_estimate_cost,../scripts/../src/main/ctf/simple_ctf_estimate_cost.f90,init2D,subroutine,private,97
simple_ctf_estimate_cost,../scripts/../src/main/ctf/simple_ctf_estimate_cost.f90,init4Dcont,subroutine,private,119
simple_ctf_estimate_cost,../scripts/../src/main/ctf/simple_ctf_estimate_cost.f90,kill1D,subroutine,private,502
simple_ctf_estimate_cost,../scripts/../src/main/ctf/simple_ctf_estimate_cost.f90,kill2D,subroutine,private,507
simple_ctf_estimate_cost,../scripts/../src/main/ctf/simple_ctf_estimate_cost.f90,kill4Dcont,subroutine,private,514
simple_ctf_estimate_cost,../scripts/../src/main/ctf/simple_ctf_estimate_cost.f90,minimize,subroutine,private,200
simple_ctf_estimate_cost,../scripts/../src/main/ctf/simple_ctf_estimate_cost.f90,minimize4Dcont,subroutine,private,464
simple_ctf_estimate_fit,../scripts/../src/main/ctf/simple_ctf_estimate_fit.f90,calc_ctfres,subroutine,private,919
simple_ctf_estimate_fit,../scripts/../src/main/ctf/simple_ctf_estimate_fit.f90,calc_frc,subroutine,private,1072
simple_ctf_estimate_fit,../scripts/../src/main/ctf/simple_ctf_estimate_fit.f90,calc_icefrac,subroutine,private,1307
simple_ctf_estimate_fit,../scripts/../src/main/ctf/simple_ctf_estimate_fit.f90,calc_pspec_stats,subroutine,private,1265
simple_ctf_estimate_fit,../scripts/../src/main/ctf/simple_ctf_estimate_fit.f90,calc_tilt,subroutine,private,601
simple_ctf_estimate_fit,../scripts/../src/main/ctf/simple_ctf_estimate_fit.f90,ctf2pspecimg,subroutine,private,863
simple_ctf_estimate_fit,../scripts/../src/main/ctf/simple_ctf_estimate_fit.f90,fit,subroutine,private,346
simple_ctf_estimate_fit,../scripts/../src/main/ctf/simple_ctf_estimate_fit.f90,fit_patches,subroutine,private,402
simple_ctf_estimate_fit,../scripts/../src/main/ctf/simple_ctf_estimate_fit.f90,fit_polynomial,subroutine,private,1374
simple_ctf_estimate_fit,../scripts/../src/main/ctf/simple_ctf_estimate_fit.f90,ft2img,subroutine,private,900
simple_ctf_estimate_fit,../scripts/../src/main/ctf/simple_ctf_estimate_fit.f90,gen_profiles,subroutine,private,1221
simple_ctf_estimate_fit,../scripts/../src/main/ctf/simple_ctf_estimate_fit.f90,gen_resmsk,subroutine,private,553
simple_ctf_estimate_fit,../scripts/../src/main/ctf/simple_ctf_estimate_fit.f90,gen_roavspec1d,subroutine,private,505
simple_ctf_estimate_fit,../scripts/../src/main/ctf/simple_ctf_estimate_fit.f90,gen_tiles,subroutine,private,256
simple_ctf_estimate_fit,../scripts/../src/main/ctf/simple_ctf_estimate_fit.f90,get_parms,subroutine,private,329
simple_ctf_estimate_fit,../scripts/../src/main/ctf/simple_ctf_estimate_fit.f90,get_pspec,subroutine,private,322
simple_ctf_estimate_fit,../scripts/../src/main/ctf/simple_ctf_estimate_fit.f90,kill,subroutine,private,1583
simple_ctf_estimate_fit,../scripts/../src/main/ctf/simple_ctf_estimate_fit.f90,mask_central_disc,subroutine,private,1250
simple_ctf_estimate_fit,../scripts/../src/main/ctf/simple_ctf_estimate_fit.f90,mic2spec,subroutine,private,469
simple_ctf_estimate_fit,../scripts/../src/main/ctf/simple_ctf_estimate_fit.f90,new,subroutine,private,109
simple_ctf_estimate_fit,../scripts/../src/main/ctf/simple_ctf_estimate_fit.f90,norm_pspec,subroutine,private,490
simple_ctf_estimate_fit,../scripts/../src/main/ctf/simple_ctf_estimate_fit.f90,pix2poly,subroutine,private,1404
simple_ctf_estimate_fit,../scripts/../src/main/ctf/simple_ctf_estimate_fit.f90,pix2polyvals,subroutine,private,1413
simple_ctf_estimate_fit,../scripts/../src/main/ctf/simple_ctf_estimate_fit.f90,plot_ctf,subroutine,private,1431
simple_ctf_estimate_fit,../scripts/../src/main/ctf/simple_ctf_estimate_fit.f90,poly,function,private,1394
simple_ctf_estimate_fit,../scripts/../src/main/ctf/simple_ctf_estimate_fit.f90,rank_spec,subroutine,private,1126
simple_ctf_estimate_fit,../scripts/../src/main/ctf/simple_ctf_estimate_fit.f90,read_doc,subroutine,private,227
simple_ctf_estimate_fit,../scripts/../src/main/ctf/simple_ctf_estimate_fit.f90,refine,subroutine,private,765
simple_ctf_estimate_fit,../scripts/../src/main/ctf/simple_ctf_estimate_fit.f90,srch,subroutine,private,706
simple_ctf_estimate_fit,../scripts/../src/main/ctf/simple_ctf_estimate_fit.f90,subtr_backgr,subroutine,private,805
simple_ctf_estimate_fit,../scripts/../src/main/ctf/simple_ctf_estimate_fit.f90,write_diagnostic,subroutine,private,668
simple_ctf_estimate_fit,../scripts/../src/main/ctf/simple_ctf_estimate_fit.f90,write_doc,subroutine,private,1485
simple_ctf_estimate_fit,../scripts/../src/main/ctf/simple_ctf_estimate_fit.f90,write_star,subroutine,private,1538
simple_ctf_estimate_iter,../scripts/../src/main/ctf/simple_ctf_estimate_iter.f90,ctf_estimate_iter,type,public,13
simple_ctf_estimate_iter,../scripts/../src/main/ctf/simple_ctf_estimate_iter.f90,gen_thumbnail,subroutine,private,123
simple_ctf_estimate_iter,../scripts/../src/main/ctf/simple_ctf_estimate_iter.f90,iterate,subroutine,private,23
simple_ctf_estimate_iter,../scripts/../src/main/ctf/simple_ctf_estimate_iter.f90,kill,subroutine,private,160
simple_ctf_estimate_strategy,../scripts/../src/main/strategies/parallelization/simple_ctf_estimate_strategy.f90,cleanup_interface,subroutine,private,85
simple_ctf_estimate_strategy,../scripts/../src/main/strategies/parallelization/simple_ctf_estimate_strategy.f90,create_ctf_estimate_strategy,function,public,105
simple_ctf_estimate_strategy,../scripts/../src/main/strategies/parallelization/simple_ctf_estimate_strategy.f90,ctf_estimate_distr_strategy,type,public,49
simple_ctf_estimate_strategy,../scripts/../src/main/strategies/parallelization/simple_ctf_estimate_strategy.f90,ctf_estimate_inmem_strategy,type,public,38
simple_ctf_estimate_strategy,../scripts/../src/main/strategies/parallelization/simple_ctf_estimate_strategy.f90,ctf_estimate_strategy,type,public,28
simple_ctf_estimate_strategy,../scripts/../src/main/strategies/parallelization/simple_ctf_estimate_strategy.f90,distr_cleanup,subroutine,private,306
simple_ctf_estimate_strategy,../scripts/../src/main/strategies/parallelization/simple_ctf_estimate_strategy.f90,distr_end_message,function,private,315
simple_ctf_estimate_strategy,../scripts/../src/main/strategies/parallelization/simple_ctf_estimate_strategy.f90,distr_execute,subroutine,private,286
simple_ctf_estimate_strategy,../scripts/../src/main/strategies/parallelization/simple_ctf_estimate_strategy.f90,distr_finalize_run,subroutine,private,299
simple_ctf_estimate_strategy,../scripts/../src/main/strategies/parallelization/simple_ctf_estimate_strategy.f90,distr_initialize,subroutine,private,254
simple_ctf_estimate_strategy,../scripts/../src/main/strategies/parallelization/simple_ctf_estimate_strategy.f90,endmsg_interface,function,private,92
simple_ctf_estimate_strategy,../scripts/../src/main/strategies/parallelization/simple_ctf_estimate_strategy.f90,exec_interface,subroutine,private,71
simple_ctf_estimate_strategy,../scripts/../src/main/strategies/parallelization/simple_ctf_estimate_strategy.f90,finalize_interface,subroutine,private,78
simple_ctf_estimate_strategy,../scripts/../src/main/strategies/parallelization/simple_ctf_estimate_strategy.f90,init_interface,subroutine,private,64
simple_ctf_estimate_strategy,../scripts/../src/main/strategies/parallelization/simple_ctf_estimate_strategy.f90,inmem_cleanup,subroutine,private,237
simple_ctf_estimate_strategy,../scripts/../src/main/strategies/parallelization/simple_ctf_estimate_strategy.f90,inmem_end_message,function,private,244
simple_ctf_estimate_strategy,../scripts/../src/main/strategies/parallelization/simple_ctf_estimate_strategy.f90,inmem_execute,subroutine,private,150
simple_ctf_estimate_strategy,../scripts/../src/main/strategies/parallelization/simple_ctf_estimate_strategy.f90,inmem_finalize_run,subroutine,private,230
simple_ctf_estimate_strategy,../scripts/../src/main/strategies/parallelization/simple_ctf_estimate_strategy.f90,inmem_initialize,subroutine,private,142
simple_ctf_estimate_strategy,../scripts/../src/main/strategies/parallelization/simple_ctf_estimate_strategy.f90,set_ctf_estimate_defaults,subroutine,private,125
simple_decay_funs,../scripts/../src/utils/math/simple_decay_funs.f90,calc_nsampl_fromto,function,public,69
simple_decay_funs,../scripts/../src/utils/math/simple_decay_funs.f90,calc_update_frac,function,public,13
simple_decay_funs,../scripts/../src/utils/math/simple_decay_funs.f90,calc_update_frac_dyn,function,public,27
simple_decay_funs,../scripts/../src/utils/math/simple_decay_funs.f90,cos_decay,function,public,53
simple_decay_funs,../scripts/../src/utils/math/simple_decay_funs.f90,inv_cos_decay,function,public,61
simple_decay_funs,../scripts/../src/utils/math/simple_decay_funs.f90,inv_nsampl_decay,function,public,46
simple_decay_funs,../scripts/../src/utils/math/simple_decay_funs.f90,nsampl_decay,function,public,39
simple_default_clines,../scripts/../src/defs/simple_default_clines.f90,set_automask2D_defaults,subroutine,public,10
simple_default_clines,../scripts/../src/defs/simple_default_clines.f90,set_cluster2D_defaults,subroutine,public,18
simple_defs,../scripts/../src/defs/simple_defs.f90,exit_cleanup_iface,subroutine,public,62
simple_defs_atoms,../scripts/../src/defs/simple_defs_atoms.f90,get_element_Z_and_radius,subroutine,public,9
simple_defs_atoms,../scripts/../src/defs/simple_defs_atoms.f90,get_lattice_params,subroutine,public,223
simple_defs_ori,../scripts/../src/defs/simple_defs_ori.f90,get_oriparam_flag,function,public,165
simple_denoise_movies,../scripts/../src/main/motion/simple_denoise_movies.f90,diffmap_denoise_image_stack,subroutine,public,19
simple_denoise_movies,../scripts/../src/main/motion/simple_denoise_movies.f90,validate_realspace_2d_stack,subroutine,private,64
simple_denoise_project_strategy,../scripts/../src/main/strategies/parallelization/simple_denoise_project_strategy.f90,apply_defaults,subroutine,private,125
simple_denoise_project_strategy,../scripts/../src/main/strategies/parallelization/simple_denoise_project_strategy.f90,assign_global_so3_mixtures,subroutine,private,697
simple_denoise_project_strategy,../scripts/../src/main/strategies/parallelization/simple_denoise_project_strategy.f90,build_diffmap_so3_mixture_graphs,subroutine,private,763
simple_denoise_project_strategy,../scripts/../src/main/strategies/parallelization/simple_denoise_project_strategy.f90,calc_diffmap_reconstruction_error,subroutine,private,1197
simple_denoise_project_strategy,../scripts/../src/main/strategies/parallelization/simple_denoise_project_strategy.f90,calc_diffmap_residual_energy_ratio,subroutine,private,1170
simple_denoise_project_strategy,../scripts/../src/main/strategies/parallelization/simple_denoise_project_strategy.f90,cleanup_interface,subroutine,private,95
simple_denoise_project_strategy,../scripts/../src/main/strategies/parallelization/simple_denoise_project_strategy.f90,count_data_lines,subroutine,private,1533
simple_denoise_project_strategy,../scripts/../src/main/strategies/parallelization/simple_denoise_project_strategy.f90,create_denoise_project_strategy,function,public,104
simple_denoise_project_strategy,../scripts/../src/main/strategies/parallelization/simple_denoise_project_strategy.f90,denoise_project_master_strategy,type,public,57
simple_denoise_project_strategy,../scripts/../src/main/strategies/parallelization/simple_denoise_project_strategy.f90,denoise_project_shmem_strategy,type,public,41
simple_denoise_project_strategy,../scripts/../src/main/strategies/parallelization/simple_denoise_project_strategy.f90,denoise_project_strategy,type,public,33
simple_denoise_project_strategy,../scripts/../src/main/strategies/parallelization/simple_denoise_project_strategy.f90,denoise_project_worker_strategy,type,public,49
simple_denoise_project_strategy,../scripts/../src/main/strategies/parallelization/simple_denoise_project_strategy.f90,estimate_diffmap_denoise_icm_rank_stats,subroutine,private,1005
simple_denoise_project_strategy,../scripts/../src/main/strategies/parallelization/simple_denoise_project_strategy.f90,estimate_diffmap_denoise_rank,subroutine,private,814
simple_denoise_project_strategy,../scripts/../src/main/strategies/parallelization/simple_denoise_project_strategy.f90,exec_interface,subroutine,private,79
simple_denoise_project_strategy,../scripts/../src/main/strategies/parallelization/simple_denoise_project_strategy.f90,filter_classes_by_assignment,subroutine,private,546
simple_denoise_project_strategy,../scripts/../src/main/strategies/parallelization/simple_denoise_project_strategy.f90,finalize_diffmap_worker_outputs,subroutine,private,1398
simple_denoise_project_strategy,../scripts/../src/main/strategies/parallelization/simple_denoise_project_strategy.f90,finalize_interface,subroutine,private,87
simple_denoise_project_strategy,../scripts/../src/main/strategies/parallelization/simple_denoise_project_strategy.f90,graph_nystrom_residual_preimage,subroutine,private,1089
simple_denoise_project_strategy,../scripts/../src/main/strategies/parallelization/simple_denoise_project_strategy.f90,init_common,subroutine,private,140
simple_denoise_project_strategy,../scripts/../src/main/strategies/parallelization/simple_denoise_project_strategy.f90,init_interface,subroutine,private,71
simple_denoise_project_strategy,../scripts/../src/main/strategies/parallelization/simple_denoise_project_strategy.f90,master_cleanup,subroutine,private,270
simple_denoise_project_strategy,../scripts/../src/main/strategies/parallelization/simple_denoise_project_strategy.f90,master_execute,subroutine,private,253
simple_denoise_project_strategy,../scripts/../src/main/strategies/parallelization/simple_denoise_project_strategy.f90,master_finalize_run,subroutine,private,263
simple_denoise_project_strategy,../scripts/../src/main/strategies/parallelization/simple_denoise_project_strategy.f90,master_initialize,subroutine,private,216
simple_denoise_project_strategy,../scripts/../src/main/strategies/parallelization/simple_denoise_project_strategy.f90,pack_diffmap_so3_mixture_pinds,subroutine,private,731
simple_denoise_project_strategy,../scripts/../src/main/strategies/parallelization/simple_denoise_project_strategy.f90,prepare_class_partitions,subroutine,private,286
simple_denoise_project_strategy,../scripts/../src/main/strategies/parallelization/simple_denoise_project_strategy.f90,preserve_diffmap_frc2D,subroutine,private,1389
simple_denoise_project_strategy,../scripts/../src/main/strategies/parallelization/simple_denoise_project_strategy.f90,read_diffmap_worker_maps,subroutine,private,1500
simple_denoise_project_strategy,../scripts/../src/main/strategies/parallelization/simple_denoise_project_strategy.f90,read_int_file,subroutine,private,1551
simple_denoise_project_strategy,../scripts/../src/main/strategies/parallelization/simple_denoise_project_strategy.f90,run_denoise_project,subroutine,private,321
simple_denoise_project_strategy,../scripts/../src/main/strategies/parallelization/simple_denoise_project_strategy.f90,run_diffmap_denoise_icm_rank_seed,subroutine,private,927
simple_denoise_project_strategy,../scripts/../src/main/strategies/parallelization/simple_denoise_project_strategy.f90,run_diffmap_so3_mixture_graphs,subroutine,private,794
simple_denoise_project_strategy,../scripts/../src/main/strategies/parallelization/simple_denoise_project_strategy.f90,select_diffmap_denoise_rank_icm,subroutine,private,856
simple_denoise_project_strategy,../scripts/../src/main/strategies/parallelization/simple_denoise_project_strategy.f90,setup_diffmap_so3_mixture_map,subroutine,private,681
simple_denoise_project_strategy,../scripts/../src/main/strategies/parallelization/simple_denoise_project_strategy.f90,shmem_cleanup,subroutine,private,174
simple_denoise_project_strategy,../scripts/../src/main/strategies/parallelization/simple_denoise_project_strategy.f90,shmem_execute,subroutine,private,156
simple_denoise_project_strategy,../scripts/../src/main/strategies/parallelization/simple_denoise_project_strategy.f90,shmem_finalize_run,subroutine,private,167
simple_denoise_project_strategy,../scripts/../src/main/strategies/parallelization/simple_denoise_project_strategy.f90,shmem_initialize,subroutine,private,148
simple_denoise_project_strategy,../scripts/../src/main/strategies/parallelization/simple_denoise_project_strategy.f90,sort_order_by_weight_desc,subroutine,private,1572
simple_denoise_project_strategy,../scripts/../src/main/strategies/parallelization/simple_denoise_project_strategy.f90,update_diffmap_denoise_icm_rank_site,subroutine,private,1035
simple_denoise_project_strategy,../scripts/../src/main/strategies/parallelization/simple_denoise_project_strategy.f90,validate_denoise_project,subroutine,private,402
simple_denoise_project_strategy,../scripts/../src/main/strategies/parallelization/simple_denoise_project_strategy.f90,worker_cleanup,subroutine,private,211
simple_denoise_project_strategy,../scripts/../src/main/strategies/parallelization/simple_denoise_project_strategy.f90,worker_execute,subroutine,private,191
simple_denoise_project_strategy,../scripts/../src/main/strategies/parallelization/simple_denoise_project_strategy.f90,worker_finalize_run,subroutine,private,204
simple_denoise_project_strategy,../scripts/../src/main/strategies/parallelization/simple_denoise_project_strategy.f90,worker_initialize,subroutine,private,179
simple_denoise_project_strategy,../scripts/../src/main/strategies/parallelization/simple_denoise_project_strategy.f90,write_diffmap_denoised_class,subroutine,private,565
simple_denoise_project_strategy,../scripts/../src/main/strategies/parallelization/simple_denoise_project_strategy.f90,write_diffmap_partial_project,subroutine,private,1299
simple_denoise_project_strategy,../scripts/../src/main/strategies/parallelization/simple_denoise_project_strategy.f90,write_diffmap_project,subroutine,private,1246
simple_denoise_project_strategy,../scripts/../src/main/strategies/parallelization/simple_denoise_project_strategy.f90,write_diffmap_stack_image,subroutine,private,1228
simple_diff_map_denoise,../scripts/../src/main/pca/simple_diff_map_denoise.f90,accumulate_pft_angular_mode,subroutine,private,207
simple_diff_map_denoise,../scripts/../src/main/pca/simple_diff_map_denoise.f90,calc_diffmap_reconstruction_error,subroutine,public,710
simple_diff_map_denoise,../scripts/../src/main/pca/simple_diff_map_denoise.f90,calc_diffmap_residual_energy_ratio,subroutine,public,683
simple_diff_map_denoise,../scripts/../src/main/pca/simple_diff_map_denoise.f90,estimate_diffmap_denoise_icm_rank_stats,subroutine,private,493
simple_diff_map_denoise,../scripts/../src/main/pca/simple_diff_map_denoise.f90,estimate_diffmap_denoise_rank,subroutine,public,307
simple_diff_map_denoise,../scripts/../src/main/pca/simple_diff_map_denoise.f90,extract_pft_angular_mode,subroutine,private,178
simple_diff_map_denoise,../scripts/../src/main/pca/simple_diff_map_denoise.f90,graph_coeffproj_denoise,subroutine,public,29
simple_diff_map_denoise,../scripts/../src/main/pca/simple_diff_map_denoise.f90,graph_nystrom_residual_preimage,subroutine,public,587
simple_diff_map_denoise,../scripts/../src/main/pca/simple_diff_map_denoise.f90,prepare_steerable_pft_params,subroutine,private,128
simple_diff_map_denoise,../scripts/../src/main/pca/simple_diff_map_denoise.f90,project_pft_angular_mode,subroutine,private,145
simple_diff_map_denoise,../scripts/../src/main/pca/simple_diff_map_denoise.f90,run_diffmap_denoise_icm_rank_seed,subroutine,private,417
simple_diff_map_denoise,../scripts/../src/main/pca/simple_diff_map_denoise.f90,scatter_fourier_sample,subroutine,private,274
simple_diff_map_denoise,../scripts/../src/main/pca/simple_diff_map_denoise.f90,select_spectral_rank_icm,subroutine,public,348
simple_diff_map_denoise,../scripts/../src/main/pca/simple_diff_map_denoise.f90,so2_coeffproj_denoise,subroutine,private,41
simple_diff_map_denoise,../scripts/../src/main/pca/simple_diff_map_denoise.f90,synthesize_pft_residual,subroutine,private,231
simple_diff_map_denoise,../scripts/../src/main/pca/simple_diff_map_denoise.f90,update_diffmap_denoise_icm_rank_site,subroutine,private,526
simple_diff_map_graphs,../scripts/../src/main/pca/simple_diff_map_graphs.f90,build_cls_split_graph,subroutine,public,43
simple_diff_map_graphs,../scripts/../src/main/pca/simple_diff_map_graphs.f90,build_euclidean_knn_graph,subroutine,public,65
simple_diff_map_graphs,../scripts/../src/main/pca/simple_diff_map_graphs.f90,build_gated_euclidean_graph_from_neighbors,subroutine,public,209
simple_diff_map_graphs,../scripts/../src/main/pca/simple_diff_map_graphs.f90,build_gated_euclidean_knn_graph,subroutine,public,94
simple_diff_map_graphs,../scripts/../src/main/pca/simple_diff_map_graphs.f90,build_orientation_knn_graph,subroutine,public,267
simple_diff_map_graphs,../scripts/../src/main/pca/simple_diff_map_graphs.f90,diffmap_graph,type,public,26
simple_diff_map_graphs,../scripts/../src/main/pca/simple_diff_map_graphs.f90,diffmap_graph_degree,subroutine,private,677
simple_diff_map_graphs,../scripts/../src/main/pca/simple_diff_map_graphs.f90,estimate_ferguson_bandwidth,subroutine,private,451
simple_diff_map_graphs,../scripts/../src/main/pca/simple_diff_map_graphs.f90,find_euclidean_neighbors,subroutine,private,293
simple_diff_map_graphs,../scripts/../src/main/pca/simple_diff_map_graphs.f90,find_gated_euclidean_neighbors_rows,subroutine,public,136
simple_diff_map_graphs,../scripts/../src/main/pca/simple_diff_map_graphs.f90,find_orientation_neighbors,subroutine,private,338
simple_diff_map_graphs,../scripts/../src/main/pca/simple_diff_map_graphs.f90,graph_matvec,subroutine,public,698
simple_diff_map_graphs,../scripts/../src/main/pca/simple_diff_map_graphs.f90,insert_neighbor,subroutine,private,738
simple_diff_map_graphs,../scripts/../src/main/pca/simple_diff_map_graphs.f90,kill_diffmap_graph,subroutine,private,726
simple_diff_map_graphs,../scripts/../src/main/pca/simple_diff_map_graphs.f90,make_singleton_graph,subroutine,private,568
simple_diff_map_graphs,../scripts/../src/main/pca/simple_diff_map_graphs.f90,normalize_diffmap_graph,subroutine,private,593
simple_diff_map_graphs,../scripts/../src/main/pca/simple_diff_map_graphs.f90,pack_scalar_knn_to_csr,subroutine,private,362
simple_diff_map_graphs,../scripts/../src/main/pca/simple_diff_map_graphs.f90,projection_occupancy_weights,subroutine,public,237
simple_diffusion_maps,../scripts/../src/main/pca/simple_diffusion_maps.f90,diffusion_map_embedder,type,public,15
simple_diffusion_maps,../scripts/../src/main/pca/simple_diffusion_maps.f90,embed,subroutine,private,32
simple_diffusion_maps,../scripts/../src/main/pca/simple_diffusion_maps.f90,embed_graph,subroutine,public,55
simple_diffusion_maps,../scripts/../src/main/pca/simple_diffusion_maps.f90,normalize_coords,subroutine,public,152
simple_diffusion_maps,../scripts/../src/main/pca/simple_diffusion_maps.f90,set_params,subroutine,private,25
simple_discrete_stack_io,../scripts/../src/fileio/simple_discrete_stack_io.f90,cache_stack_info,subroutine,private,52
simple_discrete_stack_io,../scripts/../src/fileio/simple_discrete_stack_io.f90,clear_stack_cache,subroutine,private,133
simple_discrete_stack_io,../scripts/../src/fileio/simple_discrete_stack_io.f90,get_stack_info,subroutine,private,118
simple_discrete_stack_io,../scripts/../src/fileio/simple_discrete_stack_io.f90,kill,subroutine,private,147
simple_discrete_stack_io,../scripts/../src/fileio/simple_discrete_stack_io.f90,new,subroutine,private,35
simple_discrete_stack_io,../scripts/../src/fileio/simple_discrete_stack_io.f90,open_1,subroutine,private,95
simple_discrete_stack_io,../scripts/../src/fileio/simple_discrete_stack_io.f90,read,subroutine,private,64
simple_distr_comm,../scripts/../src/utils/comm/simple_distr_comm.f90,distr_comm,type,public,22
simple_distr_comm,../scripts/../src/utils/comm/simple_distr_comm.f90,init,subroutine,private,32
simple_distr_comm,../scripts/../src/utils/comm/simple_distr_comm.f90,server,subroutine,private,51
simple_distr_comm,../scripts/../src/utils/comm/simple_distr_comm.f90,thread_comm,type,private,12
simple_dock_vols,../scripts/../src/main/volume/simple_dock_vols.f90,get_dock_info,subroutine,private,60
simple_dock_vols,../scripts/../src/main/volume/simple_dock_vols.f90,kill,subroutine,private,329
simple_dock_vols,../scripts/../src/main/volume/simple_dock_vols.f90,new,subroutine,private,48
simple_dock_vols,../scripts/../src/main/volume/simple_dock_vols.f90,rotate_target,subroutine,private,307
simple_dock_vols,../scripts/../src/main/volume/simple_dock_vols.f90,rotpeak_interp,subroutine,private,240
simple_dock_vols,../scripts/../src/main/volume/simple_dock_vols.f90,set_dock_info,subroutine,private,68
simple_dock_vols,../scripts/../src/main/volume/simple_dock_vols.f90,set_ref,subroutine,private,76
simple_dock_vols,../scripts/../src/main/volume/simple_dock_vols.f90,set_target,subroutine,private,103
simple_dock_vols,../scripts/../src/main/volume/simple_dock_vols.f90,setup_srch_spaces,subroutine,private,122
simple_dock_vols,../scripts/../src/main/volume/simple_dock_vols.f90,srch,subroutine,private,132
simple_dock_vols,../scripts/../src/main/volume/simple_dock_vols.f90,srch_rots,subroutine,private,138
simple_dock_vols,../scripts/../src/main/volume/simple_dock_vols.f90,srch_shift,subroutine,private,268
simple_eer_factory,../scripts/../src/fileio/simple_eer_factory.f90,decode,subroutine,private,174
simple_eer_factory,../scripts/../src/fileio/simple_eer_factory.f90,decode_frame_7bit_16k,subroutine,private,354
simple_eer_factory,../scripts/../src/fileio/simple_eer_factory.f90,decode_frame_7bit_4k,subroutine,private,258
simple_eer_factory,../scripts/../src/fileio/simple_eer_factory.f90,decode_frame_7bit_8k,subroutine,private,305
simple_eer_factory,../scripts/../src/fileio/simple_eer_factory.f90,decode_frame_8bit_16k,subroutine,private,472
simple_eer_factory,../scripts/../src/fileio/simple_eer_factory.f90,decode_frame_8bit_4k,subroutine,private,403
simple_eer_factory,../scripts/../src/fileio/simple_eer_factory.f90,decode_frame_8bit_8k,subroutine,private,436
simple_eer_factory,../scripts/../src/fileio/simple_eer_factory.f90,decode_frames,subroutine,private,203
simple_eer_factory,../scripts/../src/fileio/simple_eer_factory.f90,get_ldim,function,private,548
simple_eer_factory,../scripts/../src/fileio/simple_eer_factory.f90,kill,subroutine,private,567
simple_eer_factory,../scripts/../src/fileio/simple_eer_factory.f90,new,subroutine,private,76
simple_eer_factory,../scripts/../src/fileio/simple_eer_factory.f90,prep_gainref,subroutine,private,508
simple_eer_factory,../scripts/../src/fileio/simple_eer_factory.f90,read,subroutine,private,118
simple_eer_factory,../scripts/../src/fileio/simple_eer_factory.f90,set_dims,subroutine,private,152
simple_error,../scripts/../src/fileio/simple_error.f90,simple_error_check,subroutine,public,35
simple_error,../scripts/../src/fileio/simple_error.f90,simple_exception,subroutine,public,9
simple_estimate_ssnr,../scripts/../src/utils/filter/simple_estimate_ssnr.f90,calc_dose_weights,subroutine,public,176
simple_estimate_ssnr,../scripts/../src/utils/filter/simple_estimate_ssnr.f90,calc_lpinfo,subroutine,private,379
simple_estimate_ssnr,../scripts/../src/utils/filter/simple_estimate_ssnr.f90,calc_scaleinfo,subroutine,private,399
simple_estimate_ssnr,../scripts/../src/utils/filter/simple_estimate_ssnr.f90,calc_scaleinfo,subroutine,private,442
simple_estimate_ssnr,../scripts/../src/utils/filter/simple_estimate_ssnr.f90,fsc2optlp,function,public,55
simple_estimate_ssnr,../scripts/../src/utils/filter/simple_estimate_ssnr.f90,fsc2optlp_sub,subroutine,public,86
simple_estimate_ssnr,../scripts/../src/utils/filter/simple_estimate_ssnr.f90,fsc2shrink_filter,subroutine,public,69
simple_estimate_ssnr,../scripts/../src/utils/filter/simple_estimate_ssnr.f90,fsc2ssnr,function,public,28
simple_estimate_ssnr,../scripts/../src/utils/filter/simple_estimate_ssnr.f90,fsc2wiener_regularizer,function,public,44
simple_estimate_ssnr,../scripts/../src/utils/filter/simple_estimate_ssnr.f90,gaussian_filter,subroutine,public,148
simple_estimate_ssnr,../scripts/../src/utils/filter/simple_estimate_ssnr.f90,get_resolution,subroutine,public,211
simple_estimate_ssnr,../scripts/../src/utils/filter/simple_estimate_ssnr.f90,get_resolution_at_fsc,subroutine,public,267
simple_estimate_ssnr,../scripts/../src/utils/filter/simple_estimate_ssnr.f90,lowpass_from_klim,subroutine,public,127
simple_estimate_ssnr,../scripts/../src/utils/filter/simple_estimate_ssnr.f90,lpstages,subroutine,public,289
simple_estimate_ssnr,../scripts/../src/utils/filter/simple_estimate_ssnr.f90,lpstages_fast,subroutine,public,416
simple_estimate_ssnr,../scripts/../src/utils/filter/simple_estimate_ssnr.f90,lpstages_setlims,subroutine,public,453
simple_estimate_ssnr,../scripts/../src/utils/filter/simple_estimate_ssnr.f90,mskdiam2lplimits,subroutine,public,161
simple_estimate_ssnr,../scripts/../src/utils/filter/simple_estimate_ssnr.f90,mskdiam2streamresthreshold,subroutine,public,169
simple_estimate_ssnr,../scripts/../src/utils/filter/simple_estimate_ssnr.f90,print_lpinfo,subroutine,private,393
simple_estimate_ssnr,../scripts/../src/utils/filter/simple_estimate_ssnr.f90,print_scaleinfo,subroutine,private,408
simple_estimate_ssnr,../scripts/../src/utils/filter/simple_estimate_ssnr.f90,ssnr2fsc,function,public,104
simple_estimate_ssnr,../scripts/../src/utils/filter/simple_estimate_ssnr.f90,ssnr2optlp,function,public,116
simple_euclid_sigma2,../scripts/../src/main/simple_euclid_sigma2.f90,allocate_ptcls,subroutine,private,243
simple_euclid_sigma2,../scripts/../src/main/simple_euclid_sigma2.f90,average_sigma2_groups,subroutine,public,699
simple_euclid_sigma2,../scripts/../src/main/simple_euclid_sigma2.f90,calc_sigma2,subroutine,private,251
simple_euclid_sigma2,../scripts/../src/main/simple_euclid_sigma2.f90,consolidate_sigma2_groups,subroutine,public,679
simple_euclid_sigma2,../scripts/../src/main/simple_euclid_sigma2.f90,consolidate_sigma2_history,subroutine,private,99
simple_euclid_sigma2,../scripts/../src/main/simple_euclid_sigma2.f90,fill_sigma2_before_nyq,subroutine,public,636
simple_euclid_sigma2,../scripts/../src/main/simple_euclid_sigma2.f90,get_kfromto,function,private,181
simple_euclid_sigma2,../scripts/../src/main/simple_euclid_sigma2.f90,init_from_group_header,subroutine,private,154
simple_euclid_sigma2,../scripts/../src/main/simple_euclid_sigma2.f90,kill,subroutine,private,735
simple_euclid_sigma2,../scripts/../src/main/simple_euclid_sigma2.f90,new,subroutine,private,74
simple_euclid_sigma2,../scripts/../src/main/simple_euclid_sigma2.f90,parse_key_int_pair,subroutine,private,611
simple_euclid_sigma2,../scripts/../src/main/simple_euclid_sigma2.f90,parse_key_string_pair,subroutine,private,622
simple_euclid_sigma2,../scripts/../src/main/simple_euclid_sigma2.f90,read_groups,subroutine,private,206
simple_euclid_sigma2,../scripts/../src/main/simple_euclid_sigma2.f90,read_groups_starfile,subroutine,private,454
simple_euclid_sigma2,../scripts/../src/main/simple_euclid_sigma2.f90,read_part,subroutine,private,198
simple_euclid_sigma2,../scripts/../src/main/simple_euclid_sigma2.f90,read_sigma2_groups,subroutine,private,522
simple_euclid_sigma2,../scripts/../src/main/simple_euclid_sigma2.f90,real2str_diag,function,private,395
simple_euclid_sigma2,../scripts/../src/main/simple_euclid_sigma2.f90,report_euclid_diag,subroutine,private,318
simple_euclid_sigma2,../scripts/../src/main/simple_euclid_sigma2.f90,set_kfromto,subroutine,private,190
simple_euclid_sigma2,../scripts/../src/main/simple_euclid_sigma2.f90,sigma2_star_from_iter,function,public,727
simple_euclid_sigma2,../scripts/../src/main/simple_euclid_sigma2.f90,split_sigma2_into_groups,subroutine,public,661
simple_euclid_sigma2,../scripts/../src/main/simple_euclid_sigma2.f90,test_unit,subroutine,public,752
simple_euclid_sigma2,../scripts/../src/main/simple_euclid_sigma2.f90,valid_vals,subroutine,private,365
simple_euclid_sigma2,../scripts/../src/main/simple_euclid_sigma2.f90,write_groups_starfile,subroutine,public,409
simple_euclid_sigma2,../scripts/../src/main/simple_euclid_sigma2.f90,write_info,subroutine,private,174
simple_euclid_sigma2,../scripts/../src/main/simple_euclid_sigma2.f90,write_sigma2,subroutine,private,295
simple_eul_prob_tab,../scripts/../src/main/simple_eul_prob_tab.f90,advance_ref_head,subroutine,private,652
simple_eul_prob_tab,../scripts/../src/main/simple_eul_prob_tab.f90,advance_state_head,subroutine,private,776
simple_eul_prob_tab,../scripts/../src/main/simple_eul_prob_tab.f90,assign_candidate,subroutine,private,828
simple_eul_prob_tab,../scripts/../src/main/simple_eul_prob_tab.f90,assign_current_ref,subroutine,private,667
simple_eul_prob_tab,../scripts/../src/main/simple_eul_prob_tab.f90,assign_greedy_state_labels,subroutine,private,676
simple_eul_prob_tab,../scripts/../src/main/simple_eul_prob_tab.f90,assign_refs_for_state,subroutine,private,704
simple_eul_prob_tab,../scripts/../src/main/simple_eul_prob_tab.f90,begin_write,subroutine,private,850
simple_eul_prob_tab,../scripts/../src/main/simple_eul_prob_tab.f90,estimate_shift_seed,subroutine,private,318
simple_eul_prob_tab,../scripts/../src/main/simple_eul_prob_tab.f90,eul_prob_tab,type,public,20
simple_eul_prob_tab,../scripts/../src/main/simple_eul_prob_tab.f90,fill_tab,subroutine,private,215
simple_eul_prob_tab,../scripts/../src/main/simple_eul_prob_tab.f90,fill_tab_range,subroutine,private,220
simple_eul_prob_tab,../scripts/../src/main/simple_eul_prob_tab.f90,fill_tab_state_only,subroutine,private,416
simple_eul_prob_tab,../scripts/../src/main/simple_eul_prob_tab.f90,fill_tab_state_only_range,subroutine,private,421
simple_eul_prob_tab,../scripts/../src/main/simple_eul_prob_tab.f90,flush_candidate_buffers,subroutine,private,872
simple_eul_prob_tab,../scripts/../src/main/simple_eul_prob_tab.f90,gather_active_refs,subroutine,private,692
simple_eul_prob_tab,../scripts/../src/main/simple_eul_prob_tab.f90,get_particle_context,subroutine,private,309
simple_eul_prob_tab,../scripts/../src/main/simple_eul_prob_tab.f90,initialize_storage,subroutine,private,147
simple_eul_prob_tab,../scripts/../src/main/simple_eul_prob_tab.f90,kill,subroutine,private,1109
simple_eul_prob_tab,../scripts/../src/main/simple_eul_prob_tab.f90,make_ref_candidate,function,private,401
simple_eul_prob_tab,../scripts/../src/main/simple_eul_prob_tab.f90,new_assignment,subroutine,private,188
simple_eul_prob_tab,../scripts/../src/main/simple_eul_prob_tab.f90,new_common,subroutine,private,120
simple_eul_prob_tab,../scripts/../src/main/simple_eul_prob_tab.f90,new_compact_global,subroutine,private,110
simple_eul_prob_tab,../scripts/../src/main/simple_eul_prob_tab.f90,new_global,subroutine,private,81
simple_eul_prob_tab,../scripts/../src/main/simple_eul_prob_tab.f90,new_state,subroutine,private,91
simple_eul_prob_tab,../scripts/../src/main/simple_eul_prob_tab.f90,new_worker,subroutine,private,101
simple_eul_prob_tab,../scripts/../src/main/simple_eul_prob_tab.f90,prepare_ref_score_vectors,subroutine,private,574
simple_eul_prob_tab,../scripts/../src/main/simple_eul_prob_tab.f90,process_particle_with_shift,subroutine,private,280
simple_eul_prob_tab,../scripts/../src/main/simple_eul_prob_tab.f90,process_particle_without_shift,subroutine,private,299
simple_eul_prob_tab,../scripts/../src/main/simple_eul_prob_tab.f90,read_assignment,subroutine,private,1073
simple_eul_prob_tab,../scripts/../src/main/simple_eul_prob_tab.f90,read_state_tab,subroutine,private,997
simple_eul_prob_tab,../scripts/../src/main/simple_eul_prob_tab.f90,read_tab_to_glob,subroutine,private,912
simple_eul_prob_tab,../scripts/../src/main/simple_eul_prob_tab.f90,record_ref_eval,subroutine,private,383
simple_eul_prob_tab,../scripts/../src/main/simple_eul_prob_tab.f90,ref_assign,subroutine,private,508
simple_eul_prob_tab,../scripts/../src/main/simple_eul_prob_tab.f90,refine_best_refs,subroutine,private,357
simple_eul_prob_tab,../scripts/../src/main/simple_eul_prob_tab.f90,replace_ref_eval,subroutine,private,392
simple_eul_prob_tab,../scripts/../src/main/simple_eul_prob_tab.f90,reset_ref_frontier,subroutine,private,644
simple_eul_prob_tab,../scripts/../src/main/simple_eul_prob_tab.f90,score_ref,subroutine,private,335
simple_eul_prob_tab,../scripts/../src/main/simple_eul_prob_tab.f90,state_assign,subroutine,private,736
simple_eul_prob_tab,../scripts/../src/main/simple_eul_prob_tab.f90,write_assignment,subroutine,private,1061
simple_eul_prob_tab,../scripts/../src/main/simple_eul_prob_tab.f90,write_state_tab,subroutine,private,991
simple_eul_prob_tab,../scripts/../src/main/simple_eul_prob_tab.f90,write_tab,subroutine,private,892
simple_eul_prob_tab2D,../scripts/../src/main/simple_eul_prob_tab2D.f90,advance_class_head,subroutine,private,723
simple_eul_prob_tab2D,../scripts/../src/main/simple_eul_prob_tab2D.f90,assign_frontier_ws,type,private,527
simple_eul_prob_tab2D,../scripts/../src/main/simple_eul_prob_tab2D.f90,assign_graph_ws,type,private,522
simple_eul_prob_tab2D,../scripts/../src/main/simple_eul_prob_tab2D.f90,assign_particles_from_frontier,subroutine,private,614
simple_eul_prob_tab2D,../scripts/../src/main/simple_eul_prob_tab2D.f90,assign_remaining_particles,subroutine,private,678
simple_eul_prob_tab2D,../scripts/../src/main/simple_eul_prob_tab2D.f90,begin_write,subroutine,private,935
simple_eul_prob_tab2D,../scripts/../src/main/simple_eul_prob_tab2D.f90,build_sparse_assignment_graph,subroutine,private,560
simple_eul_prob_tab2D,../scripts/../src/main/simple_eul_prob_tab2D.f90,commit_selected_assignment,subroutine,private,651
simple_eul_prob_tab2D,../scripts/../src/main/simple_eul_prob_tab2D.f90,dealloc_eval2D_sparse_ws,subroutine,private,1287
simple_eul_prob_tab2D,../scripts/../src/main/simple_eul_prob_tab2D.f90,eul_prob_tab2D,type,public,20
simple_eul_prob_tab2D,../scripts/../src/main/simple_eul_prob_tab2D.f90,eval2D_sparse_ws,type,private,72
simple_eul_prob_tab2D,../scripts/../src/main/simple_eul_prob_tab2D.f90,fill_tab,subroutine,private,195
simple_eul_prob_tab2D,../scripts/../src/main/simple_eul_prob_tab2D.f90,fill_tab_prob_snhc,subroutine,private,325
simple_eul_prob_tab2D,../scripts/../src/main/simple_eul_prob_tab2D.f90,fill_tab_prob_snhc_range,subroutine,private,330
simple_eul_prob_tab2D,../scripts/../src/main/simple_eul_prob_tab2D.f90,fill_tab_range,subroutine,private,200
simple_eul_prob_tab2D,../scripts/../src/main/simple_eul_prob_tab2D.f90,finalize_assignment,subroutine,private,492
simple_eul_prob_tab2D,../scripts/../src/main/simple_eul_prob_tab2D.f90,finalize_candidate_assignment,subroutine,private,499
simple_eul_prob_tab2D,../scripts/../src/main/simple_eul_prob_tab2D.f90,flush_candidate_buffers,subroutine,private,956
simple_eul_prob_tab2D,../scripts/../src/main/simple_eul_prob_tab2D.f90,init_eval2D_sparse_ws,subroutine,private,1277
simple_eul_prob_tab2D,../scripts/../src/main/simple_eul_prob_tab2D.f90,init_frontier,subroutine,private,631
simple_eul_prob_tab2D,../scripts/../src/main/simple_eul_prob_tab2D.f90,initialize_storage,subroutine,private,161
simple_eul_prob_tab2D,../scripts/../src/main/simple_eul_prob_tab2D.f90,kill,subroutine,private,904
simple_eul_prob_tab2D,../scripts/../src/main/simple_eul_prob_tab2D.f90,new_assignment,subroutine,private,108
simple_eul_prob_tab2D,../scripts/../src/main/simple_eul_prob_tab2D.f90,new_common,subroutine,private,135
simple_eul_prob_tab2D,../scripts/../src/main/simple_eul_prob_tab2D.f90,new_global,subroutine,private,88
simple_eul_prob_tab2D,../scripts/../src/main/simple_eul_prob_tab2D.f90,new_worker,subroutine,private,99
simple_eul_prob_tab2D,../scripts/../src/main/simple_eul_prob_tab2D.f90,process_particle,subroutine,private,394
simple_eul_prob_tab2D,../scripts/../src/main/simple_eul_prob_tab2D.f90,read_assignment,subroutine,private,1243
simple_eul_prob_tab2D,../scripts/../src/main/simple_eul_prob_tab2D.f90,read_sparse_tab_to_glob,subroutine,private,1077
simple_eul_prob_tab2D,../scripts/../src/main/simple_eul_prob_tab2D.f90,read_tab_to_glob,subroutine,private,998
simple_eul_prob_tab2D,../scripts/../src/main/simple_eul_prob_tab2D.f90,read_tabs_to_glob,subroutine,private,1158
simple_eul_prob_tab2D,../scripts/../src/main/simple_eul_prob_tab2D.f90,record_sparse_eval,subroutine,private,474
simple_eul_prob_tab2D,../scripts/../src/main/simple_eul_prob_tab2D.f90,ref_assign_likelihood,subroutine,private,784
simple_eul_prob_tab2D,../scripts/../src/main/simple_eul_prob_tab2D.f90,ref_assign_sparse_likelihood,subroutine,private,519
simple_eul_prob_tab2D,../scripts/../src/main/simple_eul_prob_tab2D.f90,refine_best_classes,subroutine,private,445
simple_eul_prob_tab2D,../scripts/../src/main/simple_eul_prob_tab2D.f90,sample_frontier_likelihood,subroutine,private,643
simple_eul_prob_tab2D,../scripts/../src/main/simple_eul_prob_tab2D.f90,score_class,subroutine,private,435
simple_eul_prob_tab2D,../scripts/../src/main/simple_eul_prob_tab2D.f90,sync_frontier_class,subroutine,private,743
simple_eul_prob_tab2D,../scripts/../src/main/simple_eul_prob_tab2D.f90,update_frontier_after_assignment,subroutine,private,663
simple_eul_prob_tab2D,../scripts/../src/main/simple_eul_prob_tab2D.f90,write_assignment,subroutine,private,1232
simple_eul_prob_tab2D,../scripts/../src/main/simple_eul_prob_tab2D.f90,write_tab,subroutine,private,975
simple_eul_prob_tab_neigh,../scripts/../src/main/simple_eul_prob_tab_neigh.f90,add_pooled_subspace,subroutine,private,565
simple_eul_prob_tab_neigh,../scripts/../src/main/simple_eul_prob_tab_neigh.f90,advance_ref_head,subroutine,private,1024
simple_eul_prob_tab_neigh,../scripts/../src/main/simple_eul_prob_tab_neigh.f90,alloc_coarse_ws,subroutine,private,1457
simple_eul_prob_tab_neigh,../scripts/../src/main/simple_eul_prob_tab_neigh.f90,alloc_eval_stoch_ws,subroutine,private,1367
simple_eul_prob_tab_neigh,../scripts/../src/main/simple_eul_prob_tab_neigh.f90,alloc_eval_subspace_ws,subroutine,private,1378
simple_eul_prob_tab_neigh,../scripts/../src/main/simple_eul_prob_tab_neigh.f90,assign_frontier_ws,type,private,646
simple_eul_prob_tab_neigh,../scripts/../src/main/simple_eul_prob_tab_neigh.f90,assign_graph_ws,type,private,639
simple_eul_prob_tab_neigh,../scripts/../src/main/simple_eul_prob_tab_neigh.f90,assign_greedy_state_labels,subroutine,private,783
simple_eul_prob_tab_neigh,../scripts/../src/main/simple_eul_prob_tab_neigh.f90,assign_particles_for_state,subroutine,private,825
simple_eul_prob_tab_neigh,../scripts/../src/main/simple_eul_prob_tab_neigh.f90,assign_particles_globally,subroutine,private,750
simple_eul_prob_tab_neigh,../scripts/../src/main/simple_eul_prob_tab_neigh.f90,assign_particles_single_state,subroutine,private,812
simple_eul_prob_tab_neigh,../scripts/../src/main/simple_eul_prob_tab_neigh.f90,assign_remaining_particles_from_best_touched_ref,subroutine,private,866
simple_eul_prob_tab_neigh,../scripts/../src/main/simple_eul_prob_tab_neigh.f90,build_geometric_neighborhood,subroutine,private,459
simple_eul_prob_tab_neigh,../scripts/../src/main/simple_eul_prob_tab_neigh.f90,build_pooled_neighborhood,subroutine,private,528
simple_eul_prob_tab_neigh,../scripts/../src/main/simple_eul_prob_tab_neigh.f90,build_sparse_assignment_graph,subroutine,private,677
simple_eul_prob_tab_neigh,../scripts/../src/main/simple_eul_prob_tab_neigh.f90,calc_previous_corr,subroutine,private,293
simple_eul_prob_tab_neigh,../scripts/../src/main/simple_eul_prob_tab_neigh.f90,coarse_search_ws,type,private,60
simple_eul_prob_tab_neigh,../scripts/../src/main/simple_eul_prob_tab_neigh.f90,commit_selected_assignment,subroutine,private,839
simple_eul_prob_tab_neigh,../scripts/../src/main/simple_eul_prob_tab_neigh.f90,consider_peak_subspace,subroutine,private,496
simple_eul_prob_tab_neigh,../scripts/../src/main/simple_eul_prob_tab_neigh.f90,dealloc_coarse_ws,subroutine,private,1469
simple_eul_prob_tab_neigh,../scripts/../src/main/simple_eul_prob_tab_neigh.f90,dealloc_eval_ws,subroutine,private,1442
simple_eul_prob_tab_neigh,../scripts/../src/main/simple_eul_prob_tab_neigh.f90,estimate_shift_seed,subroutine,private,1279
simple_eul_prob_tab_neigh,../scripts/../src/main/simple_eul_prob_tab_neigh.f90,eul_prob_tab_neigh,type,public,25
simple_eul_prob_tab_neigh,../scripts/../src/main/simple_eul_prob_tab_neigh.f90,eval_ws,type,private,41
simple_eul_prob_tab_neigh,../scripts/../src/main/simple_eul_prob_tab_neigh.f90,evaluate_direct_stochastic_refs,subroutine,private,232
simple_eul_prob_tab_neigh,../scripts/../src/main/simple_eul_prob_tab_neigh.f90,evaluate_neighborhood,subroutine,private,579
simple_eul_prob_tab_neigh,../scripts/../src/main/simple_eul_prob_tab_neigh.f90,fill_tab_neigh,subroutine,private,112
simple_eul_prob_tab_neigh,../scripts/../src/main/simple_eul_prob_tab_neigh.f90,fill_tab_neigh_range,subroutine,private,118
simple_eul_prob_tab_neigh,../scripts/../src/main/simple_eul_prob_tab_neigh.f90,fill_tab_stoch_range,subroutine,private,137
simple_eul_prob_tab_neigh,../scripts/../src/main/simple_eul_prob_tab_neigh.f90,fill_tab_subspace_range,subroutine,private,334
simple_eul_prob_tab_neigh,../scripts/../src/main/simple_eul_prob_tab_neigh.f90,find_peak_subspaces,subroutine,private,432
simple_eul_prob_tab_neigh,../scripts/../src/main/simple_eul_prob_tab_neigh.f90,get_particle_context,subroutine,private,1252
simple_eul_prob_tab_neigh,../scripts/../src/main/simple_eul_prob_tab_neigh.f90,init_eval_stoch_ws,subroutine,private,1391
simple_eul_prob_tab_neigh,../scripts/../src/main/simple_eul_prob_tab_neigh.f90,init_eval_subspace_ws,subroutine,private,1405
simple_eul_prob_tab_neigh,../scripts/../src/main/simple_eul_prob_tab_neigh.f90,init_frontier,subroutine,private,771
simple_eul_prob_tab_neigh,../scripts/../src/main/simple_eul_prob_tab_neigh.f90,kill_neigh,subroutine,private,1356
simple_eul_prob_tab_neigh,../scripts/../src/main/simple_eul_prob_tab_neigh.f90,new_neigh,subroutine,private,73
simple_eul_prob_tab_neigh,../scripts/../src/main/simple_eul_prob_tab_neigh.f90,new_neigh_global,subroutine,private,82
simple_eul_prob_tab_neigh,../scripts/../src/main/simple_eul_prob_tab_neigh.f90,process_particle_stoch,subroutine,private,213
simple_eul_prob_tab_neigh,../scripts/../src/main/simple_eul_prob_tab_neigh.f90,process_particle_subspace,subroutine,private,407
simple_eul_prob_tab_neigh,../scripts/../src/main/simple_eul_prob_tab_neigh.f90,read_sparse_tab_to_glob,subroutine,private,1094
simple_eul_prob_tab_neigh,../scripts/../src/main/simple_eul_prob_tab_neigh.f90,read_tabs_to_glob,subroutine,private,1179
simple_eul_prob_tab_neigh,../scripts/../src/main/simple_eul_prob_tab_neigh.f90,record_sparse_eval,subroutine,private,1263
simple_eul_prob_tab_neigh,../scripts/../src/main/simple_eul_prob_tab_neigh.f90,ref_assign_neigh,subroutine,private,630
simple_eul_prob_tab_neigh,../scripts/../src/main/simple_eul_prob_tab_neigh.f90,refine_best_neighbors,subroutine,private,1302
simple_eul_prob_tab_neigh,../scripts/../src/main/simple_eul_prob_tab_neigh.f90,score_direct_ref,subroutine,private,304
simple_eul_prob_tab_neigh,../scripts/../src/main/simple_eul_prob_tab_neigh.f90,score_subspace_ref,subroutine,private,474
simple_eul_prob_tab_neigh,../scripts/../src/main/simple_eul_prob_tab_neigh.f90,seed_fallback_if_empty,subroutine,private,962
simple_eul_prob_tab_neigh,../scripts/../src/main/simple_eul_prob_tab_neigh.f90,sync_frontier_ref,subroutine,private,1050
simple_eul_prob_tab_neigh,../scripts/../src/main/simple_eul_prob_tab_neigh.f90,update_frontier_after_assignment,subroutine,private,853
simple_eul_prob_tab_neigh,../scripts/../src/main/simple_eul_prob_tab_neigh.f90,validate_neigh_mode,subroutine,private,91
simple_eul_prob_tab_utils,../scripts/../src/main/simple_eul_prob_tab_utils.f90,prob_candidate,type,public,20
simple_eul_prob_tab_utils,../scripts/../src/main/simple_eul_prob_tab_utils.f90,prob_candidate_buffer,type,public,31
simple_eul_prob_tab_utils,../scripts/../src/main/simple_eul_prob_tab_utils.f90,prob_candidate_store,type,public,42
simple_eulspace_neigh_map,../scripts/../src/utils/simple_eulspace_neigh_map.f90,eulspace_neigh_map,type,public,10
simple_eulspace_neigh_map,../scripts/../src/utils/simple_eulspace_neigh_map.f90,get_full2sub_map,function,private,111
simple_eulspace_neigh_map,../scripts/../src/utils/simple_eulspace_neigh_map.f90,get_neighbors_list,subroutine,private,89
simple_eulspace_neigh_map,../scripts/../src/utils/simple_eulspace_neigh_map.f90,get_neighbors_mask,subroutine,private,82
simple_eulspace_neigh_map,../scripts/../src/utils/simple_eulspace_neigh_map.f90,get_neighbors_mask_pooled,subroutine,private,100
simple_eulspace_neigh_map,../scripts/../src/utils/simple_eulspace_neigh_map.f90,kill,subroutine,private,127
simple_eulspace_neigh_map,../scripts/../src/utils/simple_eulspace_neigh_map.f90,new_from_labels,subroutine,private,30
simple_eulspace_neigh_map,../scripts/../src/utils/simple_eulspace_neigh_map.f90,new_from_spaces,subroutine,private,45
simple_exec_abinitio3D,../scripts/../src/main/exec/simple_exec_abinitio3D.f90,exec_abinitio3D_commander,subroutine,public,21
simple_exec_cavgproc,../scripts/../src/main/exec/simple_exec_cavgproc.f90,exec_cavgproc_commander,subroutine,public,22
simple_exec_cluster2D,../scripts/../src/main/exec/simple_exec_cluster2D.f90,exec_cluster2D_commander,subroutine,public,32
simple_exec_denoise,../scripts/../src/main/exec/simple_exec_denoise.f90,exec_denoise_commander,subroutine,public,27
simple_exec_dock,../scripts/../src/main/exec/simple_exec_dock.f90,exec_dock_commander,subroutine,public,16
simple_exec_filter,../scripts/../src/main/exec/simple_exec_filter.f90,exec_filter_commander,subroutine,public,20
simple_exec_helpers,../scripts/../src/utils/simple_exec_helpers.f90,async_exec,subroutine,public,154
simple_exec_helpers,../scripts/../src/utils/simple_exec_helpers.f90,copy_project_file_to_root_dir,subroutine,public,235
simple_exec_helpers,../scripts/../src/utils/simple_exec_helpers.f90,exec_screen,subroutine,public,60
simple_exec_helpers,../scripts/../src/utils/simple_exec_helpers.f90,gen_exec_cmd,function,public,170
simple_exec_helpers,../scripts/../src/utils/simple_exec_helpers.f90,restarted_exec,subroutine,public,18
simple_exec_helpers,../scripts/../src/utils/simple_exec_helpers.f90,script_exec,subroutine,public,185
simple_exec_helpers,../scripts/../src/utils/simple_exec_helpers.f90,set_master_num_threads,subroutine,public,250
simple_exec_helpers,../scripts/../src/utils/simple_exec_helpers.f90,update_job_descriptions_in_project,subroutine,public,214
simple_exec_image,../scripts/../src/main/exec/simple_exec_image.f90,exec_image_commander,subroutine,public,23
simple_exec_mask,../scripts/../src/main/exec/simple_exec_mask.f90,exec_mask_commander,subroutine,public,16
simple_exec_ori,../scripts/../src/main/exec/simple_exec_ori.f90,exec_ori_commander,subroutine,public,17
simple_exec_other,../scripts/../src/main/exec/simple_exec_other.f90,exec_other_commander,subroutine,public,20
simple_exec_preproc,../scripts/../src/main/exec/simple_exec_preproc.f90,exec_preproc_commander,subroutine,public,24
simple_exec_print,../scripts/../src/main/exec/simple_exec_print.f90,exec_print_commander,subroutine,public,16
simple_exec_project,../scripts/../src/main/exec/simple_exec_project.f90,exec_project_commander,subroutine,public,47
simple_exec_refine3D,../scripts/../src/main/exec/simple_exec_refine3D.f90,exec_refine3D_commander,subroutine,public,27
simple_exec_res,../scripts/../src/main/exec/simple_exec_res.f90,exec_res_commander,subroutine,public,15
simple_exec_sieve,../scripts/../src/main/exec/simple_exec_sieve.f90,exec_sieve_commander,subroutine,public,14
simple_exec_sim,../scripts/../src/main/exec/simple_exec_sim.f90,exec_sim_commander,subroutine,public,19
simple_exec_sym,../scripts/../src/main/exec/simple_exec_sym.f90,exec_sym_commander,subroutine,public,16
simple_exec_validate,../scripts/../src/main/exec/simple_exec_validate.f90,exec_validate_commander,subroutine,public,17
simple_exec_volume,../scripts/../src/main/exec/simple_exec_volume.f90,exec_volume_commander,subroutine,public,17
simple_extract_strategy,../scripts/../src/main/strategies/parallelization/simple_extract_strategy.f90,apply_defaults_interface,subroutine,private,62
simple_extract_strategy,../scripts/../src/main/strategies/parallelization/simple_extract_strategy.f90,cleanup_interface,subroutine,private,89
simple_extract_strategy,../scripts/../src/main/strategies/parallelization/simple_extract_strategy.f90,create_extract_strategy,function,public,108
simple_extract_strategy,../scripts/../src/main/strategies/parallelization/simple_extract_strategy.f90,distr_apply_defaults,subroutine,private,544
simple_extract_strategy,../scripts/../src/main/strategies/parallelization/simple_extract_strategy.f90,distr_cleanup,subroutine,private,742
simple_extract_strategy,../scripts/../src/main/strategies/parallelization/simple_extract_strategy.f90,distr_end_message,function,private,753
simple_extract_strategy,../scripts/../src/main/strategies/parallelization/simple_extract_strategy.f90,distr_execute,subroutine,private,630
simple_extract_strategy,../scripts/../src/main/strategies/parallelization/simple_extract_strategy.f90,distr_finalize_run,subroutine,private,735
simple_extract_strategy,../scripts/../src/main/strategies/parallelization/simple_extract_strategy.f90,distr_initialize,subroutine,private,551
simple_extract_strategy,../scripts/../src/main/strategies/parallelization/simple_extract_strategy.f90,endmsg_interface,function,private,96
simple_extract_strategy,../scripts/../src/main/strategies/parallelization/simple_extract_strategy.f90,exec_interface,subroutine,private,75
simple_extract_strategy,../scripts/../src/main/strategies/parallelization/simple_extract_strategy.f90,extract_distr_strategy,type,public,46
simple_extract_strategy,../scripts/../src/main/strategies/parallelization/simple_extract_strategy.f90,extract_inmem_strategy,type,public,35
simple_extract_strategy,../scripts/../src/main/strategies/parallelization/simple_extract_strategy.f90,extract_strategy,type,public,24
simple_extract_strategy,../scripts/../src/main/strategies/parallelization/simple_extract_strategy.f90,finalize_interface,subroutine,private,82
simple_extract_strategy,../scripts/../src/main/strategies/parallelization/simple_extract_strategy.f90,init_interface,subroutine,private,68
simple_extract_strategy,../scripts/../src/main/strategies/parallelization/simple_extract_strategy.f90,inmem_apply_defaults,subroutine,private,166
simple_extract_strategy,../scripts/../src/main/strategies/parallelization/simple_extract_strategy.f90,inmem_cleanup,subroutine,private,528
simple_extract_strategy,../scripts/../src/main/strategies/parallelization/simple_extract_strategy.f90,inmem_end_message,function,private,535
simple_extract_strategy,../scripts/../src/main/strategies/parallelization/simple_extract_strategy.f90,inmem_execute,subroutine,private,181
simple_extract_strategy,../scripts/../src/main/strategies/parallelization/simple_extract_strategy.f90,inmem_finalize_run,subroutine,private,521
simple_extract_strategy,../scripts/../src/main/strategies/parallelization/simple_extract_strategy.f90,inmem_initialize,subroutine,private,174
simple_extract_strategy,../scripts/../src/main/strategies/parallelization/simple_extract_strategy.f90,killimgbatch,subroutine,private,500
simple_extract_strategy,../scripts/../src/main/strategies/parallelization/simple_extract_strategy.f90,prepimgbatch,subroutine,private,479
simple_extract_strategy,../scripts/../src/main/strategies/parallelization/simple_extract_strategy.f90,set_extract_defaults,subroutine,private,128
simple_fftw3,../scripts/../src/defs/simple_fftw3.f90,fftw_cleanup,subroutine,public,518
simple_fftw3,../scripts/../src/defs/simple_fftw3.f90,fftw_cleanup_threads,subroutine,public,536
simple_fftw3,../scripts/../src/defs/simple_fftw3.f90,fftw_destroy_plan,subroutine,public,509
simple_fftw3,../scripts/../src/defs/simple_fftw3.f90,fftw_execute_dft,subroutine,public,163
simple_fftw3,../scripts/../src/defs/simple_fftw3.f90,fftw_execute_dft_c2r,subroutine,public,392
simple_fftw3,../scripts/../src/defs/simple_fftw3.f90,fftw_execute_dft_r2c,subroutine,public,385
simple_fftw3,../scripts/../src/defs/simple_fftw3.f90,fftw_execute_r2r,subroutine,public,502
simple_fftw3,../scripts/../src/defs/simple_fftw3.f90,fftw_execute_split_dft,subroutine,public,170
simple_fftw3,../scripts/../src/defs/simple_fftw3.f90,fftw_execute_split_dft_c2r,subroutine,public,407
simple_fftw3,../scripts/../src/defs/simple_fftw3.f90,fftw_execute_split_dft_r2c,subroutine,public,399
simple_fftw3,../scripts/../src/defs/simple_fftw3.f90,fftw_export_wisdom,subroutine,public,554
simple_fftw3,../scripts/../src/defs/simple_fftw3.f90,fftw_export_wisdom_to_file,subroutine,public,545
simple_fftw3,../scripts/../src/defs/simple_fftw3.f90,fftw_flops,subroutine,public,621
simple_fftw3,../scripts/../src/defs/simple_fftw3.f90,fftw_forget_wisdom,subroutine,public,514
simple_fftw3,../scripts/../src/defs/simple_fftw3.f90,fftw_fprint_plan,subroutine,public,585
simple_fftw3,../scripts/../src/defs/simple_fftw3.f90,fftw_free,subroutine,public,616
simple_fftw3,../scripts/../src/defs/simple_fftw3.f90,fftw_free_str,subroutine,public,1252
simple_fftw3,../scripts/../src/defs/simple_fftw3.f90,fftw_iodim,type,public,43
simple_fftw3,../scripts/../src/defs/simple_fftw3.f90,fftw_iodim64,type,public,46
simple_fftw3,../scripts/../src/defs/simple_fftw3.f90,fftw_plan_with_nthreads,subroutine,public,527
simple_fftw3,../scripts/../src/defs/simple_fftw3.f90,fftw_print_plan,subroutine,public,591
simple_fftw3,../scripts/../src/defs/simple_fftw3.f90,fftw_set_timelimit,subroutine,public,522
simple_fftw3,../scripts/../src/defs/simple_fftw3.f90,fftwf_cleanup,subroutine,public,1121
simple_fftw3,../scripts/../src/defs/simple_fftw3.f90,fftwf_cleanup_threads,subroutine,public,1139
simple_fftw3,../scripts/../src/defs/simple_fftw3.f90,fftwf_destroy_plan,subroutine,public,1112
simple_fftw3,../scripts/../src/defs/simple_fftw3.f90,fftwf_execute_dft,subroutine,public,766
simple_fftw3,../scripts/../src/defs/simple_fftw3.f90,fftwf_execute_dft_c2r,subroutine,public,995
simple_fftw3,../scripts/../src/defs/simple_fftw3.f90,fftwf_execute_dft_r2c,subroutine,public,988
simple_fftw3,../scripts/../src/defs/simple_fftw3.f90,fftwf_execute_r2r,subroutine,public,1105
simple_fftw3,../scripts/../src/defs/simple_fftw3.f90,fftwf_execute_split_dft,subroutine,public,773
simple_fftw3,../scripts/../src/defs/simple_fftw3.f90,fftwf_execute_split_dft_c2r,subroutine,public,1010
simple_fftw3,../scripts/../src/defs/simple_fftw3.f90,fftwf_execute_split_dft_r2c,subroutine,public,1002
simple_fftw3,../scripts/../src/defs/simple_fftw3.f90,fftwf_export_wisdom,subroutine,public,1157
simple_fftw3,../scripts/../src/defs/simple_fftw3.f90,fftwf_export_wisdom_to_file,subroutine,public,1148
simple_fftw3,../scripts/../src/defs/simple_fftw3.f90,fftwf_flops,subroutine,public,1224
simple_fftw3,../scripts/../src/defs/simple_fftw3.f90,fftwf_forget_wisdom,subroutine,public,1117
simple_fftw3,../scripts/../src/defs/simple_fftw3.f90,fftwf_fprint_plan,subroutine,public,1188
simple_fftw3,../scripts/../src/defs/simple_fftw3.f90,fftwf_free,subroutine,public,1219
simple_fftw3,../scripts/../src/defs/simple_fftw3.f90,fftwf_iodim,type,public,646
simple_fftw3,../scripts/../src/defs/simple_fftw3.f90,fftwf_iodim64,type,public,649
simple_fftw3,../scripts/../src/defs/simple_fftw3.f90,fftwf_plan_with_nthreads,subroutine,public,1130
simple_fftw3,../scripts/../src/defs/simple_fftw3.f90,fftwf_print_plan,subroutine,public,1194
simple_fftw3,../scripts/../src/defs/simple_fftw3.f90,fftwf_set_timelimit,subroutine,public,1125
simple_fileio_tester,../scripts/../src/fileio/simple_fileio_tester.f90,run_all_fileio_tests,subroutine,public,15
simple_fileio_tester,../scripts/../src/fileio/simple_fileio_tester.f90,test_add2fbody_rm_swap_getfbody,subroutine,private,60
simple_fileio_tester,../scripts/../src/fileio/simple_fileio_tester.f90,test_arr2file_sp_dp_roundtrip,subroutine,private,232
simple_fileio_tester,../scripts/../src/fileio/simple_fileio_tester.f90,test_arr2txtfile_roundtrip,subroutine,private,261
simple_fileio_tester,../scripts/../src/fileio/simple_fileio_tester.f90,test_filepath_overloads,subroutine,private,104
simple_fileio_tester,../scripts/../src/fileio/simple_fileio_tester.f90,test_fname2ext_and_basename,subroutine,private,44
simple_fileio_tester,../scripts/../src/fileio/simple_fileio_tester.f90,test_fname2format,subroutine,private,139
simple_fileio_tester,../scripts/../src/fileio/simple_fileio_tester.f90,test_fname2iter,subroutine,private,126
simple_fileio_tester,../scripts/../src/fileio/simple_fileio_tester.f90,test_fopen_and_fclose_basic,subroutine,private,196
simple_fileio_tester,../scripts/../src/fileio/simple_fileio_tester.f90,test_get_fpath_and_stemname,subroutine,private,158
simple_fileio_tester,../scripts/../src/fileio/simple_fileio_tester.f90,test_get_relative_path,subroutine,private,174
simple_fileio_tester,../scripts/../src/fileio/simple_fileio_tester.f90,test_make_dir_and_file_names,subroutine,private,82
simple_fileio_tester,../scripts/../src/fileio/simple_fileio_tester.f90,test_nlines_and_filelength,subroutine,private,211
simple_fileio_tester,../scripts/../src/fileio/simple_fileio_tester.f90,test_read_write_filetable,subroutine,private,341
simple_fileio_tester,../scripts/../src/fileio/simple_fileio_tester.f90,test_rmat_lmat_roundtrip,subroutine,private,304
simple_fileio_tester,../scripts/../src/fileio/simple_fileio_tester.f90,test_simple_copy_file,subroutine,private,409
simple_fileio_tester,../scripts/../src/fileio/simple_fileio_tester.f90,test_simple_list_files_and_regexp,subroutine,private,493
simple_fileio_tester,../scripts/../src/fileio/simple_fileio_tester.f90,test_simple_mkdir_dir_exists_chdir_getcwd_rmdir,subroutine,private,435
simple_fileio_tester,../scripts/../src/fileio/simple_fileio_tester.f90,test_simple_touch_rename_abspath,subroutine,private,468
simple_fileio_tester,../scripts/../src/fileio/simple_fileio_tester.f90,test_write_singlelineoftext_and_read_exit_code,subroutine,private,378
simple_finch,../scripts/../src/utils/clustering/simple_finch.f90,append_level,subroutine,private,690
simple_finch,../scripts/../src/utils/clustering/simple_finch.f90,finch_get_coarsest_labels,subroutine,private,742
simple_finch,../scripts/../src/utils/clustering/simple_finch.f90,finch_get_finest_labels,subroutine,private,736
simple_finch,../scripts/../src/utils/clustering/simple_finch.f90,finch_get_labels,subroutine,private,719
simple_finch,../scripts/../src/utils/clustering/simple_finch.f90,finch_hierarchy,type,public,29
simple_finch,../scripts/../src/utils/clustering/simple_finch.f90,finch_partition_from_first_neighbors,subroutine,public,120
simple_finch,../scripts/../src/utils/clustering/simple_finch.f90,finch_representatives,subroutine,public,158
simple_finch,../scripts/../src/utils/clustering/simple_finch.f90,fit_finch,subroutine,public,50
simple_finch,../scripts/../src/utils/clustering/simple_finch.f90,grow_ward_heap,subroutine,private,571
simple_finch,../scripts/../src/utils/clustering/simple_finch.f90,initialize_refinement_nodes,subroutine,private,435
simple_finch,../scripts/../src/utils/clustering/simple_finch.f90,kill_finch_hierarchy,subroutine,private,770
simple_finch,../scripts/../src/utils/clustering/simple_finch.f90,kill_ward_heap,subroutine,private,598
simple_finch,../scripts/../src/utils/clustering/simple_finch.f90,refine_finch_level,subroutine,public,274
simple_finch,../scripts/../src/utils/clustering/simple_finch.f90,reserve_ward_heap,subroutine,private,564
simple_finch,../scripts/../src/utils/clustering/simple_finch.f90,select_finch_level,subroutine,public,192
simple_finch,../scripts/../src/utils/clustering/simple_finch.f90,swap_ward_edges,subroutine,private,588
simple_finch,../scripts/../src/utils/clustering/simple_finch.f90,trim_hierarchy,subroutine,private,707
simple_finch,../scripts/../src/utils/clustering/simple_finch.f90,union_components,subroutine,private,673
simple_finch,../scripts/../src/utils/clustering/simple_finch.f90,ward_edge_heap,type,private,18
simple_finch,../scripts/../src/utils/clustering/simple_finch.f90,ward_heap_pop,subroutine,private,528
simple_finch,../scripts/../src/utils/clustering/simple_finch.f90,ward_heap_push,subroutine,private,505
simple_finch,../scripts/../src/utils/clustering/simple_finch.f90,weighted_cluster_centroids,subroutine,private,606
simple_flex_pca_columns,../scripts/../src/main/flex/simple_flex_pca_columns.f90,accumulate_covariance_columns,subroutine,private,1424
simple_flex_pca_columns,../scripts/../src/main/flex/simple_flex_pca_columns.f90,align_basis_to_reference,subroutine,public,3033
simple_flex_pca_columns,../scripts/../src/main/flex/simple_flex_pca_columns.f90,apply_cached_mean_scale,subroutine,private,1259
simple_flex_pca_columns,../scripts/../src/main/flex/simple_flex_pca_columns.f90,apply_packed_A,subroutine,public,2200
simple_flex_pca_columns,../scripts/../src/main/flex/simple_flex_pca_columns.f90,backproject_columns,subroutine,private,1654
simple_flex_pca_columns,../scripts/../src/main/flex/simple_flex_pca_columns.f90,build_column_lookup,subroutine,private,1050
simple_flex_pca_columns,../scripts/../src/main/flex/simple_flex_pca_columns.f90,build_covariance_eigenbasis,subroutine,public,423
simple_flex_pca_columns,../scripts/../src/main/flex/simple_flex_pca_columns.f90,build_sample_cache,subroutine,private,1534
simple_flex_pca_columns,../scripts/../src/main/flex/simple_flex_pca_columns.f90,cg_solve_packed,subroutine,public,2239
simple_flex_pca_columns,../scripts/../src/main/flex/simple_flex_pca_columns.f90,cleanup_plane,subroutine,private,4133
simple_flex_pca_columns,../scripts/../src/main/flex/simple_flex_pca_columns.f90,cleanup_utilde_stack,subroutine,private,671
simple_flex_pca_columns,../scripts/../src/main/flex/simple_flex_pca_columns.f90,column_generalization_curve,subroutine,private,1907
simple_flex_pca_columns,../scripts/../src/main/flex/simple_flex_pca_columns.f90,columns_to_real_representatives,subroutine,private,1984
simple_flex_pca_columns,../scripts/../src/main/flex/simple_flex_pca_columns.f90,cov_env_int,subroutine,private,322
simple_flex_pca_columns,../scripts/../src/main/flex/simple_flex_pca_columns.f90,cov_env_int_pub,subroutine,public,316
simple_flex_pca_columns,../scripts/../src/main/flex/simple_flex_pca_columns.f90,cov_herm_inner,function,private,3966
simple_flex_pca_columns,../scripts/../src/main/flex/simple_flex_pca_columns.f90,cov_herm_sample_list,subroutine,private,3934
simple_flex_pca_columns,../scripts/../src/main/flex/simple_flex_pca_columns.f90,cov_herm_selfpower,subroutine,private,4021
simple_flex_pca_columns,../scripts/../src/main/flex/simple_flex_pca_columns.f90,cov_image_mask_radius,function,private,1171
simple_flex_pca_columns,../scripts/../src/main/flex/simple_flex_pca_columns.f90,cov_init_right_kernel_width,subroutine,private,373
simple_flex_pca_columns,../scripts/../src/main/flex/simple_flex_pca_columns.f90,cov_kb_weights,subroutine,private,1728
simple_flex_pca_columns,../scripts/../src/main/flex/simple_flex_pca_columns.f90,cov_stage_subsample,subroutine,private,224
simple_flex_pca_columns,../scripts/../src/main/flex/simple_flex_pca_columns.f90,covariance_kfromto,function,private,1037
simple_flex_pca_columns,../scripts/../src/main/flex/simple_flex_pca_columns.f90,embed_latents_with_contrast,subroutine,public,3070
simple_flex_pca_columns,../scripts/../src/main/flex/simple_flex_pca_columns.f90,estimate_covariance_mean,subroutine,public,1182
simple_flex_pca_columns,../scripts/../src/main/flex/simple_flex_pca_columns.f90,estimate_mean_from_data,subroutine,private,1201
simple_flex_pca_columns,../scripts/../src/main/flex/simple_flex_pca_columns.f90,estimate_mean_scale,subroutine,private,1277
simple_flex_pca_columns,../scripts/../src/main/flex/simple_flex_pca_columns.f90,estimate_snr_volume,subroutine,private,855
simple_flex_pca_columns,../scripts/../src/main/flex/simple_flex_pca_columns.f90,form_adjoint_residual_plane,subroutine,private,1514
simple_flex_pca_columns,../scripts/../src/main/flex/simple_flex_pca_columns.f90,form_eigenbasis_from_reduced,subroutine,private,2906
simple_flex_pca_columns,../scripts/../src/main/flex/simple_flex_pca_columns.f90,form_reconstruction_plane,subroutine,private,1408
simple_flex_pca_columns,../scripts/../src/main/flex/simple_flex_pca_columns.f90,form_residual_plane,subroutine,private,4098
simple_flex_pca_columns,../scripts/../src/main/flex/simple_flex_pca_columns.f90,gather_column_values,subroutine,private,1600
simple_flex_pca_columns,../scripts/../src/main/flex/simple_flex_pca_columns.f90,heteropca_impute,subroutine,private,111
simple_flex_pca_columns,../scripts/../src/main/flex/simple_flex_pca_columns.f90,init_column_reconstructor,subroutine,private,1160
simple_flex_pca_columns,../scripts/../src/main/flex/simple_flex_pca_columns.f90,init_mean_reconstructor,subroutine,private,1392
simple_flex_pca_columns,../scripts/../src/main/flex/simple_flex_pca_columns.f90,load_probe_basis,subroutine,private,755
simple_flex_pca_columns,../scripts/../src/main/flex/simple_flex_pca_columns.f90,load_probe_state,subroutine,private,732
simple_flex_pca_columns,../scripts/../src/main/flex/simple_flex_pca_columns.f90,load_utilde_stack,subroutine,private,683
simple_flex_pca_columns,../scripts/../src/main/flex/simple_flex_pca_columns.f90,map_sampling_precision,subroutine,private,396
simple_flex_pca_columns,../scripts/../src/main/flex/simple_flex_pca_columns.f90,orthonormalize_representatives,subroutine,private,2063
simple_flex_pca_columns,../scripts/../src/main/flex/simple_flex_pca_columns.f90,pick_next_lowfreq,subroutine,private,1012
simple_flex_pca_columns,../scripts/../src/main/flex/simple_flex_pca_columns.f90,plane_hf_power,subroutine,private,4051
simple_flex_pca_columns,../scripts/../src/main/flex/simple_flex_pca_columns.f90,plane_shell_cross_accum,subroutine,private,1372
simple_flex_pca_columns,../scripts/../src/main/flex/simple_flex_pca_columns.f90,plane_shell_power_accum,subroutine,private,4076
simple_flex_pca_columns,../scripts/../src/main/flex/simple_flex_pca_columns.f90,probe_external_basis,subroutine,public,1067
simple_flex_pca_columns,../scripts/../src/main/flex/simple_flex_pca_columns.f90,probe_subspace_iteration,subroutine,public,3427
simple_flex_pca_columns,../scripts/../src/main/flex/simple_flex_pca_columns.f90,quad_form,function,private,3812
simple_flex_pca_columns,../scripts/../src/main/flex/simple_flex_pca_columns.f90,realize_hermitian_volume,subroutine,private,2036
simple_flex_pca_columns,../scripts/../src/main/flex/simple_flex_pca_columns.f90,rearrange_packed_selfsum,subroutine,private,2321
simple_flex_pca_columns,../scripts/../src/main/flex/simple_flex_pca_columns.f90,reduced_covariance_solve,subroutine,private,2413
simple_flex_pca_columns,../scripts/../src/main/flex/simple_flex_pca_columns.f90,regularize_and_merge_columns,subroutine,private,1753
simple_flex_pca_columns,../scripts/../src/main/flex/simple_flex_pca_columns.f90,save_probe_state,subroutine,public,718
simple_flex_pca_columns,../scripts/../src/main/flex/simple_flex_pca_columns.f90,select_covariance_columns_lowfreq,subroutine,private,970
simple_flex_pca_columns,../scripts/../src/main/flex/simple_flex_pca_columns.f90,select_covariance_columns_snr,subroutine,private,780
simple_flex_pca_columns,../scripts/../src/main/flex/simple_flex_pca_columns.f90,spd_inv_dp,subroutine,private,3877
simple_flex_pca_columns,../scripts/../src/main/flex/simple_flex_pca_columns.f90,spd_solve_dp,subroutine,private,3829
simple_flex_pca_columns,../scripts/../src/main/flex/simple_flex_pca_columns.f90,test_flex_pca_packed_solve,subroutine,public,4184
simple_flex_pca_columns,../scripts/../src/main/flex/simple_flex_pca_columns.f90,test_flex_pca_svec_isometry,subroutine,public,4144
simple_flex_pca_columns,../scripts/../src/main/flex/simple_flex_pca_columns.f90,unrearrange_kron_selfsum,subroutine,private,2390
simple_flex_pca_columns,../scripts/../src/main/flex/simple_flex_pca_columns.f90,write_column_diagnostics,subroutine,private,4113
simple_flex_pca_columns,../scripts/../src/main/flex/simple_flex_pca_columns.f90,write_utilde_stack,subroutine,private,654
simple_flex_pca_columns,../scripts/../src/main/flex/simple_flex_pca_columns.f90,write_zhalf_replicates,subroutine,private,293
simple_flex_pca_distr,../scripts/../src/main/flex/simple_flex_pca_distr.f90,flex_pca_distr_init,subroutine,public,42
simple_flex_pca_distr,../scripts/../src/main/flex/simple_flex_pca_distr.f90,flex_pca_distr_kill,subroutine,public,113
simple_flex_pca_distr,../scripts/../src/main/flex/simple_flex_pca_distr.f90,flex_pca_run_stage,subroutine,public,93
simple_flex_pca_merge,../scripts/../src/main/flex/simple_flex_pca_merge.f90,merge_env_dp,subroutine,private,70
simple_flex_pca_merge,../scripts/../src/main/flex/simple_flex_pca_merge.f90,pair_map_ratio,subroutine,private,163
simple_flex_pca_merge,../scripts/../src/main/flex/simple_flex_pca_merge.f90,sort_dp,subroutine,private,377
simple_flex_pca_merge,../scripts/../src/main/flex/simple_flex_pca_merge.f90,two_gate_state_merge,subroutine,public,204
simple_flex_pca_merge,../scripts/../src/main/flex/simple_flex_pca_merge.f90,uf_union,subroutine,private,418
simple_flex_pca_merge,../scripts/../src/main/flex/simple_flex_pca_merge.f90,view_coverage_chi2,subroutine,private,89
simple_flex_pca_model,../scripts/../src/main/flex/simple_flex_pca_model.f90,apply_consensus_nu_filter,subroutine,private,1369
simple_flex_pca_model,../scripts/../src/main/flex/simple_flex_pca_model.f90,build_covariance_state_weights,subroutine,private,600
simple_flex_pca_model,../scripts/../src/main/flex/simple_flex_pca_model.f90,component_reliability_proxy,subroutine,private,1639
simple_flex_pca_model,../scripts/../src/main/flex/simple_flex_pca_model.f90,cov_env_dp,subroutine,private,1340
simple_flex_pca_model,../scripts/../src/main/flex/simple_flex_pca_model.f90,cv_select_bandwidths,subroutine,private,1238
simple_flex_pca_model,../scripts/../src/main/flex/simple_flex_pca_model.f90,diffusion_kcenter_targets,subroutine,private,1673
simple_flex_pca_model,../scripts/../src/main/flex/simple_flex_pca_model.f90,finch_state_targets,subroutine,private,1568
simple_flex_pca_model,../scripts/../src/main/flex/simple_flex_pca_model.f90,gmm_state_weights,subroutine,private,921
simple_flex_pca_model,../scripts/../src/main/flex/simple_flex_pca_model.f90,heldout_embedding,subroutine,private,2207
simple_flex_pca_model,../scripts/../src/main/flex/simple_flex_pca_model.f90,invert_lower,subroutine,private,1545
simple_flex_pca_model,../scripts/../src/main/flex/simple_flex_pca_model.f90,kernel_weights_at_bandwidth,subroutine,private,1203
simple_flex_pca_model,../scripts/../src/main/flex/simple_flex_pca_model.f90,kmeans_latent_targets,subroutine,private,2120
simple_flex_pca_model,../scripts/../src/main/flex/simple_flex_pca_model.f90,load_and_validate_sigma,subroutine,private,468
simple_flex_pca_model,../scripts/../src/main/flex/simple_flex_pca_model.f90,mask_state_weights_by_half,subroutine,private,2384
simple_flex_pca_model,../scripts/../src/main/flex/simple_flex_pca_model.f90,orth_block,subroutine,private,1862
simple_flex_pca_model,../scripts/../src/main/flex/simple_flex_pca_model.f90,path_latent_targets,subroutine,private,2031
simple_flex_pca_model,../scripts/../src/main/flex/simple_flex_pca_model.f90,read_embedding_cache,subroutine,private,543
simple_flex_pca_model,../scripts/../src/main/flex/simple_flex_pca_model.f90,read_external_targets,subroutine,private,2342
simple_flex_pca_model,../scripts/../src/main/flex/simple_flex_pca_model.f90,reliability_path_targets,subroutine,private,1900
simple_flex_pca_model,../scripts/../src/main/flex/simple_flex_pca_model.f90,report_state_memory,subroutine,private,441
simple_flex_pca_model,../scripts/../src/main/flex/simple_flex_pca_model.f90,rotate_basis_by_smoothness,subroutine,private,1437
simple_flex_pca_model,../scripts/../src/main/flex/simple_flex_pca_model.f90,run_external_basis_probe,subroutine,private,2311
simple_flex_pca_model,../scripts/../src/main/flex/simple_flex_pca_model.f90,run_flex_pca,subroutine,public,43
simple_flex_pca_model,../scripts/../src/main/flex/simple_flex_pca_model.f90,sort_block_desc,subroutine,private,1877
simple_flex_pca_model,../scripts/../src/main/flex/simple_flex_pca_model.f90,test_flex_pca_embedding_cache_io,subroutine,public,2534
simple_flex_pca_model,../scripts/../src/main/flex/simple_flex_pca_model.f90,test_flex_pca_kernel_bandwidth,subroutine,public,2574
simple_flex_pca_model,../scripts/../src/main/flex/simple_flex_pca_model.f90,test_flex_pca_state_weights,subroutine,public,2600
simple_flex_pca_model,../scripts/../src/main/flex/simple_flex_pca_model.f90,validate_covariance_inputs,subroutine,private,390
simple_flex_pca_model,../scripts/../src/main/flex/simple_flex_pca_model.f90,write_covariance_eigenvolumes,subroutine,private,582
simple_flex_pca_model,../scripts/../src/main/flex/simple_flex_pca_model.f90,write_covariance_manifest,subroutine,private,2497
simple_flex_pca_model,../scripts/../src/main/flex/simple_flex_pca_model.f90,write_covariance_tables,subroutine,private,2394
simple_flex_pca_model,../scripts/../src/main/flex/simple_flex_pca_model.f90,write_discrete_state_project,subroutine,private,2452
simple_flex_pca_model,../scripts/../src/main/flex/simple_flex_pca_model.f90,write_embedding_cache,subroutine,private,517
simple_flex_pca_parts,../scripts/../src/main/flex/simple_flex_pca_parts.f90,check_sigma_state,subroutine,public,159
simple_flex_pca_parts,../scripts/../src/main/flex/simple_flex_pca_parts.f90,cleanup_flex_pca_parts,subroutine,public,863
simple_flex_pca_parts,../scripts/../src/main/flex/simple_flex_pca_parts.f90,flex_pca_part_fname,function,public,43
simple_flex_pca_parts,../scripts/../src/main/flex/simple_flex_pca_parts.f90,read_columns_hkl,subroutine,public,119
simple_flex_pca_parts,../scripts/../src/main/flex/simple_flex_pca_parts.f90,read_embed_stats_part,subroutine,public,559
simple_flex_pca_parts,../scripts/../src/main/flex/simple_flex_pca_parts.f90,read_mean_scale,subroutine,public,75
simple_flex_pca_parts,../scripts/../src/main/flex/simple_flex_pca_parts.f90,read_state_weights_round,subroutine,public,206
simple_flex_pca_parts,../scripts/../src/main/flex/simple_flex_pca_parts.f90,reduce_cols_parts,subroutine,public,747
simple_flex_pca_parts,../scripts/../src/main/flex/simple_flex_pca_parts.f90,reduce_embed_parts,subroutine,public,600
simple_flex_pca_parts,../scripts/../src/main/flex/simple_flex_pca_parts.f90,reduce_embed_zhalf_parts,subroutine,public,507
simple_flex_pca_parts,../scripts/../src/main/flex/simple_flex_pca_parts.f90,reduce_probe_parts,subroutine,public,348
simple_flex_pca_parts,../scripts/../src/main/flex/simple_flex_pca_parts.f90,reduce_snr_parts,subroutine,public,684
simple_flex_pca_parts,../scripts/../src/main/flex/simple_flex_pca_parts.f90,reduce_solve_parts,subroutine,public,816
simple_flex_pca_parts,../scripts/../src/main/flex/simple_flex_pca_parts.f90,reduce_states_parts,subroutine,public,270
simple_flex_pca_parts,../scripts/../src/main/flex/simple_flex_pca_parts.f90,write_cols_part,subroutine,public,724
simple_flex_pca_parts,../scripts/../src/main/flex/simple_flex_pca_parts.f90,write_columns_hkl,subroutine,public,102
simple_flex_pca_parts,../scripts/../src/main/flex/simple_flex_pca_parts.f90,write_embed_part,subroutine,public,415
simple_flex_pca_parts,../scripts/../src/main/flex/simple_flex_pca_parts.f90,write_embed_stats_part,subroutine,public,472
simple_flex_pca_parts,../scripts/../src/main/flex/simple_flex_pca_parts.f90,write_mean_scale,subroutine,public,57
simple_flex_pca_parts,../scripts/../src/main/flex/simple_flex_pca_parts.f90,write_probe_part,subroutine,public,319
simple_flex_pca_parts,../scripts/../src/main/flex/simple_flex_pca_parts.f90,write_sigma_state,subroutine,public,150
simple_flex_pca_parts,../scripts/../src/main/flex/simple_flex_pca_parts.f90,write_snr_part,subroutine,public,662
simple_flex_pca_parts,../scripts/../src/main/flex/simple_flex_pca_parts.f90,write_solve_part,subroutine,public,794
simple_flex_pca_parts,../scripts/../src/main/flex/simple_flex_pca_parts.f90,write_state_weights_round,subroutine,public,180
simple_flex_pca_parts,../scripts/../src/main/flex/simple_flex_pca_parts.f90,write_states_part,subroutine,public,247
simple_flex_pca_rec3D,../scripts/../src/main/flex/simple_flex_pca_rec3D.f90,flex_state_part_fbody,function,private,302
simple_flex_pca_rec3D,../scripts/../src/main/flex/simple_flex_pca_rec3D.f90,init_state_reconstructor,subroutine,private,412
simple_flex_pca_rec3D,../scripts/../src/main/flex/simple_flex_pca_rec3D.f90,prepare_project_fsc_lowpass_filters,subroutine,private,311
simple_flex_pca_rec3D,../scripts/../src/main/flex/simple_flex_pca_rec3D.f90,reconstruct_flex_weighted_states,subroutine,public,33
simple_flex_pca_rec3D,../scripts/../src/main/flex/simple_flex_pca_rec3D.f90,write_state,subroutine,private,424
simple_flex_projected_latent_model,../scripts/../src/main/flex/simple_flex_projected_latent_model.f90,cap_fplane_for_projected_model,subroutine,private,637
simple_flex_projected_latent_model,../scripts/../src/main/flex/simple_flex_projected_latent_model.f90,cleanup_plane,subroutine,private,658
simple_flex_projected_latent_model,../scripts/../src/main/flex/simple_flex_projected_latent_model.f90,compute_canonical_transform,subroutine,private,338
simple_flex_projected_latent_model,../scripts/../src/main/flex/simple_flex_projected_latent_model.f90,init_projected_latent_estep_part,subroutine,private,305
simple_flex_projected_latent_model,../scripts/../src/main/flex/simple_flex_projected_latent_model.f90,init_projected_latent_mstep_stats,subroutine,private,57
simple_flex_projected_latent_model,../scripts/../src/main/flex/simple_flex_projected_latent_model.f90,kill_projected_latent_estep_part,subroutine,private,324
simple_flex_projected_latent_model,../scripts/../src/main/flex/simple_flex_projected_latent_model.f90,kill_projected_latent_mstep_stats,subroutine,private,75
simple_flex_projected_latent_model,../scripts/../src/main/flex/simple_flex_projected_latent_model.f90,prep_imgs4projected_model,subroutine,public,590
simple_flex_projected_latent_model,../scripts/../src/main/flex/simple_flex_projected_latent_model.f90,projected_latent_estep_part,type,private,44
simple_flex_projected_latent_model,../scripts/../src/main/flex/simple_flex_projected_latent_model.f90,projected_latent_mstep_stats,type,private,33
simple_flex_projected_latent_model,../scripts/../src/main/flex/simple_flex_projected_latent_model.f90,projected_model_kfromto,function,private,645
simple_flex_projected_latent_model,../scripts/../src/main/flex/simple_flex_projected_latent_model.f90,read_projected_latent_estep_part,subroutine,private,272
simple_flex_projected_latent_model,../scripts/../src/main/flex/simple_flex_projected_latent_model.f90,reduce_projected_latent_mstep_stats_file,subroutine,private,128
simple_flex_projected_latent_model,../scripts/../src/main/flex/simple_flex_projected_latent_model.f90,solve_coupled_basis_exp,subroutine,public,446
simple_flex_projected_latent_model,../scripts/../src/main/flex/simple_flex_projected_latent_model.f90,solve_real_spd_complex,subroutine,private,526
simple_flex_projected_latent_model,../scripts/../src/main/flex/simple_flex_projected_latent_model.f90,test_projected_latent_canonicalization,subroutine,public,382
simple_flex_projected_latent_model,../scripts/../src/main/flex/simple_flex_projected_latent_model.f90,test_projected_latent_mstep_stats_io,subroutine,public,198
simple_flex_projected_latent_model,../scripts/../src/main/flex/simple_flex_projected_latent_model.f90,write_projected_latent_estep_part,subroutine,private,249
simple_flex_projected_latent_model,../scripts/../src/main/flex/simple_flex_projected_latent_model.f90,write_projected_latent_mstep_stats,subroutine,private,101
simple_flex_reconstructor_latent_ops,../scripts/../src/main/flex/simple_flex_reconstructor_latent_ops.f90,accumulate_plane_oversamp_coupled_stats,subroutine,public,853
simple_flex_reconstructor_latent_ops,../scripts/../src/main/flex/simple_flex_reconstructor_latent_ops.f90,accumulate_planes_oversamp_coupled_stats_batch,subroutine,public,1035
simple_flex_reconstructor_latent_ops,../scripts/../src/main/flex/simple_flex_reconstructor_latent_ops.f90,cleanup_test_plane,subroutine,private,845
simple_flex_reconstructor_latent_ops,../scripts/../src/main/flex/simple_flex_reconstructor_latent_ops.f90,ensure_latent_projection_plane,subroutine,private,1349
simple_flex_reconstructor_latent_ops,../scripts/../src/main/flex/simple_flex_reconstructor_latent_ops.f90,insert_plane_oversamp_coupled_scaled,subroutine,public,221
simple_flex_reconstructor_latent_ops,../scripts/../src/main/flex/simple_flex_reconstructor_latent_ops.f90,insert_planes_oversamp_coupled_batch_scaled,subroutine,public,403
simple_flex_reconstructor_latent_ops,../scripts/../src/main/flex/simple_flex_reconstructor_latent_ops.f90,insert_planes_oversamp_multi_scaled_batch,subroutine,public,36
simple_flex_reconstructor_latent_ops,../scripts/../src/main/flex/simple_flex_reconstructor_latent_ops.f90,kb_apod_vecs_3d_fast,subroutine,private,368
simple_flex_reconstructor_latent_ops,../scripts/../src/main/flex/simple_flex_reconstructor_latent_ops.f90,kb_apod_vecs_3d_fast,subroutine,private,582
simple_flex_reconstructor_latent_ops,../scripts/../src/main/flex/simple_flex_reconstructor_latent_ops.f90,kb_apod_vecs_3d_fast,subroutine,private,1000
simple_flex_reconstructor_latent_ops,../scripts/../src/main/flex/simple_flex_reconstructor_latent_ops.f90,kb_apod_vecs_3d_fast,subroutine,private,1201
simple_flex_reconstructor_latent_ops,../scripts/../src/main/flex/simple_flex_reconstructor_latent_ops.f90,kb_apod_vecs_3d_fast_b,subroutine,private,186
simple_flex_reconstructor_latent_ops,../scripts/../src/main/flex/simple_flex_reconstructor_latent_ops.f90,latent_projection_weights,subroutine,private,1378
simple_flex_reconstructor_latent_ops,../scripts/../src/main/flex/simple_flex_reconstructor_latent_ops.f90,project_fplane_mean,subroutine,public,1222
simple_flex_reconstructor_latent_ops,../scripts/../src/main/flex/simple_flex_reconstructor_latent_ops.f90,project_fplanes_mean_basis,subroutine,public,1231
simple_flex_reconstructor_latent_ops,../scripts/../src/main/flex/simple_flex_reconstructor_latent_ops.f90,test_cartesian_projection_contract,subroutine,public,701
simple_flex_reconstructor_latent_ops,../scripts/../src/main/flex/simple_flex_reconstructor_latent_ops.f90,test_coupled_batch_accumulation,subroutine,public,603
simple_flex_reconstructor_latent_ops,../scripts/../src/main/flex/simple_flex_reconstructor_latent_ops.f90,weighted_expanded_cmat,function,private,1422
simple_forked_process,../scripts/../src/utils/simple_forked_process.f90,await_final_status,subroutine,private,205
simple_forked_process,../scripts/../src/utils/simple_forked_process.f90,destroy,subroutine,private,221
simple_forked_process,../scripts/../src/utils/simple_forked_process.f90,execute_test,subroutine,private,189
simple_forked_process,../scripts/../src/utils/simple_forked_process.f90,forked_process,type,public,60
simple_forked_process,../scripts/../src/utils/simple_forked_process.f90,get_failtime,function,private,309
simple_forked_process,../scripts/../src/utils/simple_forked_process.f90,get_nrestarts,function,private,281
simple_forked_process,../scripts/../src/utils/simple_forked_process.f90,get_pid,function,private,274
simple_forked_process,../scripts/../src/utils/simple_forked_process.f90,get_queuetime,function,private,288
simple_forked_process,../scripts/../src/utils/simple_forked_process.f90,get_starttime,function,private,295
simple_forked_process,../scripts/../src/utils/simple_forked_process.f90,get_stoptime,function,private,302
simple_forked_process,../scripts/../src/utils/simple_forked_process.f90,kill_forked_process,subroutine,private,168
simple_forked_process,../scripts/../src/utils/simple_forked_process.f90,sigterm_handler,subroutine,private,197
simple_forked_process,../scripts/../src/utils/simple_forked_process.f90,skip,subroutine,private,178
simple_forked_process,../scripts/../src/utils/simple_forked_process.f90,start,subroutine,private,100
simple_forked_process,../scripts/../src/utils/simple_forked_process.f90,status,function,private,228
simple_forked_process,../scripts/../src/utils/simple_forked_process.f90,terminate,subroutine,private,159
simple_forked_process_tester,../scripts/../src/utils/simple_forked_process_tester.f90,run_all_forked_process_tests,subroutine,public,47
simple_forked_process_tester,../scripts/../src/utils/simple_forked_process_tester.f90,test_destroy,subroutine,private,156
simple_forked_process_tester,../scripts/../src/utils/simple_forked_process_tester.f90,test_fail_timestamps,subroutine,private,143
simple_forked_process_tester,../scripts/../src/utils/simple_forked_process_tester.f90,test_kill,subroutine,private,72
simple_forked_process_tester,../scripts/../src/utils/simple_forked_process_tester.f90,test_logfile_redirection,subroutine,private,169
simple_forked_process_tester,../scripts/../src/utils/simple_forked_process_tester.f90,test_restart,subroutine,private,100
simple_forked_process_tester,../scripts/../src/utils/simple_forked_process_tester.f90,test_start,subroutine,private,62
simple_forked_process_tester,../scripts/../src/utils/simple_forked_process_tester.f90,test_terminate,subroutine,private,85
simple_forked_process_tester,../scripts/../src/utils/simple_forked_process_tester.f90,test_timestamps,subroutine,private,129
simple_fsc,../scripts/../src/utils/filter/simple_fsc.f90,add_crossing_bars,subroutine,private,415
simple_fsc,../scripts/../src/utils/filter/simple_fsc.f90,add_curve,subroutine,private,463
simple_fsc,../scripts/../src/utils/filter/simple_fsc.f90,add_curve_segment,subroutine,private,483
simple_fsc,../scripts/../src/utils/filter/simple_fsc.f90,add_filled_band,subroutine,private,375
simple_fsc,../scripts/../src/utils/filter/simple_fsc.f90,add_filled_band_segment,subroutine,private,394
simple_fsc,../scripts/../src/utils/filter/simple_fsc.f90,add_filled_rect,subroutine,private,446
simple_fsc,../scripts/../src/utils/filter/simple_fsc.f90,add_invisible_bounds,subroutine,private,364
simple_fsc,../scripts/../src/utils/filter/simple_fsc.f90,add_segment,subroutine,private,503
simple_fsc,../scripts/../src/utils/filter/simple_fsc.f90,bar_edges,subroutine,private,428
simple_fsc,../scripts/../src/utils/filter/simple_fsc.f90,calc_fsc_area_score,subroutine,private,645
simple_fsc,../scripts/../src/utils/filter/simple_fsc.f90,fibonacci_sphere_dirs,subroutine,private,521
simple_fsc,../scripts/../src/utils/filter/simple_fsc.f90,fsc_area_score_result,type,public,13
simple_fsc,../scripts/../src/utils/filter/simple_fsc.f90,kill,subroutine,private,681
simple_fsc,../scripts/../src/utils/filter/simple_fsc.f90,new,subroutine,private,620
simple_fsc,../scripts/../src/utils/filter/simple_fsc.f90,phase_rand_fsc,subroutine,public,42
simple_fsc,../scripts/../src/utils/filter/simple_fsc.f90,plot_fsc,subroutine,public,123
simple_fsc,../scripts/../src/utils/filter/simple_fsc.f90,plot_fsc2,subroutine,public,161
simple_fsc,../scripts/../src/utils/filter/simple_fsc.f90,plot_fsc_area_score,subroutine,public,262
simple_fsc,../scripts/../src/utils/filter/simple_fsc.f90,plot_phrand_fsc,subroutine,public,205
simple_fsc,../scripts/../src/utils/filter/simple_fsc.f90,score_cfsc_curve,subroutine,private,537
simple_fsc,../scripts/../src/utils/filter/simple_fsc.f90,write_fsc_area_score_outputs,subroutine,public,562
simple_ft_expanded,../scripts/../src/main/image/simple_ft_expanded.f90,add,subroutine,private,207
simple_ft_expanded,../scripts/../src/main/image/simple_ft_expanded.f90,add2cmat,subroutine,private,229
simple_ft_expanded,../scripts/../src/main/image/simple_ft_expanded.f90,add_uncond,subroutine,private,222
simple_ft_expanded,../scripts/../src/main/image/simple_ft_expanded.f90,alloc_and_calc_tmp_cmat12,subroutine,private,404
simple_ft_expanded,../scripts/../src/main/image/simple_ft_expanded.f90,copy,subroutine,private,190
simple_ft_expanded,../scripts/../src/main/image/simple_ft_expanded.f90,corr,function,private,340
simple_ft_expanded,../scripts/../src/main/image/simple_ft_expanded.f90,corr_fdfshifted_cost_8,subroutine,private,501
simple_ft_expanded,../scripts/../src/main/image/simple_ft_expanded.f90,corr_gshifted_cost_8,subroutine,private,465
simple_ft_expanded,../scripts/../src/main/image/simple_ft_expanded.f90,corr_normalize_dp,subroutine,private,388
simple_ft_expanded,../scripts/../src/main/image/simple_ft_expanded.f90,corr_normalize_sp,subroutine,private,382
simple_ft_expanded,../scripts/../src/main/image/simple_ft_expanded.f90,corr_shifted_cost_8,function,private,430
simple_ft_expanded,../scripts/../src/main/image/simple_ft_expanded.f90,corr_unnorm,function,private,355
simple_ft_expanded,../scripts/../src/main/image/simple_ft_expanded.f90,corr_unnorm_serial,function,private,375
simple_ft_expanded,../scripts/../src/main/image/simple_ft_expanded.f90,dealloc_tmp_cmat12,subroutine,private,424
simple_ft_expanded,../scripts/../src/main/image/simple_ft_expanded.f90,div,subroutine,private,249
simple_ft_expanded,../scripts/../src/main/image/simple_ft_expanded.f90,ft_expanded,type,public,17
simple_ft_expanded,../scripts/../src/main/image/simple_ft_expanded.f90,ftexp_transfmat_init,subroutine,public,557
simple_ft_expanded,../scripts/../src/main/image/simple_ft_expanded.f90,ftexp_transfmat_kill,subroutine,public,600
simple_ft_expanded,../scripts/../src/main/image/simple_ft_expanded.f90,get_flims,function,private,163
simple_ft_expanded,../scripts/../src/main/image/simple_ft_expanded.f90,get_hp_lp,subroutine,private,394
simple_ft_expanded,../scripts/../src/main/image/simple_ft_expanded.f90,kill,subroutine,private,546
simple_ft_expanded,../scripts/../src/main/image/simple_ft_expanded.f90,new,subroutine,private,70
simple_ft_expanded,../scripts/../src/main/image/simple_ft_expanded.f90,normalize_mat,subroutine,private,329
simple_ft_expanded,../scripts/../src/main/image/simple_ft_expanded.f90,set_cmat,subroutine,private,176
simple_ft_expanded,../scripts/../src/main/image/simple_ft_expanded.f90,shift,subroutine,private,259
simple_ft_expanded,../scripts/../src/main/image/simple_ft_expanded.f90,shift_and_add,subroutine,private,302
simple_ft_expanded,../scripts/../src/main/image/simple_ft_expanded.f90,subtr,subroutine,private,238
simple_ft_expanded,../scripts/../src/main/image/simple_ft_expanded.f90,zero,subroutine,private,183
simple_ftexp_shsrch,../scripts/../src/main/image/simple_ftexp_shsrch.f90,ftexp_shsrch,type,public,16
simple_ftexp_shsrch,../scripts/../src/main/image/simple_ftexp_shsrch.f90,ftexp_shsrch_cost_8,function,private,158
simple_ftexp_shsrch,../scripts/../src/main/image/simple_ftexp_shsrch.f90,ftexp_shsrch_fdfcost_8,subroutine,private,187
simple_ftexp_shsrch,../scripts/../src/main/image/simple_ftexp_shsrch.f90,ftexp_shsrch_gcost_8,subroutine,private,172
simple_ftexp_shsrch,../scripts/../src/main/image/simple_ftexp_shsrch.f90,ftexp_shsrch_kill,subroutine,private,117
simple_ftexp_shsrch,../scripts/../src/main/image/simple_ftexp_shsrch.f90,ftexp_shsrch_minimize,function,private,81
simple_ftexp_shsrch,../scripts/../src/main/image/simple_ftexp_shsrch.f90,ftexp_shsrch_new,subroutine,private,40
simple_ftexp_shsrch,../scripts/../src/main/image/simple_ftexp_shsrch.f90,profile_corrs,subroutine,private,308
simple_ftexp_shsrch,../scripts/../src/main/image/simple_ftexp_shsrch.f90,set_factr_pgtol,subroutine,private,141
simple_ftexp_shsrch,../scripts/../src/main/image/simple_ftexp_shsrch.f90,set_shsrch_tol,subroutine,private,135
simple_ftexp_shsrch,../scripts/../src/main/image/simple_ftexp_shsrch.f90,test_ftexp_shsrch,subroutine,public,206
simple_ftexp_shsrch,../scripts/../src/main/image/simple_ftexp_shsrch.f90,test_ftexp_shsrch2,subroutine,public,358
simple_ftexp_shsrch,../scripts/../src/main/image/simple_ftexp_shsrch.f90,test_shifted_correlator,subroutine,private,235
simple_ftiter,../scripts/../src/main/image/simple_ftiter.f90,ftiter,type,public,10
simple_gen_pspecs_and_thumbs_strategy,../scripts/../src/main/strategies/parallelization/simple_gen_pspecs_and_thumbs_strategy.f90,cleanup_interface,subroutine,private,86
simple_gen_pspecs_and_thumbs_strategy,../scripts/../src/main/strategies/parallelization/simple_gen_pspecs_and_thumbs_strategy.f90,create_gen_pspecs_and_thumbs_strategy,function,public,106
simple_gen_pspecs_and_thumbs_strategy,../scripts/../src/main/strategies/parallelization/simple_gen_pspecs_and_thumbs_strategy.f90,distr_cleanup,subroutine,private,270
simple_gen_pspecs_and_thumbs_strategy,../scripts/../src/main/strategies/parallelization/simple_gen_pspecs_and_thumbs_strategy.f90,distr_end_message,function,private,279
simple_gen_pspecs_and_thumbs_strategy,../scripts/../src/main/strategies/parallelization/simple_gen_pspecs_and_thumbs_strategy.f90,distr_execute,subroutine,private,250
simple_gen_pspecs_and_thumbs_strategy,../scripts/../src/main/strategies/parallelization/simple_gen_pspecs_and_thumbs_strategy.f90,distr_finalize_run,subroutine,private,263
simple_gen_pspecs_and_thumbs_strategy,../scripts/../src/main/strategies/parallelization/simple_gen_pspecs_and_thumbs_strategy.f90,distr_initialize,subroutine,private,218
simple_gen_pspecs_and_thumbs_strategy,../scripts/../src/main/strategies/parallelization/simple_gen_pspecs_and_thumbs_strategy.f90,endmsg_interface,function,private,93
simple_gen_pspecs_and_thumbs_strategy,../scripts/../src/main/strategies/parallelization/simple_gen_pspecs_and_thumbs_strategy.f90,exec_interface,subroutine,private,72
simple_gen_pspecs_and_thumbs_strategy,../scripts/../src/main/strategies/parallelization/simple_gen_pspecs_and_thumbs_strategy.f90,finalize_interface,subroutine,private,79
simple_gen_pspecs_and_thumbs_strategy,../scripts/../src/main/strategies/parallelization/simple_gen_pspecs_and_thumbs_strategy.f90,gen_pspecs_and_thumbs_distr_strategy,type,public,51
simple_gen_pspecs_and_thumbs_strategy,../scripts/../src/main/strategies/parallelization/simple_gen_pspecs_and_thumbs_strategy.f90,gen_pspecs_and_thumbs_inmem_strategy,type,public,40
simple_gen_pspecs_and_thumbs_strategy,../scripts/../src/main/strategies/parallelization/simple_gen_pspecs_and_thumbs_strategy.f90,gen_pspecs_and_thumbs_strategy,type,public,29
simple_gen_pspecs_and_thumbs_strategy,../scripts/../src/main/strategies/parallelization/simple_gen_pspecs_and_thumbs_strategy.f90,init_interface,subroutine,private,65
simple_gen_pspecs_and_thumbs_strategy,../scripts/../src/main/strategies/parallelization/simple_gen_pspecs_and_thumbs_strategy.f90,inmem_cleanup,subroutine,private,201
simple_gen_pspecs_and_thumbs_strategy,../scripts/../src/main/strategies/parallelization/simple_gen_pspecs_and_thumbs_strategy.f90,inmem_end_message,function,private,208
simple_gen_pspecs_and_thumbs_strategy,../scripts/../src/main/strategies/parallelization/simple_gen_pspecs_and_thumbs_strategy.f90,inmem_execute,subroutine,private,144
simple_gen_pspecs_and_thumbs_strategy,../scripts/../src/main/strategies/parallelization/simple_gen_pspecs_and_thumbs_strategy.f90,inmem_finalize_run,subroutine,private,194
simple_gen_pspecs_and_thumbs_strategy,../scripts/../src/main/strategies/parallelization/simple_gen_pspecs_and_thumbs_strategy.f90,inmem_initialize,subroutine,private,136
simple_gen_pspecs_and_thumbs_strategy,../scripts/../src/main/strategies/parallelization/simple_gen_pspecs_and_thumbs_strategy.f90,set_gen_pspecs_and_thumbs_defaults,subroutine,private,126
simple_gpu_utils,../scripts/../src/utils/simple_gpu_utils.f90,cuda_device_prop,type,public,23
simple_gridding,../scripts/../src/main/interp/simple_gridding.f90,deapodize3D_inplace,subroutine,public,128
simple_gridding,../scripts/../src/main/interp/simple_gridding.f90,kb_stencil_envelope_1d,subroutine,public,78
simple_gridding,../scripts/../src/main/interp/simple_gridding.f90,kb_stencil_inv_envelope_1d,subroutine,public,109
simple_gridding,../scripts/../src/main/interp/simple_gridding.f90,prep2D_inv_instrfun4mul,function,public,19
simple_gridding,../scripts/../src/main/interp/simple_gridding.f90,prep3D_inv_kbenvelope4mul,function,public,153
simple_gui_assembler,../scripts/../src/utils/gui/simple_gui_assembler.f90,assemble_stream_heartbeat,subroutine,private,138
simple_gui_assembler,../scripts/../src/utils/gui/simple_gui_assembler.f90,assemble_stream_initial_picking,subroutine,private,342
simple_gui_assembler,../scripts/../src/utils/gui/simple_gui_assembler.f90,assemble_stream_opening2D,subroutine,private,447
simple_gui_assembler,../scripts/../src/utils/gui/simple_gui_assembler.f90,assemble_stream_optics_assignment,subroutine,private,298
simple_gui_assembler,../scripts/../src/utils/gui/simple_gui_assembler.f90,assemble_stream_particle_sieving,subroutine,private,506
simple_gui_assembler,../scripts/../src/utils/gui/simple_gui_assembler.f90,assemble_stream_pool2D,subroutine,private,567
simple_gui_assembler,../scripts/../src/utils/gui/simple_gui_assembler.f90,assemble_stream_preprocess,subroutine,private,222
simple_gui_assembler,../scripts/../src/utils/gui/simple_gui_assembler.f90,assemble_stream_reference_picking,subroutine,private,386
simple_gui_assembler,../scripts/../src/utils/gui/simple_gui_assembler.f90,clear_hashes,subroutine,private,125
simple_gui_assembler,../scripts/../src/utils/gui/simple_gui_assembler.f90,forked_process_status,subroutine,private,184
simple_gui_assembler,../scripts/../src/utils/gui/simple_gui_assembler.f90,gui_assembler,type,public,62
simple_gui_assembler,../scripts/../src/utils/gui/simple_gui_assembler.f90,is_associated,function,private,635
simple_gui_assembler,../scripts/../src/utils/gui/simple_gui_assembler.f90,kill,subroutine,private,113
simple_gui_assembler,../scripts/../src/utils/gui/simple_gui_assembler.f90,new,subroutine,private,99
simple_gui_assembler,../scripts/../src/utils/gui/simple_gui_assembler.f90,set_stoptime,subroutine,private,619
simple_gui_assembler,../scripts/../src/utils/gui/simple_gui_assembler.f90,to_string,function,private,625
simple_gui_assembler_tester,../scripts/../src/utils/gui/simple_gui_assembler_tester.f90,run_all_gui_assembler_tests,subroutine,public,66
simple_gui_assembler_tester,../scripts/../src/utils/gui/simple_gui_assembler_tester.f90,test_clear_hashes,subroutine,private,123
simple_gui_assembler_tester,../scripts/../src/utils/gui/simple_gui_assembler_tester.f90,test_initial_picking,subroutine,private,249
simple_gui_assembler_tester,../scripts/../src/utils/gui/simple_gui_assembler_tester.f90,test_new_kill,subroutine,private,84
simple_gui_assembler_tester,../scripts/../src/utils/gui/simple_gui_assembler_tester.f90,test_new_kill_reuse,subroutine,private,94
simple_gui_assembler_tester,../scripts/../src/utils/gui/simple_gui_assembler_tester.f90,test_opening2D,subroutine,private,324
simple_gui_assembler_tester,../scripts/../src/utils/gui/simple_gui_assembler_tester.f90,test_optics_assignment,subroutine,private,214
simple_gui_assembler_tester,../scripts/../src/utils/gui/simple_gui_assembler_tester.f90,test_particle_sieving,subroutine,private,359
simple_gui_assembler_tester,../scripts/../src/utils/gui/simple_gui_assembler_tester.f90,test_pool2D,subroutine,private,407
simple_gui_assembler_tester,../scripts/../src/utils/gui/simple_gui_assembler_tester.f90,test_preprocess,subroutine,private,157
simple_gui_assembler_tester,../scripts/../src/utils/gui/simple_gui_assembler_tester.f90,test_reference_picking,subroutine,private,281
simple_gui_assembler_tester,../scripts/../src/utils/gui/simple_gui_assembler_tester.f90,test_set_stoptime,subroutine,private,109
simple_gui_metadata_base,../scripts/../src/utils/gui/metadata/simple_gui_metadata_base.f90,assigned,function,private,83
simple_gui_metadata_base,../scripts/../src/utils/gui/metadata/simple_gui_metadata_base.f90,gui_metadata_base,type,public,30
simple_gui_metadata_base,../scripts/../src/utils/gui/metadata/simple_gui_metadata_base.f90,initialized,function,private,76
simple_gui_metadata_base,../scripts/../src/utils/gui/metadata/simple_gui_metadata_base.f90,jsonise,function,private,112
simple_gui_metadata_base,../scripts/../src/utils/gui/metadata/simple_gui_metadata_base.f90,kill,subroutine,private,58
simple_gui_metadata_base,../scripts/../src/utils/gui/metadata/simple_gui_metadata_base.f90,new,subroutine,private,50
simple_gui_metadata_base,../scripts/../src/utils/gui/metadata/simple_gui_metadata_base.f90,serialise,subroutine,private,102
simple_gui_metadata_base,../scripts/../src/utils/gui/metadata/simple_gui_metadata_base.f90,set_assigned,subroutine,private,92
simple_gui_metadata_base,../scripts/../src/utils/gui/metadata/simple_gui_metadata_base.f90,type,function,private,68
simple_gui_metadata_cavg2D,../scripts/../src/utils/gui/metadata/simple_gui_metadata_cavg2D.f90,get,function,private,100
simple_gui_metadata_cavg2D,../scripts/../src/utils/gui/metadata/simple_gui_metadata_cavg2D.f90,get_i,function,private,126
simple_gui_metadata_cavg2D,../scripts/../src/utils/gui/metadata/simple_gui_metadata_cavg2D.f90,get_i_max,function,private,133
simple_gui_metadata_cavg2D,../scripts/../src/utils/gui/metadata/simple_gui_metadata_cavg2D.f90,get_idx,function,private,119
simple_gui_metadata_cavg2D,../scripts/../src/utils/gui/metadata/simple_gui_metadata_cavg2D.f90,gui_metadata_cavg2D,type,public,46
simple_gui_metadata_cavg2D,../scripts/../src/utils/gui/metadata/simple_gui_metadata_cavg2D.f90,jsonise_override,function,private,143
simple_gui_metadata_cavg2D,../scripts/../src/utils/gui/metadata/simple_gui_metadata_cavg2D.f90,set,subroutine,private,74
simple_gui_metadata_cavg2D,../scripts/../src/utils/gui/metadata/simple_gui_metadata_cavg2D.f90,sprite_sheet_pos,type,public,39
simple_gui_metadata_histogram,../scripts/../src/utils/gui/metadata/simple_gui_metadata_histogram.f90,get,function,private,65
simple_gui_metadata_histogram,../scripts/../src/utils/gui/metadata/simple_gui_metadata_histogram.f90,gui_metadata_histogram,type,public,29
simple_gui_metadata_histogram,../scripts/../src/utils/gui/metadata/simple_gui_metadata_histogram.f90,jsonise_override,function,private,83
simple_gui_metadata_histogram,../scripts/../src/utils/gui/metadata/simple_gui_metadata_histogram.f90,set,subroutine,private,47
simple_gui_metadata_micrograph,../scripts/../src/utils/gui/metadata/simple_gui_metadata_micrograph.f90,clear_coordinates,subroutine,private,92
simple_gui_metadata_micrograph,../scripts/../src/utils/gui/metadata/simple_gui_metadata_micrograph.f90,get,function,private,105
simple_gui_metadata_micrograph,../scripts/../src/utils/gui/metadata/simple_gui_metadata_micrograph.f90,get_i,function,private,122
simple_gui_metadata_micrograph,../scripts/../src/utils/gui/metadata/simple_gui_metadata_micrograph.f90,get_i_max,function,private,129
simple_gui_metadata_micrograph,../scripts/../src/utils/gui/metadata/simple_gui_metadata_micrograph.f90,gui_metadata_micrograph,type,public,33
simple_gui_metadata_micrograph,../scripts/../src/utils/gui/metadata/simple_gui_metadata_micrograph.f90,jsonise_override,function,private,139
simple_gui_metadata_micrograph,../scripts/../src/utils/gui/metadata/simple_gui_metadata_micrograph.f90,set,subroutine,private,61
simple_gui_metadata_micrograph,../scripts/../src/utils/gui/metadata/simple_gui_metadata_micrograph.f90,set_coordinate,subroutine,private,77
simple_gui_metadata_optics_group,../scripts/../src/utils/gui/metadata/simple_gui_metadata_optics_group.f90,get,function,private,72
simple_gui_metadata_optics_group,../scripts/../src/utils/gui/metadata/simple_gui_metadata_optics_group.f90,get_i,function,private,88
simple_gui_metadata_optics_group,../scripts/../src/utils/gui/metadata/simple_gui_metadata_optics_group.f90,get_i_max,function,private,95
simple_gui_metadata_optics_group,../scripts/../src/utils/gui/metadata/simple_gui_metadata_optics_group.f90,get_max_points,function,private,102
simple_gui_metadata_optics_group,../scripts/../src/utils/gui/metadata/simple_gui_metadata_optics_group.f90,gui_metadata_optics_group,type,public,30
simple_gui_metadata_optics_group,../scripts/../src/utils/gui/metadata/simple_gui_metadata_optics_group.f90,jsonise_override,function,private,112
simple_gui_metadata_optics_group,../scripts/../src/utils/gui/metadata/simple_gui_metadata_optics_group.f90,set,subroutine,private,52
simple_gui_metadata_stream_opening2D,../scripts/../src/utils/gui/metadata/stream/simple_gui_metadata_stream_opening2D.f90,get,function,private,96
simple_gui_metadata_stream_opening2D,../scripts/../src/utils/gui/metadata/stream/simple_gui_metadata_stream_opening2D.f90,gui_metadata_stream_opening2D,type,public,40
simple_gui_metadata_stream_opening2D,../scripts/../src/utils/gui/metadata/stream/simple_gui_metadata_stream_opening2D.f90,jsonise_override,function,private,112
simple_gui_metadata_stream_opening2D,../scripts/../src/utils/gui/metadata/stream/simple_gui_metadata_stream_opening2D.f90,set,subroutine,private,64
simple_gui_metadata_stream_opening2D,../scripts/../src/utils/gui/metadata/stream/simple_gui_metadata_stream_opening2D.f90,set_user_input,subroutine,private,86
simple_gui_metadata_stream_optics_assignment,../scripts/../src/utils/gui/metadata/stream/simple_gui_metadata_stream_optics_assignment.f90,get,function,private,69
simple_gui_metadata_stream_optics_assignment,../scripts/../src/utils/gui/metadata/stream/simple_gui_metadata_stream_optics_assignment.f90,gui_metadata_stream_optics_assignment,type,public,37
simple_gui_metadata_stream_optics_assignment,../scripts/../src/utils/gui/metadata/stream/simple_gui_metadata_stream_optics_assignment.f90,jsonise_override,function,private,87
simple_gui_metadata_stream_optics_assignment,../scripts/../src/utils/gui/metadata/stream/simple_gui_metadata_stream_optics_assignment.f90,set,subroutine,private,53
simple_gui_metadata_stream_particle_sieving,../scripts/../src/utils/gui/metadata/stream/simple_gui_metadata_stream_particle_sieving.f90,clear_selection,subroutine,private,100
simple_gui_metadata_stream_particle_sieving,../scripts/../src/utils/gui/metadata/stream/simple_gui_metadata_stream_particle_sieving.f90,get,function,private,110
simple_gui_metadata_stream_particle_sieving,../scripts/../src/utils/gui/metadata/stream/simple_gui_metadata_stream_particle_sieving.f90,gui_metadata_stream_particle_sieving,type,public,39
simple_gui_metadata_stream_particle_sieving,../scripts/../src/utils/gui/metadata/stream/simple_gui_metadata_stream_particle_sieving.f90,jsonise_override,function,private,129
simple_gui_metadata_stream_particle_sieving,../scripts/../src/utils/gui/metadata/stream/simple_gui_metadata_stream_particle_sieving.f90,set,subroutine,private,64
simple_gui_metadata_stream_particle_sieving,../scripts/../src/utils/gui/metadata/stream/simple_gui_metadata_stream_particle_sieving.f90,set_selection,subroutine,private,89
simple_gui_metadata_stream_particle_sieving,../scripts/../src/utils/gui/metadata/stream/simple_gui_metadata_stream_particle_sieving.f90,set_user_input,subroutine,private,79
simple_gui_metadata_stream_picking,../scripts/../src/utils/gui/metadata/stream/simple_gui_metadata_stream_picking.f90,get,function,private,81
simple_gui_metadata_stream_picking,../scripts/../src/utils/gui/metadata/stream/simple_gui_metadata_stream_picking.f90,gui_metadata_stream_picking,type,public,37
simple_gui_metadata_stream_picking,../scripts/../src/utils/gui/metadata/stream/simple_gui_metadata_stream_picking.f90,jsonise_override,function,private,104
simple_gui_metadata_stream_picking,../scripts/../src/utils/gui/metadata/stream/simple_gui_metadata_stream_picking.f90,set,subroutine,private,58
simple_gui_metadata_stream_pool2D,../scripts/../src/utils/gui/metadata/stream/simple_gui_metadata_stream_pool2D.f90,get,function,private,111
simple_gui_metadata_stream_pool2D,../scripts/../src/utils/gui/metadata/stream/simple_gui_metadata_stream_pool2D.f90,gui_metadata_stream_pool2D,type,public,41
simple_gui_metadata_stream_pool2D,../scripts/../src/utils/gui/metadata/stream/simple_gui_metadata_stream_pool2D.f90,jsonise_override,function,private,137
simple_gui_metadata_stream_pool2D,../scripts/../src/utils/gui/metadata/stream/simple_gui_metadata_stream_pool2D.f90,set,subroutine,private,69
simple_gui_metadata_stream_pool2D,../scripts/../src/utils/gui/metadata/stream/simple_gui_metadata_stream_pool2D.f90,set_initial_ref_selection,subroutine,private,99
simple_gui_metadata_stream_pool2D,../scripts/../src/utils/gui/metadata/stream/simple_gui_metadata_stream_pool2D.f90,set_user_input,subroutine,private,91
simple_gui_metadata_stream_pool2D_snapshot,../scripts/../src/utils/gui/metadata/stream/simple_gui_metadata_stream_pool2D_snapshot.f90,get,function,private,67
simple_gui_metadata_stream_pool2D_snapshot,../scripts/../src/utils/gui/metadata/stream/simple_gui_metadata_stream_pool2D_snapshot.f90,gui_metadata_stream_pool2D_snapshot,type,public,35
simple_gui_metadata_stream_pool2D_snapshot,../scripts/../src/utils/gui/metadata/stream/simple_gui_metadata_stream_pool2D_snapshot.f90,jsonise_override,function,private,84
simple_gui_metadata_stream_pool2D_snapshot,../scripts/../src/utils/gui/metadata/stream/simple_gui_metadata_stream_pool2D_snapshot.f90,set,subroutine,private,51
simple_gui_metadata_stream_preprocess,../scripts/../src/utils/gui/metadata/stream/simple_gui_metadata_stream_preprocess.f90,get,function,private,84
simple_gui_metadata_stream_preprocess,../scripts/../src/utils/gui/metadata/stream/simple_gui_metadata_stream_preprocess.f90,gui_metadata_stream_preprocess,type,public,36
simple_gui_metadata_stream_preprocess,../scripts/../src/utils/gui/metadata/stream/simple_gui_metadata_stream_preprocess.f90,jsonise_override,function,private,112
simple_gui_metadata_stream_preprocess,../scripts/../src/utils/gui/metadata/stream/simple_gui_metadata_stream_preprocess.f90,set,subroutine,private,58
simple_gui_metadata_stream_update,../scripts/../src/utils/gui/metadata/stream/simple_gui_metadata_stream_update.f90,get_astigmatism_update,function,private,122
simple_gui_metadata_stream_update,../scripts/../src/utils/gui/metadata/stream/simple_gui_metadata_stream_update.f90,get_ctfres_update,function,private,106
simple_gui_metadata_stream_update,../scripts/../src/utils/gui/metadata/stream/simple_gui_metadata_stream_update.f90,get_icescore_update,function,private,138
simple_gui_metadata_stream_update,../scripts/../src/utils/gui/metadata/stream/simple_gui_metadata_stream_update.f90,get_increase_nmics,function,private,154
simple_gui_metadata_stream_update,../scripts/../src/utils/gui/metadata/stream/simple_gui_metadata_stream_update.f90,get_mskdiam2D_update,function,private,281
simple_gui_metadata_stream_update,../scripts/../src/utils/gui/metadata/stream/simple_gui_metadata_stream_update.f90,get_pickrefs_clusters,function,private,198
simple_gui_metadata_stream_update,../scripts/../src/utils/gui/metadata/stream/simple_gui_metadata_stream_update.f90,get_pickrefs_selection,function,private,174
simple_gui_metadata_stream_update,../scripts/../src/utils/gui/metadata/stream/simple_gui_metadata_stream_update.f90,get_pickrefs_selection_length,function,private,221
simple_gui_metadata_stream_update,../scripts/../src/utils/gui/metadata/stream/simple_gui_metadata_stream_update.f90,get_sieverefs_selection,function,private,242
simple_gui_metadata_stream_update,../scripts/../src/utils/gui/metadata/stream/simple_gui_metadata_stream_update.f90,get_sieverefs_selection_length,function,private,265
simple_gui_metadata_stream_update,../scripts/../src/utils/gui/metadata/stream/simple_gui_metadata_stream_update.f90,get_snapshot2D_update,subroutine,private,306
simple_gui_metadata_stream_update,../scripts/../src/utils/gui/metadata/stream/simple_gui_metadata_stream_update.f90,gui_metadata_stream_update,type,public,51
simple_gui_metadata_stream_update,../scripts/../src/utils/gui/metadata/stream/simple_gui_metadata_stream_update.f90,has_snapshot2D_update,function,private,324
simple_gui_metadata_stream_update,../scripts/../src/utils/gui/metadata/stream/simple_gui_metadata_stream_update.f90,set_astigmatism_update,subroutine,private,113
simple_gui_metadata_stream_update,../scripts/../src/utils/gui/metadata/stream/simple_gui_metadata_stream_update.f90,set_ctfres_update,subroutine,private,97
simple_gui_metadata_stream_update,../scripts/../src/utils/gui/metadata/stream/simple_gui_metadata_stream_update.f90,set_icescore_update,subroutine,private,129
simple_gui_metadata_stream_update,../scripts/../src/utils/gui/metadata/stream/simple_gui_metadata_stream_update.f90,set_increase_nmics,subroutine,private,145
simple_gui_metadata_stream_update,../scripts/../src/utils/gui/metadata/stream/simple_gui_metadata_stream_update.f90,set_mskdiam2D_update,subroutine,private,272
simple_gui_metadata_stream_update,../scripts/../src/utils/gui/metadata/stream/simple_gui_metadata_stream_update.f90,set_pickrefs_clusters,subroutine,private,186
simple_gui_metadata_stream_update,../scripts/../src/utils/gui/metadata/stream/simple_gui_metadata_stream_update.f90,set_pickrefs_selection,subroutine,private,161
simple_gui_metadata_stream_update,../scripts/../src/utils/gui/metadata/stream/simple_gui_metadata_stream_update.f90,set_pickrefs_selection_length,subroutine,private,210
simple_gui_metadata_stream_update,../scripts/../src/utils/gui/metadata/stream/simple_gui_metadata_stream_update.f90,set_sieverefs_selection,subroutine,private,229
simple_gui_metadata_stream_update,../scripts/../src/utils/gui/metadata/stream/simple_gui_metadata_stream_update.f90,set_sieverefs_selection_length,subroutine,private,254
simple_gui_metadata_stream_update,../scripts/../src/utils/gui/metadata/stream/simple_gui_metadata_stream_update.f90,set_snapshot2D_update,subroutine,private,288
simple_gui_metadata_tester,../scripts/../src/utils/gui/metadata/simple_gui_metadata_tester.f90,run_all_gui_metadata_tests,subroutine,public,39
simple_gui_metadata_tester,../scripts/../src/utils/gui/metadata/simple_gui_metadata_tester.f90,test_jsonise_cavg2D,subroutine,private,514
simple_gui_metadata_tester,../scripts/../src/utils/gui/metadata/simple_gui_metadata_tester.f90,test_jsonise_histogram,subroutine,private,240
simple_gui_metadata_tester,../scripts/../src/utils/gui/metadata/simple_gui_metadata_tester.f90,test_jsonise_micrograph,subroutine,private,156
simple_gui_metadata_tester,../scripts/../src/utils/gui/metadata/simple_gui_metadata_tester.f90,test_jsonise_optics_group,subroutine,private,426
simple_gui_metadata_tester,../scripts/../src/utils/gui/metadata/simple_gui_metadata_tester.f90,test_jsonise_stream_initial_picking,subroutine,private,872
simple_gui_metadata_tester,../scripts/../src/utils/gui/metadata/simple_gui_metadata_tester.f90,test_jsonise_stream_opening2D,subroutine,private,1042
simple_gui_metadata_tester,../scripts/../src/utils/gui/metadata/simple_gui_metadata_tester.f90,test_jsonise_stream_optics_assignment,subroutine,private,675
simple_gui_metadata_tester,../scripts/../src/utils/gui/metadata/simple_gui_metadata_tester.f90,test_jsonise_stream_particle_sieving,subroutine,private,1126
simple_gui_metadata_tester,../scripts/../src/utils/gui/metadata/simple_gui_metadata_tester.f90,test_jsonise_stream_pool2D,subroutine,private,1218
simple_gui_metadata_tester,../scripts/../src/utils/gui/metadata/simple_gui_metadata_tester.f90,test_jsonise_stream_pool2D_snapshot,subroutine,private,1291
simple_gui_metadata_tester,../scripts/../src/utils/gui/metadata/simple_gui_metadata_tester.f90,test_jsonise_stream_preprocess,subroutine,private,601
simple_gui_metadata_tester,../scripts/../src/utils/gui/metadata/simple_gui_metadata_tester.f90,test_jsonise_stream_reference_picking,subroutine,private,961
simple_gui_metadata_tester,../scripts/../src/utils/gui/metadata/simple_gui_metadata_tester.f90,test_jsonise_stream_update,subroutine,private,792
simple_gui_metadata_tester,../scripts/../src/utils/gui/metadata/simple_gui_metadata_tester.f90,test_jsonise_timeplot,subroutine,private,334
simple_gui_metadata_tester,../scripts/../src/utils/gui/metadata/simple_gui_metadata_tester.f90,test_new_kill,subroutine,private,90
simple_gui_metadata_tester,../scripts/../src/utils/gui/metadata/simple_gui_metadata_tester.f90,test_serialise,subroutine,private,101
simple_gui_metadata_tester,../scripts/../src/utils/gui/metadata/simple_gui_metadata_tester.f90,test_serialise_cavg2D,subroutine,private,495
simple_gui_metadata_tester,../scripts/../src/utils/gui/metadata/simple_gui_metadata_tester.f90,test_serialise_histogram,subroutine,private,214
simple_gui_metadata_tester,../scripts/../src/utils/gui/metadata/simple_gui_metadata_tester.f90,test_serialise_micrograph,subroutine,private,139
simple_gui_metadata_tester,../scripts/../src/utils/gui/metadata/simple_gui_metadata_tester.f90,test_serialise_optics_group,subroutine,private,401
simple_gui_metadata_tester,../scripts/../src/utils/gui/metadata/simple_gui_metadata_tester.f90,test_serialise_stream_initial_picking,subroutine,private,852
simple_gui_metadata_tester,../scripts/../src/utils/gui/metadata/simple_gui_metadata_tester.f90,test_serialise_stream_opening2D,subroutine,private,1022
simple_gui_metadata_tester,../scripts/../src/utils/gui/metadata/simple_gui_metadata_tester.f90,test_serialise_stream_optics_assignment,subroutine,private,657
simple_gui_metadata_tester,../scripts/../src/utils/gui/metadata/simple_gui_metadata_tester.f90,test_serialise_stream_particle_sieving,subroutine,private,1106
simple_gui_metadata_tester,../scripts/../src/utils/gui/metadata/simple_gui_metadata_tester.f90,test_serialise_stream_pool2D,subroutine,private,1198
simple_gui_metadata_tester,../scripts/../src/utils/gui/metadata/simple_gui_metadata_tester.f90,test_serialise_stream_pool2D_snapshot,subroutine,private,1272
simple_gui_metadata_tester,../scripts/../src/utils/gui/metadata/simple_gui_metadata_tester.f90,test_serialise_stream_preprocess,subroutine,private,581
simple_gui_metadata_tester,../scripts/../src/utils/gui/metadata/simple_gui_metadata_tester.f90,test_serialise_stream_reference_picking,subroutine,private,941
simple_gui_metadata_tester,../scripts/../src/utils/gui/metadata/simple_gui_metadata_tester.f90,test_serialise_stream_update,subroutine,private,766
simple_gui_metadata_tester,../scripts/../src/utils/gui/metadata/simple_gui_metadata_tester.f90,test_serialise_timeplot,subroutine,private,308
simple_gui_metadata_tester,../scripts/../src/utils/gui/metadata/simple_gui_metadata_tester.f90,test_set_get_cavg2D,subroutine,private,464
simple_gui_metadata_tester,../scripts/../src/utils/gui/metadata/simple_gui_metadata_tester.f90,test_set_get_histogram,subroutine,private,186
simple_gui_metadata_tester,../scripts/../src/utils/gui/metadata/simple_gui_metadata_tester.f90,test_set_get_micrograph,subroutine,private,118
simple_gui_metadata_tester,../scripts/../src/utils/gui/metadata/simple_gui_metadata_tester.f90,test_set_get_optics_group,subroutine,private,373
simple_gui_metadata_tester,../scripts/../src/utils/gui/metadata/simple_gui_metadata_tester.f90,test_set_get_stream_initial_picking,subroutine,private,820
simple_gui_metadata_tester,../scripts/../src/utils/gui/metadata/simple_gui_metadata_tester.f90,test_set_get_stream_opening2D,subroutine,private,998
simple_gui_metadata_tester,../scripts/../src/utils/gui/metadata/simple_gui_metadata_tester.f90,test_set_get_stream_optics_assignment,subroutine,private,634
simple_gui_metadata_tester,../scripts/../src/utils/gui/metadata/simple_gui_metadata_tester.f90,test_set_get_stream_particle_sieving,subroutine,private,1075
simple_gui_metadata_tester,../scripts/../src/utils/gui/metadata/simple_gui_metadata_tester.f90,test_set_get_stream_pool2D,subroutine,private,1160
simple_gui_metadata_tester,../scripts/../src/utils/gui/metadata/simple_gui_metadata_tester.f90,test_set_get_stream_pool2D_snapshot,subroutine,private,1252
simple_gui_metadata_tester,../scripts/../src/utils/gui/metadata/simple_gui_metadata_tester.f90,test_set_get_stream_preprocess,subroutine,private,547
simple_gui_metadata_tester,../scripts/../src/utils/gui/metadata/simple_gui_metadata_tester.f90,test_set_get_stream_reference_picking,subroutine,private,909
simple_gui_metadata_tester,../scripts/../src/utils/gui/metadata/simple_gui_metadata_tester.f90,test_set_get_stream_update,subroutine,private,710
simple_gui_metadata_tester,../scripts/../src/utils/gui/metadata/simple_gui_metadata_tester.f90,test_set_get_timeplot,subroutine,private,279
simple_gui_metadata_timeplot,../scripts/../src/utils/gui/metadata/simple_gui_metadata_timeplot.f90,get,function,private,75
simple_gui_metadata_timeplot,../scripts/../src/utils/gui/metadata/simple_gui_metadata_timeplot.f90,gui_metadata_timeplot,type,public,30
simple_gui_metadata_timeplot,../scripts/../src/utils/gui/metadata/simple_gui_metadata_timeplot.f90,jsonise_override,function,private,93
simple_gui_metadata_timeplot,../scripts/../src/utils/gui/metadata/simple_gui_metadata_timeplot.f90,set,subroutine,private,50
simple_gui_metadata_utils,../scripts/../src/utils/gui/metadata/simple_gui_metadata_utils.f90,max_metadata_size,function,public,25
simple_gui_utils,../scripts/../src/utils/gui/simple_gui_utils.f90,mic2thumb,subroutine,public,10
simple_gui_utils,../scripts/../src/utils/gui/simple_gui_utils.f90,mrc2jpeg_tiled,subroutine,public,44
simple_guistats,../scripts/../src/utils/gui/simple_guistats.f90,create_section_array,subroutine,private,461
simple_guistats,../scripts/../src/utils/gui/simple_guistats.f90,deactivate_section,subroutine,private,105
simple_guistats,../scripts/../src/utils/gui/simple_guistats.f90,delete,subroutine,private,346
simple_guistats,../scripts/../src/utils/gui/simple_guistats.f90,ensure_section,subroutine,private,79
simple_guistats,../scripts/../src/utils/gui/simple_guistats.f90,generate_2D_jpeg,subroutine,private,592
simple_guistats,../scripts/../src/utils/gui/simple_guistats.f90,generate_2D_thumbnail,subroutine,private,531
simple_guistats,../scripts/../src/utils/gui/simple_guistats.f90,get_1,subroutine,private,326
simple_guistats,../scripts/../src/utils/gui/simple_guistats.f90,get_keyline,function,private,127
simple_guistats,../scripts/../src/utils/gui/simple_guistats.f90,hide,subroutine,private,356
simple_guistats,../scripts/../src/utils/gui/simple_guistats.f90,init,subroutine,private,45
simple_guistats,../scripts/../src/utils/gui/simple_guistats.f90,kill,subroutine,private,418
simple_guistats,../scripts/../src/utils/gui/simple_guistats.f90,merge,subroutine,private,366
simple_guistats,../scripts/../src/utils/gui/simple_guistats.f90,new_section,subroutine,private,62
simple_guistats,../scripts/../src/utils/gui/simple_guistats.f90,set_1,subroutine,private,153
simple_guistats,../scripts/../src/utils/gui/simple_guistats.f90,set_2,subroutine,private,199
simple_guistats,../scripts/../src/utils/gui/simple_guistats.f90,set_3,subroutine,private,245
simple_guistats,../scripts/../src/utils/gui/simple_guistats.f90,set_now,subroutine,private,307
simple_guistats,../scripts/../src/utils/gui/simple_guistats.f90,write,subroutine,private,399
simple_guistats,../scripts/../src/utils/gui/simple_guistats.f90,write_json,subroutine,private,424
simple_halfmap_diagnostics,../scripts/../src/main/volume/simple_halfmap_diagnostics.f90,evaluate_halfmap_pair,subroutine,public,44
simple_halfmap_diagnostics,../scripts/../src/main/volume/simple_halfmap_diagnostics.f90,halfmap_diagnostics_result,type,public,20
simple_halfmap_diagnostics,../scripts/../src/main/volume/simple_halfmap_diagnostics.f90,kill_halfmap_diagnostics_result,subroutine,private,129
simple_halfmap_diagnostics,../scripts/../src/main/volume/simple_halfmap_diagnostics.f90,write_halfmap_diagnostics,subroutine,public,106
simple_hash,../scripts/../src/utils/structs/simple_hash.f90,hash,type,public,16
simple_hash_tester,../scripts/../src/utils/structs/simple_hash_tester.f90,run_all_hash_tests,subroutine,public,14
simple_hash_tester,../scripts/../src/utils/structs/simple_hash_tester.f90,test_constructor_and_kill,subroutine,private,30
simple_hash_tester,../scripts/../src/utils/structs/simple_hash_tester.f90,test_copy_and_realloc,subroutine,private,211
simple_hash_tester,../scripts/../src/utils/structs/simple_hash_tester.f90,test_delete,subroutine,private,78
simple_hash_tester,../scripts/../src/utils/structs/simple_hash_tester.f90,test_get_keys_and_get_str,subroutine,private,161
simple_hash_tester,../scripts/../src/utils/structs/simple_hash_tester.f90,test_getters_numeric,subroutine,private,126
simple_hash_tester,../scripts/../src/utils/structs/simple_hash_tester.f90,test_hash2str_and_strlen,subroutine,private,190
simple_hash_tester,../scripts/../src/utils/structs/simple_hash_tester.f90,test_lookup_and_isthere,subroutine,private,106
simple_hash_tester,../scripts/../src/utils/structs/simple_hash_tester.f90,test_push_and_set,subroutine,private,46
simple_hclust,../scripts/../src/utils/clustering/simple_hclust.f90,cluster,subroutine,private,56
simple_hclust,../scripts/../src/utils/clustering/simple_hclust.f90,cut_tree,subroutine,private,168
simple_hclust,../scripts/../src/utils/clustering/simple_hclust.f90,get_medoids,subroutine,private,135
simple_hclust,../scripts/../src/utils/clustering/simple_hclust.f90,kill,subroutine,private,199
simple_hclust,../scripts/../src/utils/clustering/simple_hclust.f90,new,subroutine,private,34
simple_hclust,../scripts/../src/utils/clustering/simple_hclust.f90,test_hclust,subroutine,public,211
simple_histogram,../scripts/../src/utils/math/simple_histogram.f90,add,subroutine,private,278
simple_histogram,../scripts/../src/utils/math/simple_histogram.f90,div,subroutine,private,288
simple_histogram,../scripts/../src/utils/math/simple_histogram.f90,histogram,type,public,11
simple_histogram,../scripts/../src/utils/math/simple_histogram.f90,kill,subroutine,private,565
simple_histogram,../scripts/../src/utils/math/simple_histogram.f90,new_1,subroutine,private,57
simple_histogram,../scripts/../src/utils/math/simple_histogram.f90,new_2,subroutine,private,83
simple_histogram,../scripts/../src/utils/math/simple_histogram.f90,new_3,subroutine,private,92
simple_histogram,../scripts/../src/utils/math/simple_histogram.f90,new_4,subroutine,private,108
simple_histogram,../scripts/../src/utils/math/simple_histogram.f90,new_5,subroutine,private,143
simple_histogram,../scripts/../src/utils/math/simple_histogram.f90,plot,subroutine,private,469
simple_histogram,../scripts/../src/utils/math/simple_histogram.f90,quantize,subroutine,private,187
simple_histogram,../scripts/../src/utils/math/simple_histogram.f90,reset,subroutine,private,168
simple_histogram,../scripts/../src/utils/math/simple_histogram.f90,smooth,subroutine,private,435
simple_histogram,../scripts/../src/utils/math/simple_histogram.f90,topdf,subroutine,private,427
simple_histogram,../scripts/../src/utils/math/simple_histogram.f90,update,subroutine,private,297
simple_histogram,../scripts/../src/utils/math/simple_histogram.f90,zero,subroutine,private,179
simple_http_post,../scripts/../src/utils/comm/simple_http_post.f90,http_post,type,public,61
simple_http_post,../scripts/../src/utils/comm/simple_http_post.f90,http_response,type,public,54
simple_http_post,../scripts/../src/utils/comm/simple_http_post.f90,initialised,function,private,98
simple_http_post,../scripts/../src/utils/comm/simple_http_post.f90,kill,subroutine,private,90
simple_http_post,../scripts/../src/utils/comm/simple_http_post.f90,new,subroutine,private,79
simple_http_post,../scripts/../src/utils/comm/simple_http_post.f90,request,function,private,108
simple_http_post,../scripts/../src/utils/comm/simple_http_post.f90,response_callback,function,private,187
simple_http_post_tester,../scripts/../src/utils/comm/simple_http_post_tester.f90,run_all_http_post_tests,subroutine,public,39
simple_http_post_tester,../scripts/../src/utils/comm/simple_http_post_tester.f90,test_create_and_kill,subroutine,private,50
simple_http_post_tester,../scripts/../src/utils/comm/simple_http_post_tester.f90,test_request_no_body,subroutine,private,63
simple_http_post_tester,../scripts/../src/utils/comm/simple_http_post_tester.f90,test_request_with_body,subroutine,private,84
simple_http_post_tester,../scripts/../src/utils/comm/simple_http_post_tester.f90,test_response_reset,subroutine,private,104
simple_image,../scripts/../src/main/image/simple_image.f90,image,type,public,39
simple_image_bin,../scripts/../src/main/image/simple_image_bin.f90,apply_mask,subroutine,private,642
simple_image_bin,../scripts/../src/main/image/simple_image_bin.f90,border_mask,subroutine,private,726
simple_image_bin,../scripts/../src/main/image/simple_image_bin.f90,cc2bin,subroutine,private,660
simple_image_bin,../scripts/../src/main/image/simple_image_bin.f90,copy_bimg,subroutine,private,85
simple_image_bin,../scripts/../src/main/image/simple_image_bin.f90,cos_edge,subroutine,private,907
simple_image_bin,../scripts/../src/main/image/simple_image_bin.f90,dequeue,subroutine,private,221
simple_image_bin,../scripts/../src/main/image/simple_image_bin.f90,diameter_bin,subroutine,private,557
simple_image_bin,../scripts/../src/main/image/simple_image_bin.f90,diameter_cc,subroutine,private,508
simple_image_bin,../scripts/../src/main/image/simple_image_bin.f90,dilate,subroutine,private,676
simple_image_bin,../scripts/../src/main/image/simple_image_bin.f90,elim_cc,subroutine,private,344
simple_image_bin,../scripts/../src/main/image/simple_image_bin.f90,elim_ccs,subroutine,private,369
simple_image_bin,../scripts/../src/main/image/simple_image_bin.f90,elim_largestcc,subroutine,private,308
simple_image_bin,../scripts/../src/main/image/simple_image_bin.f90,empty_queue,subroutine,private,236
simple_image_bin,../scripts/../src/main/image/simple_image_bin.f90,enqueue,subroutine,private,209
simple_image_bin,../scripts/../src/main/image/simple_image_bin.f90,erode,subroutine,private,698
simple_image_bin,../scripts/../src/main/image/simple_image_bin.f90,feret_minmax,subroutine,private,564
simple_image_bin,../scripts/../src/main/image/simple_image_bin.f90,find_ccs,subroutine,private,169
simple_image_bin,../scripts/../src/main/image/simple_image_bin.f90,flood_fill,subroutine,private,241
simple_image_bin,../scripts/../src/main/image/simple_image_bin.f90,get_imat,subroutine,private,126
simple_image_bin,../scripts/../src/main/image/simple_image_bin.f90,get_nccs,subroutine,private,133
simple_image_bin,../scripts/../src/main/image/simple_image_bin.f90,grow_bins,subroutine,private,842
simple_image_bin,../scripts/../src/main/image/simple_image_bin.f90,image_bin,type,public,12
simple_image_bin,../scripts/../src/main/image/simple_image_bin.f90,inv_bimg,subroutine,private,713
simple_image_bin,../scripts/../src/main/image/simple_image_bin.f90,is_empty,function,private,230
simple_image_bin,../scripts/../src/main/image/simple_image_bin.f90,kill_bimg,subroutine,private,1020
simple_image_bin,../scripts/../src/main/image/simple_image_bin.f90,masscen_cc,subroutine,private,538
simple_image_bin,../scripts/../src/main/image/simple_image_bin.f90,max_dist,subroutine,private,619
simple_image_bin,../scripts/../src/main/image/simple_image_bin.f90,new_bimg,subroutine,private,71
simple_image_bin,../scripts/../src/main/image/simple_image_bin.f90,order_ccs,subroutine,private,411
simple_image_bin,../scripts/../src/main/image/simple_image_bin.f90,polish_ccs,subroutine,private,440
simple_image_bin,../scripts/../src/main/image/simple_image_bin.f90,read_bimg,subroutine,private,159
simple_image_bin,../scripts/../src/main/image/simple_image_bin.f90,set_edgecc2background,subroutine,private,817
simple_image_bin,../scripts/../src/main/image/simple_image_bin.f90,set_imat,subroutine,private,112
simple_image_bin,../scripts/../src/main/image/simple_image_bin.f90,set_largestcc2background,subroutine,private,792
simple_image_bin,../scripts/../src/main/image/simple_image_bin.f90,size_ccs,function,private,290
simple_image_bin,../scripts/../src/main/image/simple_image_bin.f90,transfer2bimg,subroutine,private,98
simple_image_bin,../scripts/../src/main/image/simple_image_bin.f90,update_img_rmat,subroutine,private,141
simple_image_bin,../scripts/../src/main/image/simple_image_bin.f90,update_mask_2d,subroutine,private,981
simple_image_bin,../scripts/../src/main/image/simple_image_bin.f90,update_mask_3d,subroutine,private,995
simple_image_bin,../scripts/../src/main/image/simple_image_bin.f90,write_bimg,subroutine,private,150
simple_image_msk,../scripts/../src/main/image/simple_image_msk.f90,apply_3Dmask,subroutine,private,69
simple_image_msk,../scripts/../src/main/image/simple_image_msk.f90,automask2D,subroutine,public,293
simple_image_msk,../scripts/../src/main/image/simple_image_msk.f90,automask2D_binary_one,subroutine,private,373
simple_image_msk,../scripts/../src/main/image/simple_image_msk.f90,automask2D_support_pix,subroutine,public,354
simple_image_msk,../scripts/../src/main/image/simple_image_msk.f90,automask3D,subroutine,private,36
simple_image_msk,../scripts/../src/main/image/simple_image_msk.f90,automask3D_binarize,subroutine,private,171
simple_image_msk,../scripts/../src/main/image/simple_image_msk.f90,binary_imat_to_pix,subroutine,private,459
simple_image_msk,../scripts/../src/main/image/simple_image_msk.f90,density_inoutside_mask,subroutine,public,258
simple_image_msk,../scripts/../src/main/image/simple_image_msk.f90,env_rproject,subroutine,private,203
simple_image_msk,../scripts/../src/main/image/simple_image_msk.f90,envmask3D_from_lmask,subroutine,private,108
simple_image_msk,../scripts/../src/main/image/simple_image_msk.f90,estimate_spher_mask_diam,subroutine,private,76
simple_image_msk,../scripts/../src/main/image/simple_image_msk.f90,image_msk,type,public,17
simple_imgfile,../scripts/../src/fileio/simple_imgfile.f90,close,subroutine,private,207
simple_imgfile,../scripts/../src/fileio/simple_imgfile.f90,getDim,function,private,822
simple_imgfile,../scripts/../src/fileio/simple_imgfile.f90,getDims,function,private,815
simple_imgfile,../scripts/../src/fileio/simple_imgfile.f90,open,subroutine,private,92
simple_imgfile,../scripts/../src/fileio/simple_imgfile.f90,open_local,subroutine,private,168
simple_imgfile,../scripts/../src/fileio/simple_imgfile.f90,prepare_float16_write_buffer,subroutine,private,199
simple_imgfile,../scripts/../src/fileio/simple_imgfile.f90,real16_array_to_real32,subroutine,private,901
simple_imgfile,../scripts/../src/fileio/simple_imgfile.f90,rSlices,subroutine,private,296
simple_imgfile,../scripts/../src/fileio/simple_imgfile.f90,rTiffSlices,subroutine,private,403
simple_imgfile,../scripts/../src/fileio/simple_imgfile.f90,setDims,subroutine,private,892
simple_imgfile,../scripts/../src/fileio/simple_imgfile.f90,setIform,subroutine,private,842
simple_imgfile,../scripts/../src/fileio/simple_imgfile.f90,setMean,subroutine,private,866
simple_imgfile,../scripts/../src/fileio/simple_imgfile.f90,setMinMax,subroutine,private,874
simple_imgfile,../scripts/../src/fileio/simple_imgfile.f90,setMode,subroutine,private,883
simple_imgfile,../scripts/../src/fileio/simple_imgfile.f90,setPixSz,subroutine,private,850
simple_imgfile,../scripts/../src/fileio/simple_imgfile.f90,setRMSD,subroutine,private,858
simple_imgfile,../scripts/../src/fileio/simple_imgfile.f90,simple_float16_to_float32,subroutine,private,36
simple_imgfile,../scripts/../src/fileio/simple_imgfile.f90,simple_float32_to_float16_f16c,function,private,43
simple_imgfile,../scripts/../src/fileio/simple_imgfile.f90,slice2bytepos,subroutine,private,269
simple_imgfile,../scripts/../src/fileio/simple_imgfile.f90,slice2recpos,subroutine,private,233
simple_imgfile,../scripts/../src/fileio/simple_imgfile.f90,update_MRC_stats,subroutine,private,796
simple_imgfile,../scripts/../src/fileio/simple_imgfile.f90,wmrcSlices,subroutine,private,667
simple_imgfile,../scripts/../src/fileio/simple_imgfile.f90,write_float16_slices,subroutine,private,744
simple_imgfile,../scripts/../src/fileio/simple_imgfile.f90,wSlices,subroutine,private,538
simple_imghead,../scripts/../src/fileio/simple_imghead.f90,CloseTiff,subroutine,private,831
simple_imghead,../scripts/../src/fileio/simple_imghead.f90,find_ldim_nptcls,subroutine,public,1451
simple_imghead,../scripts/../src/fileio/simple_imghead.f90,get_eerfile_info,subroutine,private,1425
simple_imghead,../scripts/../src/fileio/simple_imghead.f90,get_mrcfile_info,subroutine,public,1273
simple_imghead,../scripts/../src/fileio/simple_imghead.f90,get_spifile_info,subroutine,private,1327
simple_imghead,../scripts/../src/fileio/simple_imghead.f90,get_tiffile_info,subroutine,private,1400
simple_imghead,../scripts/../src/fileio/simple_imghead.f90,getDim,function,private,1024
simple_imghead,../scripts/../src/fileio/simple_imghead.f90,getDims,function,private,1009
simple_imghead,../scripts/../src/fileio/simple_imghead.f90,getIform,function,private,1185
simple_imghead,../scripts/../src/fileio/simple_imghead.f90,getLabbyt,function,private,1149
simple_imghead,../scripts/../src/fileio/simple_imghead.f90,getLabrec,function,private,1127
simple_imghead,../scripts/../src/fileio/simple_imghead.f90,getLenbyt,function,private,1138
simple_imghead,../scripts/../src/fileio/simple_imghead.f90,getMaxim,function,private,1160
simple_imghead,../scripts/../src/fileio/simple_imghead.f90,getMode,function,private,1196
simple_imghead,../scripts/../src/fileio/simple_imghead.f90,is_even,function,private,809
simple_imghead,../scripts/../src/fileio/simple_imghead.f90,kill,subroutine,private,1562
simple_imghead,../scripts/../src/fileio/simple_imghead.f90,MrcImgHead,type,public,99
simple_imghead,../scripts/../src/fileio/simple_imghead.f90,new,subroutine,private,225
simple_imghead,../scripts/../src/fileio/simple_imghead.f90,print_imghead,subroutine,private,282
simple_imghead,../scripts/../src/fileio/simple_imghead.f90,print_spihed,subroutine,private,1387
simple_imghead,../scripts/../src/fileio/simple_imghead.f90,read,subroutine,private,354
simple_imghead,../scripts/../src/fileio/simple_imghead.f90,read_spihed,subroutine,private,1375
simple_imghead,../scripts/../src/fileio/simple_imghead.f90,read_tiff,subroutine,private,427
simple_imghead,../scripts/../src/fileio/simple_imghead.f90,reset2default,subroutine,private,637
simple_imghead,../scripts/../src/fileio/simple_imghead.f90,setDim,subroutine,private,1085
simple_imghead,../scripts/../src/fileio/simple_imghead.f90,setDims,subroutine,private,1062
simple_imghead,../scripts/../src/fileio/simple_imghead.f90,setIform,subroutine,private,1207
simple_imghead,../scripts/../src/fileio/simple_imghead.f90,setMaxim,subroutine,private,1175
simple_imghead,../scripts/../src/fileio/simple_imghead.f90,setMaxPixVal,subroutine,private,950
simple_imghead,../scripts/../src/fileio/simple_imghead.f90,setMean,subroutine,private,1253
simple_imghead,../scripts/../src/fileio/simple_imghead.f90,setMinimal,subroutine,private,738
simple_imghead,../scripts/../src/fileio/simple_imghead.f90,setMinPixVal,subroutine,private,935
simple_imghead,../scripts/../src/fileio/simple_imghead.f90,setMode,subroutine,private,1217
simple_imghead,../scripts/../src/fileio/simple_imghead.f90,setPixSz,subroutine,private,979
simple_imghead,../scripts/../src/fileio/simple_imghead.f90,setRMSD,subroutine,private,1233
simple_imghead,../scripts/../src/fileio/simple_imghead.f90,SpiImgHead,type,public,159
simple_imghead,../scripts/../src/fileio/simple_imghead.f90,test_imghead,subroutine,public,1581
simple_imghead,../scripts/../src/fileio/simple_imghead.f90,TiffImgHead,type,public,141
simple_imghead,../scripts/../src/fileio/simple_imghead.f90,transfer_byte_array2obj,subroutine,private,590
simple_imghead,../scripts/../src/fileio/simple_imghead.f90,transfer_obj2byte_array,subroutine,private,546
simple_imghead,../scripts/../src/fileio/simple_imghead.f90,update_stack_nimgs,subroutine,public,1533
simple_imghead,../scripts/../src/fileio/simple_imghead.f90,write,subroutine,private,467
simple_imgproc,../scripts/../src/utils/simple_imgproc.f90,make_pcavecs,subroutine,public,10
simple_imgproc,../scripts/../src/utils/simple_imgproc.f90,make_pcavol,subroutine,public,83
simple_ipc_tcp_socket_client,../scripts/../src/utils/comm/simple_ipc_tcp_socket_client.f90,c_timeval,type,private,51
simple_ipc_tcp_socket_client,../scripts/../src/utils/comm/simple_ipc_tcp_socket_client.f90,connect,subroutine,private,99
simple_ipc_tcp_socket_client,../scripts/../src/utils/comm/simple_ipc_tcp_socket_client.f90,ipc_tcp_socket_client,type,public,56
simple_ipc_tcp_socket_client,../scripts/../src/utils/comm/simple_ipc_tcp_socket_client.f90,kill,subroutine,private,82
simple_ipc_tcp_socket_client,../scripts/../src/utils/comm/simple_ipc_tcp_socket_client.f90,new,subroutine,private,72
simple_ipc_tcp_socket_client,../scripts/../src/utils/comm/simple_ipc_tcp_socket_client.f90,send_recv_msg,subroutine,private,242
simple_ipc_tcp_socket_client,../scripts/../src/utils/comm/simple_ipc_tcp_socket_client.f90,tcp_sockaddr_in,type,public,37
simple_ipc_tcp_socket_helpers,../scripts/../src/utils/comm/simple_ipc_tcp_socket_helpers.f90,accept_connection,function,public,139
simple_ipc_tcp_socket_helpers,../scripts/../src/utils/comm/simple_ipc_tcp_socket_helpers.f90,c_poll,function,private,49
simple_ipc_tcp_socket_helpers,../scripts/../src/utils/comm/simple_ipc_tcp_socket_helpers.f90,c_pollfd,type,public,35
simple_ipc_tcp_socket_helpers,../scripts/../src/utils/comm/simple_ipc_tcp_socket_helpers.f90,c_recv,function,private,57
simple_ipc_tcp_socket_helpers,../scripts/../src/utils/comm/simple_ipc_tcp_socket_helpers.f90,poll_fds,subroutine,public,114
simple_ipc_tcp_socket_server,../scripts/../src/utils/comm/simple_ipc_tcp_socket_server.f90,find_server_ips,subroutine,private,232
simple_ipc_tcp_socket_server,../scripts/../src/utils/comm/simple_ipc_tcp_socket_server.f90,get_server_ips,function,private,223
simple_ipc_tcp_socket_server,../scripts/../src/utils/comm/simple_ipc_tcp_socket_server.f90,ipc_tcp_socket_server,type,public,65
simple_ipc_tcp_socket_server,../scripts/../src/utils/comm/simple_ipc_tcp_socket_server.f90,join_listener,subroutine,private,193
simple_ipc_tcp_socket_server,../scripts/../src/utils/comm/simple_ipc_tcp_socket_server.f90,kill,subroutine,private,98
simple_ipc_tcp_socket_server,../scripts/../src/utils/comm/simple_ipc_tcp_socket_server.f90,listener_args,type,public,58
simple_ipc_tcp_socket_server,../scripts/../src/utils/comm/simple_ipc_tcp_socket_server.f90,new,subroutine,private,88
simple_ipc_tcp_socket_server,../scripts/../src/utils/comm/simple_ipc_tcp_socket_server.f90,recv_msg,subroutine,public,291
simple_ipc_tcp_socket_server,../scripts/../src/utils/comm/simple_ipc_tcp_socket_server.f90,repl_msg,subroutine,public,316
simple_ipc_tcp_socket_server,../scripts/../src/utils/comm/simple_ipc_tcp_socket_server.f90,start_listener,subroutine,private,125
simple_ipc_tcp_socket_server,../scripts/../src/utils/comm/simple_ipc_tcp_socket_server.f90,tcp_sockaddr_in,type,public,45
simple_ipc_tcp_socket_tester,../scripts/../src/utils/comm/simple_ipc_tcp_socket_tester.f90,assert_port_in_range,subroutine,private,202
simple_ipc_tcp_socket_tester,../scripts/../src/utils/comm/simple_ipc_tcp_socket_tester.f90,destroy_listener_args,subroutine,private,194
simple_ipc_tcp_socket_tester,../scripts/../src/utils/comm/simple_ipc_tcp_socket_tester.f90,init_listener_args,subroutine,private,183
simple_ipc_tcp_socket_tester,../scripts/../src/utils/comm/simple_ipc_tcp_socket_tester.f90,listener_echo_ok_once,subroutine,private,254
simple_ipc_tcp_socket_tester,../scripts/../src/utils/comm/simple_ipc_tcp_socket_tester.f90,listener_ready_once,subroutine,private,235
simple_ipc_tcp_socket_tester,../scripts/../src/utils/comm/simple_ipc_tcp_socket_tester.f90,poke_server_port,subroutine,private,209
simple_ipc_tcp_socket_tester,../scripts/../src/utils/comm/simple_ipc_tcp_socket_tester.f90,run_all_ipc_tcp_socket_tests,subroutine,public,38
simple_ipc_tcp_socket_tester,../scripts/../src/utils/comm/simple_ipc_tcp_socket_tester.f90,test_client_send_recv_without_server_fails,subroutine,private,165
simple_ipc_tcp_socket_tester,../scripts/../src/utils/comm/simple_ipc_tcp_socket_tester.f90,test_client_server_roundtrip,subroutine,private,142
simple_ipc_tcp_socket_tester,../scripts/../src/utils/comm/simple_ipc_tcp_socket_tester.f90,test_helpers_accept_connection_invalid_fd,subroutine,private,89
simple_ipc_tcp_socket_tester,../scripts/../src/utils/comm/simple_ipc_tcp_socket_tester.f90,test_helpers_constants,subroutine,private,60
simple_ipc_tcp_socket_tester,../scripts/../src/utils/comm/simple_ipc_tcp_socket_tester.f90,test_helpers_fd_is_healthy_invalid_fd,subroutine,private,82
simple_ipc_tcp_socket_tester,../scripts/../src/utils/comm/simple_ipc_tcp_socket_tester.f90,test_helpers_poll_fds_bounds_and_zero,subroutine,private,70
simple_ipc_tcp_socket_tester,../scripts/../src/utils/comm/simple_ipc_tcp_socket_tester.f90,test_server_find_ips_and_port_range,subroutine,private,96
simple_ipc_tcp_socket_tester,../scripts/../src/utils/comm/simple_ipc_tcp_socket_tester.f90,test_server_new_kill_lifecycle,subroutine,private,111
simple_ipc_tcp_socket_tester,../scripts/../src/utils/comm/simple_ipc_tcp_socket_tester.f90,test_server_start_join_lifecycle,subroutine,private,125
simple_jpg,../scripts/../src/extlibs/jpg/simple_jpg.f90,constructor,subroutine,private,131
simple_jpg,../scripts/../src/extlibs/jpg/simple_jpg.f90,load_jpeg_i4,function,private,393
simple_jpg,../scripts/../src/extlibs/jpg/simple_jpg.f90,load_jpeg_r4,function,private,355
simple_jpg,../scripts/../src/extlibs/jpg/simple_jpg.f90,montage,function,private,201
simple_jpg,../scripts/../src/extlibs/jpg/simple_jpg.f90,read_jpeg,subroutine,private,68
simple_jpg,../scripts/../src/extlibs/jpg/simple_jpg.f90,save_jpeg_i4,function,private,307
simple_jpg,../scripts/../src/extlibs/jpg/simple_jpg.f90,save_jpeg_r4,function,private,255
simple_jpg,../scripts/../src/extlibs/jpg/simple_jpg.f90,save_jpeg_r4_3D,function,private,233
simple_jpg,../scripts/../src/extlibs/jpg/simple_jpg.f90,setColorspace,subroutine,private,183
simple_jpg,../scripts/../src/extlibs/jpg/simple_jpg.f90,setGamma,subroutine,private,189
simple_jpg,../scripts/../src/extlibs/jpg/simple_jpg.f90,setHeight,subroutine,private,171
simple_jpg,../scripts/../src/extlibs/jpg/simple_jpg.f90,setNormalised,subroutine,private,195
simple_jpg,../scripts/../src/extlibs/jpg/simple_jpg.f90,setQuality,subroutine,private,177
simple_jpg,../scripts/../src/extlibs/jpg/simple_jpg.f90,setup_jpeg,subroutine,private,59
simple_jpg,../scripts/../src/extlibs/jpg/simple_jpg.f90,setWidth,subroutine,private,165
simple_jpg,../scripts/../src/extlibs/jpg/simple_jpg.f90,test_jpg_export,subroutine,public,428
simple_jpg,../scripts/../src/extlibs/jpg/simple_jpg.f90,write_jpeg,subroutine,private,79
simple_kbinterpol,../scripts/../src/main/interp/simple_kbinterpol.f90,kbinterpol,type,public,27
simple_kd_tree,../scripts/../src/utils/structs/simple_kd_tree.f90,build_kd_tree,subroutine,private,51
simple_kd_tree,../scripts/../src/utils/structs/simple_kd_tree.f90,build_node,subroutine,private,70
simple_kd_tree,../scripts/../src/utils/structs/simple_kd_tree.f90,grow_nodes,subroutine,private,402
simple_kd_tree,../scripts/../src/utils/structs/simple_kd_tree.f90,heap_consider,subroutine,private,285
simple_kd_tree,../scripts/../src/utils/structs/simple_kd_tree.f90,heap_sift_down,subroutine,private,309
simple_kd_tree,../scripts/../src/utils/structs/simple_kd_tree.f90,kd_tree,type,public,20
simple_kd_tree,../scripts/../src/utils/structs/simple_kd_tree.f90,kill_kd_tree,subroutine,private,450
simple_kd_tree,../scripts/../src/utils/structs/simple_kd_tree.f90,kill_knn_table,subroutine,private,43
simple_kd_tree,../scripts/../src/utils/structs/simple_kd_tree.f90,knn_table,type,public,11
simple_kd_tree,../scripts/../src/utils/structs/simple_kd_tree.f90,query_all_kd_tree,subroutine,private,208
simple_kd_tree,../scripts/../src/utils/structs/simple_kd_tree.f90,query_kd_tree,subroutine,private,182
simple_kd_tree,../scripts/../src/utils/structs/simple_kd_tree.f90,query_node,subroutine,private,247
simple_kd_tree,../scripts/../src/utils/structs/simple_kd_tree.f90,reserve_nodes,subroutine,private,394
simple_kd_tree,../scripts/../src/utils/structs/simple_kd_tree.f90,select_kth,subroutine,private,114
simple_kd_tree,../scripts/../src/utils/structs/simple_kd_tree.f90,sort_neighbor_pairs,subroutine,private,328
simple_kd_tree,../scripts/../src/utils/structs/simple_kd_tree.f90,swap_int,subroutine,private,466
simple_kd_tree,../scripts/../src/utils/structs/simple_kd_tree.f90,swap_pair,subroutine,private,361
simple_kd_tree,../scripts/../src/utils/structs/simple_kd_tree.f90,validate_query,subroutine,private,371
simple_kmedoids,../scripts/../src/utils/clustering/simple_kmedoids.f90,assign_labels,subroutine,private,161
simple_kmedoids,../scripts/../src/utils/clustering/simple_kmedoids.f90,cluster,subroutine,private,98
simple_kmedoids,../scripts/../src/utils/clustering/simple_kmedoids.f90,find_medoid,subroutine,private,132
simple_kmedoids,../scripts/../src/utils/clustering/simple_kmedoids.f90,find_medoids,subroutine,private,122
simple_kmedoids,../scripts/../src/utils/clustering/simple_kmedoids.f90,get_labels,subroutine,private,57
simple_kmedoids,../scripts/../src/utils/clustering/simple_kmedoids.f90,get_medoids,subroutine,private,63
simple_kmedoids,../scripts/../src/utils/clustering/simple_kmedoids.f90,init,subroutine,private,70
simple_kmedoids,../scripts/../src/utils/clustering/simple_kmedoids.f90,kill,subroutine,private,258
simple_kmedoids,../scripts/../src/utils/clustering/simple_kmedoids.f90,merge,subroutine,private,183
simple_kmedoids,../scripts/../src/utils/clustering/simple_kmedoids.f90,merge_ranked,subroutine,private,219
simple_kmedoids,../scripts/../src/utils/clustering/simple_kmedoids.f90,new_1,subroutine,private,35
simple_kmedoids,../scripts/../src/utils/clustering/simple_kmedoids.f90,new_2,subroutine,private,48
simple_kpca_svd,../scripts/../src/main/pca/simple_kpca_svd.f90,center_columns,subroutine,private,1248
simple_kpca_svd,../scripts/../src/main/pca/simple_kpca_svd.f90,choose_nystrom_inds_from_data,subroutine,private,961
simple_kpca_svd,../scripts/../src/main/pca/simple_kpca_svd.f90,compute_eigvecs,subroutine,private,736
simple_kpca_svd,../scripts/../src/main/pca/simple_kpca_svd.f90,cosine_kernel,subroutine,private,695
simple_kpca_svd,../scripts/../src/main/pca/simple_kpca_svd.f90,dense_mm,subroutine,private,1202
simple_kpca_svd,../scripts/../src/main/pca/simple_kpca_svd.f90,dense_tmm,subroutine,private,1179
simple_kpca_svd,../scripts/../src/main/pca/simple_kpca_svd.f90,generate_kpca,subroutine,private,155
simple_kpca_svd,../scripts/../src/main/pca/simple_kpca_svd.f90,get_eigvals_kpca,function,private,144
simple_kpca_svd,../scripts/../src/main/pca/simple_kpca_svd.f90,get_feat_kpca,function,private,137
simple_kpca_svd,../scripts/../src/main/pca/simple_kpca_svd.f90,gram_symmetric,subroutine,private,1225
simple_kpca_svd,../scripts/../src/main/pca/simple_kpca_svd.f90,kernel_center,subroutine,private,684
simple_kpca_svd,../scripts/../src/main/pca/simple_kpca_svd.f90,kill_kpca,subroutine,private,1335
simple_kpca_svd,../scripts/../src/main/pca/simple_kpca_svd.f90,kpca_svd,type,public,13
simple_kpca_svd,../scripts/../src/main/pca/simple_kpca_svd.f90,master_kpca,subroutine,private,165
simple_kpca_svd,../scripts/../src/main/pca/simple_kpca_svd.f90,master_nystrom,subroutine,private,287
simple_kpca_svd,../scripts/../src/main/pca/simple_kpca_svd.f90,new_kpca,subroutine,private,64
simple_kpca_svd,../scripts/../src/main/pca/simple_kpca_svd.f90,orthonormalize_cols,subroutine,private,1310
simple_kpca_svd,../scripts/../src/main/pca/simple_kpca_svd.f90,partial_eigh_sym,subroutine,private,1270
simple_kpca_svd,../scripts/../src/main/pca/simple_kpca_svd.f90,projected_kernel_col,subroutine,private,938
simple_kpca_svd,../scripts/../src/main/pca/simple_kpca_svd.f90,rbf_kernel,subroutine,private,714
simple_kpca_svd,../scripts/../src/main/pca/simple_kpca_svd.f90,select_local_support_inds,subroutine,private,1065
simple_kpca_svd,../scripts/../src/main/pca/simple_kpca_svd.f90,select_nystrom_inds,subroutine,private,949
simple_kpca_svd,../scripts/../src/main/pca/simple_kpca_svd.f90,set_params_kpca,subroutine,private,87
simple_linalg,../scripts/../src/utils/math/simple_linalg.f90,sparse_matvec_sp_proc,subroutine,private,19
simple_linked_list,../scripts/../src/utils/structs/simple_linked_list.f90,advance,subroutine,private,537
simple_linked_list,../scripts/../src/utils/structs/simple_linked_list.f90,append,function,private,326
simple_linked_list,../scripts/../src/utils/structs/simple_linked_list.f90,assign,subroutine,private,314
simple_linked_list,../scripts/../src/utils/structs/simple_linked_list.f90,at,subroutine,private,205
simple_linked_list,../scripts/../src/utils/structs/simple_linked_list.f90,at_char,subroutine,private,280
simple_linked_list,../scripts/../src/utils/structs/simple_linked_list.f90,at_complex,subroutine,private,250
simple_linked_list,../scripts/../src/utils/structs/simple_linked_list.f90,at_int,subroutine,private,220
simple_linked_list,../scripts/../src/utils/structs/simple_linked_list.f90,at_logical,subroutine,private,265
simple_linked_list,../scripts/../src/utils/structs/simple_linked_list.f90,at_real,subroutine,private,235
simple_linked_list,../scripts/../src/utils/structs/simple_linked_list.f90,back,subroutine,private,197
simple_linked_list,../scripts/../src/utils/structs/simple_linked_list.f90,begin,function,private,495
simple_linked_list,../scripts/../src/utils/structs/simple_linked_list.f90,end,function,private,501
simple_linked_list,../scripts/../src/utils/structs/simple_linked_list.f90,end_iter,function,private,507
simple_linked_list,../scripts/../src/utils/structs/simple_linked_list.f90,front,subroutine,private,189
simple_linked_list,../scripts/../src/utils/structs/simple_linked_list.f90,getter,subroutine,private,524
simple_linked_list,../scripts/../src/utils/structs/simple_linked_list.f90,kill,subroutine,private,171
simple_linked_list,../scripts/../src/utils/structs/simple_linked_list.f90,kill_node,subroutine,private,165
simple_linked_list,../scripts/../src/utils/structs/simple_linked_list.f90,linked_list,type,public,17
simple_linked_list,../scripts/../src/utils/structs/simple_linked_list.f90,list_iterator,type,public,62
simple_linked_list,../scripts/../src/utils/structs/simple_linked_list.f90,next,subroutine,private,518
simple_linked_list,../scripts/../src/utils/structs/simple_linked_list.f90,node,type,private,10
simple_linked_list,../scripts/../src/utils/structs/simple_linked_list.f90,pop_front,subroutine,private,140
simple_linked_list,../scripts/../src/utils/structs/simple_linked_list.f90,push_back,subroutine,private,92
simple_linked_list,../scripts/../src/utils/structs/simple_linked_list.f90,push_back_char,subroutine,private,132
simple_linked_list,../scripts/../src/utils/structs/simple_linked_list.f90,push_back_complex,subroutine,private,120
simple_linked_list,../scripts/../src/utils/structs/simple_linked_list.f90,push_back_int,subroutine,private,108
simple_linked_list,../scripts/../src/utils/structs/simple_linked_list.f90,push_back_logical,subroutine,private,126
simple_linked_list,../scripts/../src/utils/structs/simple_linked_list.f90,push_back_real,subroutine,private,114
simple_linked_list,../scripts/../src/utils/structs/simple_linked_list.f90,push_front,subroutine,private,80
simple_linked_list,../scripts/../src/utils/structs/simple_linked_list.f90,replace_at,subroutine,private,373
simple_linked_list,../scripts/../src/utils/structs/simple_linked_list.f90,replace_iterator,subroutine,private,419
simple_linked_list,../scripts/../src/utils/structs/simple_linked_list.f90,replace_with,subroutine,private,470
simple_linked_list,../scripts/../src/utils/structs/simple_linked_list.f90,slice,subroutine,private,350
simple_linked_list_tester,../scripts/../src/utils/structs/simple_linked_list_tester.f90,particle,type,private,13
simple_linked_list_tester,../scripts/../src/utils/structs/simple_linked_list_tester.f90,run_all_list_tests,subroutine,public,21
simple_linked_list_tester,../scripts/../src/utils/structs/simple_linked_list_tester.f90,test_append,subroutine,private,124
simple_linked_list_tester,../scripts/../src/utils/structs/simple_linked_list_tester.f90,test_assign_and_copy_semantics,subroutine,private,105
simple_linked_list_tester,../scripts/../src/utils/structs/simple_linked_list_tester.f90,test_complex,subroutine,private,279
simple_linked_list_tester,../scripts/../src/utils/structs/simple_linked_list_tester.f90,test_derived_type_independence,subroutine,private,372
simple_linked_list_tester,../scripts/../src/utils/structs/simple_linked_list_tester.f90,test_derived_type_values,subroutine,private,350
simple_linked_list_tester,../scripts/../src/utils/structs/simple_linked_list_tester.f90,test_end_iterator_behavior,subroutine,private,204
simple_linked_list_tester,../scripts/../src/utils/structs/simple_linked_list_tester.f90,test_front_back_at,subroutine,private,90
simple_linked_list_tester,../scripts/../src/utils/structs/simple_linked_list_tester.f90,test_intrinsic_integer,subroutine,private,232
simple_linked_list_tester,../scripts/../src/utils/structs/simple_linked_list_tester.f90,test_iteration,subroutine,private,156
simple_linked_list_tester,../scripts/../src/utils/structs/simple_linked_list_tester.f90,test_iterator_index_and_advance,subroutine,private,184
simple_linked_list_tester,../scripts/../src/utils/structs/simple_linked_list_tester.f90,test_kill,subroutine,private,219
simple_linked_list_tester,../scripts/../src/utils/structs/simple_linked_list_tester.f90,test_logical,subroutine,private,297
simple_linked_list_tester,../scripts/../src/utils/structs/simple_linked_list_tester.f90,test_move_semantics,subroutine,private,429
simple_linked_list_tester,../scripts/../src/utils/structs/simple_linked_list_tester.f90,test_nested_allocations,subroutine,private,401
simple_linked_list_tester,../scripts/../src/utils/structs/simple_linked_list_tester.f90,test_pop_front,subroutine,private,67
simple_linked_list_tester,../scripts/../src/utils/structs/simple_linked_list_tester.f90,test_push_and_size,subroutine,private,51
simple_linked_list_tester,../scripts/../src/utils/structs/simple_linked_list_tester.f90,test_real,subroutine,private,254
simple_linked_list_tester,../scripts/../src/utils/structs/simple_linked_list_tester.f90,test_replace_iterator_stability,subroutine,private,465
simple_linked_list_tester,../scripts/../src/utils/structs/simple_linked_list_tester.f90,test_slice,subroutine,private,140
simple_linked_list_tester,../scripts/../src/utils/structs/simple_linked_list_tester.f90,test_string_values,subroutine,private,326
simple_linked_list_tester,../scripts/../src/utils/structs/simple_linked_list_tester.f90,test_type_safe_wrappers,subroutine,private,453
simple_make_cavgs_strategy,../scripts/../src/main/strategies/parallelization/simple_make_cavgs_strategy.f90,apply_defaults_interface,subroutine,private,91
simple_make_cavgs_strategy,../scripts/../src/main/strategies/parallelization/simple_make_cavgs_strategy.f90,apply_distr_entry_defaults,subroutine,private,184
simple_make_cavgs_strategy,../scripts/../src/main/strategies/parallelization/simple_make_cavgs_strategy.f90,base_after_end,subroutine,private,137
simple_make_cavgs_strategy,../scripts/../src/main/strategies/parallelization/simple_make_cavgs_strategy.f90,cavgassemble_hook,subroutine,private,27
simple_make_cavgs_strategy,../scripts/../src/main/strategies/parallelization/simple_make_cavgs_strategy.f90,cavger_prepare_and_assemble,subroutine,private,234
simple_make_cavgs_strategy,../scripts/../src/main/strategies/parallelization/simple_make_cavgs_strategy.f90,cleanup_interface,subroutine,private,118
simple_make_cavgs_strategy,../scripts/../src/main/strategies/parallelization/simple_make_cavgs_strategy.f90,create_make_cavgs_strategy,function,public,149
simple_make_cavgs_strategy,../scripts/../src/main/strategies/parallelization/simple_make_cavgs_strategy.f90,endmsg_interface,function,private,125
simple_make_cavgs_strategy,../scripts/../src/main/strategies/parallelization/simple_make_cavgs_strategy.f90,exec_interface,subroutine,private,104
simple_make_cavgs_strategy,../scripts/../src/main/strategies/parallelization/simple_make_cavgs_strategy.f90,finalize_interface,subroutine,private,111
simple_make_cavgs_strategy,../scripts/../src/main/strategies/parallelization/simple_make_cavgs_strategy.f90,generate_cluster_centers,subroutine,private,190
simple_make_cavgs_strategy,../scripts/../src/main/strategies/parallelization/simple_make_cavgs_strategy.f90,init_interface,subroutine,private,97
simple_make_cavgs_strategy,../scripts/../src/main/strategies/parallelization/simple_make_cavgs_strategy.f90,make_cavgs_hooks,type,public,34
simple_make_cavgs_strategy,../scripts/../src/main/strategies/parallelization/simple_make_cavgs_strategy.f90,make_cavgs_master_strategy,type,public,77
simple_make_cavgs_strategy,../scripts/../src/main/strategies/parallelization/simple_make_cavgs_strategy.f90,make_cavgs_shmem_strategy,type,public,55
simple_make_cavgs_strategy,../scripts/../src/main/strategies/parallelization/simple_make_cavgs_strategy.f90,make_cavgs_strategy,type,public,41
simple_make_cavgs_strategy,../scripts/../src/main/strategies/parallelization/simple_make_cavgs_strategy.f90,make_cavgs_worker_strategy,type,public,66
simple_make_cavgs_strategy,../scripts/../src/main/strategies/parallelization/simple_make_cavgs_strategy.f90,master_apply_defaults,subroutine,private,394
simple_make_cavgs_strategy,../scripts/../src/main/strategies/parallelization/simple_make_cavgs_strategy.f90,master_cleanup,subroutine,private,444
simple_make_cavgs_strategy,../scripts/../src/main/strategies/parallelization/simple_make_cavgs_strategy.f90,master_end_message,function,private,453
simple_make_cavgs_strategy,../scripts/../src/main/strategies/parallelization/simple_make_cavgs_strategy.f90,master_execute,subroutine,private,423
simple_make_cavgs_strategy,../scripts/../src/main/strategies/parallelization/simple_make_cavgs_strategy.f90,master_finalize_run,subroutine,private,437
simple_make_cavgs_strategy,../scripts/../src/main/strategies/parallelization/simple_make_cavgs_strategy.f90,master_initialize,subroutine,private,400
simple_make_cavgs_strategy,../scripts/../src/main/strategies/parallelization/simple_make_cavgs_strategy.f90,print_raw_source_verification,subroutine,private,242
simple_make_cavgs_strategy,../scripts/../src/main/strategies/parallelization/simple_make_cavgs_strategy.f90,setup_evenodd,subroutine,private,218
simple_make_cavgs_strategy,../scripts/../src/main/strategies/parallelization/simple_make_cavgs_strategy.f90,shmem_apply_defaults,subroutine,private,278
simple_make_cavgs_strategy,../scripts/../src/main/strategies/parallelization/simple_make_cavgs_strategy.f90,shmem_bookkeeping,subroutine,private,264
simple_make_cavgs_strategy,../scripts/../src/main/strategies/parallelization/simple_make_cavgs_strategy.f90,shmem_cleanup,subroutine,private,322
simple_make_cavgs_strategy,../scripts/../src/main/strategies/parallelization/simple_make_cavgs_strategy.f90,shmem_end_message,function,private,330
simple_make_cavgs_strategy,../scripts/../src/main/strategies/parallelization/simple_make_cavgs_strategy.f90,shmem_execute,subroutine,private,296
simple_make_cavgs_strategy,../scripts/../src/main/strategies/parallelization/simple_make_cavgs_strategy.f90,shmem_finalize_run,subroutine,private,315
simple_make_cavgs_strategy,../scripts/../src/main/strategies/parallelization/simple_make_cavgs_strategy.f90,shmem_initialize,subroutine,private,284
simple_make_cavgs_strategy,../scripts/../src/main/strategies/parallelization/simple_make_cavgs_strategy.f90,worker_apply_defaults,subroutine,private,340
simple_make_cavgs_strategy,../scripts/../src/main/strategies/parallelization/simple_make_cavgs_strategy.f90,worker_cleanup,subroutine,private,376
simple_make_cavgs_strategy,../scripts/../src/main/strategies/parallelization/simple_make_cavgs_strategy.f90,worker_end_message,function,private,384
simple_make_cavgs_strategy,../scripts/../src/main/strategies/parallelization/simple_make_cavgs_strategy.f90,worker_execute,subroutine,private,353
simple_make_cavgs_strategy,../scripts/../src/main/strategies/parallelization/simple_make_cavgs_strategy.f90,worker_finalize_run,subroutine,private,369
simple_make_cavgs_strategy,../scripts/../src/main/strategies/parallelization/simple_make_cavgs_strategy.f90,worker_initialize,subroutine,private,346
simple_make_cavgs_strategy,../scripts/../src/main/strategies/parallelization/simple_make_cavgs_strategy.f90,write_oritype_segment_for_compute,subroutine,private,223
simple_map_reduce,../scripts/../src/utils/simple_map_reduce.f90,split_nobjs_even,function,public,15
simple_map_reduce,../scripts/../src/utils/simple_map_reduce.f90,split_pairs_in_parts,subroutine,public,48
simple_matcher_2Dprep,../scripts/../src/main/strategies/search/simple_matcher_2Dprep.f90,calc_2Dref_offset,subroutine,public,94
simple_matcher_2Dprep,../scripts/../src/main/strategies/search/simple_matcher_2Dprep.f90,prep2Dref,subroutine,public,125
simple_matcher_2Dprep,../scripts/../src/main/strategies/search/simple_matcher_2Dprep.f90,prepimg4align,subroutine,public,24
simple_matcher_2Dprep,../scripts/../src/main/strategies/search/simple_matcher_2Dprep.f90,prepimg4align_cached,subroutine,public,61
simple_matcher_3Drec,../scripts/../src/main/strategies/search/simple_matcher_3Drec.f90,calc_3Drec,subroutine,private,32
simple_matcher_3Drec,../scripts/../src/main/strategies/search/simple_matcher_3Drec.f90,calc_projdir3Drec,subroutine,private,137
simple_matcher_3Drec,../scripts/../src/main/strategies/search/simple_matcher_3Drec.f90,cleanup_rec_buffers,subroutine,public,410
simple_matcher_3Drec,../scripts/../src/main/strategies/search/simple_matcher_3Drec.f90,group_pinds_by_state_eo,subroutine,private,282
simple_matcher_3Drec,../scripts/../src/main/strategies/search/simple_matcher_3Drec.f90,init_rec,subroutine,public,434
simple_matcher_3Drec,../scripts/../src/main/strategies/search/simple_matcher_3Drec.f90,init_state_half_rec,subroutine,private,333
simple_matcher_3Drec,../scripts/../src/main/strategies/search/simple_matcher_3Drec.f90,kill_state_half_rec,subroutine,private,340
simple_matcher_3Drec,../scripts/../src/main/strategies/search/simple_matcher_3Drec.f90,mark_empty_state,subroutine,private,403
simple_matcher_3Drec,../scripts/../src/main/strategies/search/simple_matcher_3Drec.f90,prep_imgs4rec,subroutine,public,480
simple_matcher_3Drec,../scripts/../src/main/strategies/search/simple_matcher_3Drec.f90,set_state_vol_output,subroutine,public,393
simple_matcher_3Drec,../scripts/../src/main/strategies/search/simple_matcher_3Drec.f90,update_state_half_rec,subroutine,private,346
simple_matcher_3Drec,../scripts/../src/main/strategies/search/simple_matcher_3Drec.f90,write_state_half_partial,subroutine,public,368
simple_matcher_pftc_prep,../scripts/../src/main/strategies/search/simple_matcher_pftc_prep.f90,prep_pftc4align2D,subroutine,public,19
simple_matcher_ptcl_batch,../scripts/../src/main/strategies/search/simple_matcher_ptcl_batch.f90,alloc_ptcl_imgs,subroutine,public,52
simple_matcher_ptcl_batch,../scripts/../src/main/strategies/search/simple_matcher_ptcl_batch.f90,build_batch_particles2D,subroutine,public,191
simple_matcher_ptcl_batch,../scripts/../src/main/strategies/search/simple_matcher_ptcl_batch.f90,build_batch_particles3D,subroutine,public,86
simple_matcher_ptcl_batch,../scripts/../src/main/strategies/search/simple_matcher_ptcl_batch.f90,clean_batch_particles2D,subroutine,public,237
simple_matcher_ptcl_batch,../scripts/../src/main/strategies/search/simple_matcher_ptcl_batch.f90,clean_batch_particles3D,subroutine,public,247
simple_matcher_ptcl_batch,../scripts/../src/main/strategies/search/simple_matcher_ptcl_batch.f90,polarize_batch_particles3D,subroutine,private,132
simple_matcher_ptcl_batch,../scripts/../src/main/strategies/search/simple_matcher_ptcl_batch.f90,polarize_batch_particles3D_den,subroutine,private,165
simple_matcher_ptcl_batch,../scripts/../src/main/strategies/search/simple_matcher_ptcl_batch.f90,prep_sigmas_objfun,subroutine,public,26
simple_matcher_refvol_utils,../scripts/../src/main/strategies/search/simple_matcher_refvol_utils.f90,adopt_reprojection_model_range,subroutine,public,86
simple_matcher_refvol_utils,../scripts/../src/main/strategies/search/simple_matcher_refvol_utils.f90,autorescale_old_convention,subroutine,private,414
simple_matcher_refvol_utils,../scripts/../src/main/strategies/search/simple_matcher_refvol_utils.f90,blend_lowres_eo_for_registration,subroutine,private,567
simple_matcher_refvol_utils,../scripts/../src/main/strategies/search/simple_matcher_refvol_utils.f90,calcrefvolshift_and_mapshifts2ptcls,subroutine,private,192
simple_matcher_refvol_utils,../scripts/../src/main/strategies/search/simple_matcher_refvol_utils.f90,estimate_lp_from_refs,subroutine,public,474
simple_matcher_refvol_utils,../scripts/../src/main/strategies/search/simple_matcher_refvol_utils.f90,mask_matching_reference,subroutine,private,400
simple_matcher_refvol_utils,../scripts/../src/main/strategies/search/simple_matcher_refvol_utils.f90,materialize_reprojection_model_from_volumes,subroutine,public,123
simple_matcher_refvol_utils,../scripts/../src/main/strategies/search/simple_matcher_refvol_utils.f90,pick_lp_est_state,subroutine,public,449
simple_matcher_refvol_utils,../scripts/../src/main/strategies/search/simple_matcher_refvol_utils.f90,prepare_matching_reference_mask,subroutine,private,355
simple_matcher_refvol_utils,../scripts/../src/main/strategies/search/simple_matcher_refvol_utils.f90,read_mask_filter_refvols,subroutine,private,231
simple_matcher_refvol_utils,../scripts/../src/main/strategies/search/simple_matcher_refvol_utils.f90,read_mask_filter_reproject_refvols,subroutine,public,505
simple_matcher_refvol_utils,../scripts/../src/main/strategies/search/simple_matcher_refvol_utils.f90,read_reprojection_model,subroutine,public,101
simple_matcher_refvol_utils,../scripts/../src/main/strategies/search/simple_matcher_refvol_utils.f90,read_reprojection_model_file_header,subroutine,private,166
simple_matcher_refvol_utils,../scripts/../src/main/strategies/search/simple_matcher_refvol_utils.f90,read_reprojection_model_header,subroutine,private,148
simple_matcher_refvol_utils,../scripts/../src/main/strategies/search/simple_matcher_refvol_utils.f90,regularize_ref_with_noise,subroutine,private,428
simple_matcher_refvol_utils,../scripts/../src/main/strategies/search/simple_matcher_refvol_utils.f90,remove_ref_section_files,subroutine,public,72
simple_matcher_smpl_and_lplims,../scripts/../src/main/strategies/search/simple_matcher_smpl_and_lplims.f90,sample_ptcls4fillin,subroutine,public,241
simple_matcher_smpl_and_lplims,../scripts/../src/main/strategies/search/simple_matcher_smpl_and_lplims.f90,sample_ptcls4missing3D,subroutine,public,251
simple_matcher_smpl_and_lplims,../scripts/../src/main/strategies/search/simple_matcher_smpl_and_lplims.f90,sample_ptcls4update2D,subroutine,public,260
simple_matcher_smpl_and_lplims,../scripts/../src/main/strategies/search/simple_matcher_smpl_and_lplims.f90,sample_ptcls4update3D,subroutine,public,197
simple_matcher_smpl_and_lplims,../scripts/../src/main/strategies/search/simple_matcher_smpl_and_lplims.f90,set_bp_range2D,subroutine,public,153
simple_matcher_smpl_and_lplims,../scripts/../src/main/strategies/search/simple_matcher_smpl_and_lplims.f90,set_bp_range3D,subroutine,public,17
simple_mem_estimator,../scripts/../src/utils/simple_mem_estimator.f90,estimate_mem_usage,subroutine,public,9
simple_mem_estimator,../scripts/../src/utils/simple_mem_estimator.f90,estimate_mem_usage_2D,function,public,60
simple_mem_estimator,../scripts/../src/utils/simple_mem_estimator.f90,estimate_mem_usage_ctf_estimation,function,public,124
simple_mem_estimator,../scripts/../src/utils/simple_mem_estimator.f90,estimate_mem_usage_extract,function,public,152
simple_mem_estimator,../scripts/../src/utils/simple_mem_estimator.f90,estimate_mem_usage_motion_corr,function,public,96
simple_mem_estimator,../scripts/../src/utils/simple_mem_estimator.f90,estimate_mem_usage_pick,function,public,138
simple_mem_estimator,../scripts/../src/utils/simple_mem_estimator.f90,estimate_mem_usage_preprocess,function,public,110
simple_mem_estimator,../scripts/../src/utils/simple_mem_estimator.f90,estimate_mem_usage_pspec,function,public,73
simple_mem_estimator,../scripts/../src/utils/simple_mem_estimator.f90,estimate_mem_usage_scale,function,public,85
simple_memoize_ft_maps,../scripts/../src/utils/simple_memoize_ft_maps.f90,forget_ft_maps,subroutine,public,58
simple_memoize_ft_maps,../scripts/../src/utils/simple_memoize_ft_maps.f90,ft_map_get_farray_shape,function,public,71
simple_memoize_ft_maps,../scripts/../src/utils/simple_memoize_ft_maps.f90,memoize_ft_maps,subroutine,public,24
simple_memory_monitor,../scripts/../src/utils/simple_memory_monitor.f90,log_sample,subroutine,private,121
simple_memory_monitor,../scripts/../src/utils/simple_memory_monitor.f90,mem_monitor_finish,subroutine,public,73
simple_memory_monitor,../scripts/../src/utils/simple_memory_monitor.f90,mem_monitor_init,subroutine,public,29
simple_memory_monitor,../scripts/../src/utils/simple_memory_monitor.f90,mem_report,subroutine,public,61
simple_memory_monitor,../scripts/../src/utils/simple_memory_monitor.f90,start_monitor,subroutine,private,87
simple_micproc,../scripts/../src/utils/simple_micproc.f90,binarize_mic_den,subroutine,public,182
simple_micproc,../scripts/../src/utils/simple_micproc.f90,bs_smoother,subroutine,public,166
simple_micproc,../scripts/../src/utils/simple_micproc.f90,bs_smoother_biomol,subroutine,public,159
simple_micproc,../scripts/../src/utils/simple_micproc.f90,cascade_filter,subroutine,public,134
simple_micproc,../scripts/../src/utils/simple_micproc.f90,cascade_filter_biomol,subroutine,public,126
simple_micproc,../scripts/../src/utils/simple_micproc.f90,cluster,subroutine,public,474
simple_micproc,../scripts/../src/utils/simple_micproc.f90,clustering_rejection,subroutine,public,235
simple_micproc,../scripts/../src/utils/simple_micproc.f90,flag_amorphous_carbon,subroutine,public,197
simple_micproc,../scripts/../src/utils/simple_micproc.f90,flag_ice,subroutine,public,543
simple_micproc,../scripts/../src/utils/simple_micproc.f90,read_mic,subroutine,public,114
simple_micproc,../scripts/../src/utils/simple_micproc.f90,read_mic_subtr_backgr,subroutine,public,83
simple_micproc,../scripts/../src/utils/simple_micproc.f90,read_mic_subtr_backgr_shrink,subroutine,public,27
simple_micproc,../scripts/../src/utils/simple_micproc.f90,sample_filetab,function,public,11
simple_micrograph_generator,../scripts/../src/main/simple_micrograph_generator.f90,cure_outliers_1,subroutine,private,606
simple_micrograph_generator,../scripts/../src/main/simple_micrograph_generator.f90,cure_outliers_2,subroutine,private,668
simple_micrograph_generator,../scripts/../src/main/simple_micrograph_generator.f90,display,subroutine,private,574
simple_micrograph_generator,../scripts/../src/main/simple_micrograph_generator.f90,generate_micrographs,subroutine,private,290
simple_micrograph_generator,../scripts/../src/main/simple_micrograph_generator.f90,get_moviename,function,private,786
simple_micrograph_generator,../scripts/../src/main/simple_micrograph_generator.f90,kill,subroutine,private,818
simple_micrograph_generator,../scripts/../src/main/simple_micrograph_generator.f90,mic_generator,type,public,19
simple_micrograph_generator,../scripts/../src/main/simple_micrograph_generator.f90,new,subroutine,private,57
simple_micrograph_generator,../scripts/../src/main/simple_micrograph_generator.f90,parse_movie_metadata,subroutine,private,192
simple_micrograph_generator,../scripts/../src/main/simple_micrograph_generator.f90,parse_string,subroutine,private,810
simple_micrograph_generator,../scripts/../src/main/simple_micrograph_generator.f90,write_star,subroutine,private,451
simple_mini_stream_utils,../scripts/../src/main/stream/simple_mini_stream_utils.f90,ensure_real_capacity,subroutine,public,559
simple_mini_stream_utils,../scripts/../src/main/stream/simple_mini_stream_utils.f90,ensure_real_capacity,subroutine,public,898
simple_mini_stream_utils,../scripts/../src/main/stream/simple_mini_stream_utils.f90,print_diam_stats,subroutine,public,578
simple_mini_stream_utils,../scripts/../src/main/stream/simple_mini_stream_utils.f90,print_diam_stats,subroutine,public,917
simple_mini_stream_utils,../scripts/../src/main/stream/simple_mini_stream_utils.f90,segdiampick_mics,subroutine,public,78
simple_mini_stream_utils,../scripts/../src/main/stream/simple_mini_stream_utils.f90,segdiampick_mics_multi,subroutine,public,247
simple_mini_stream_utils,../scripts/../src/main/stream/simple_mini_stream_utils.f90,segdiampick_mics_multi_fixed_bins,subroutine,public,612
simple_mini_stream_utils,../scripts/../src/main/stream/simple_mini_stream_utils.f90,segdiampick_preprocess,subroutine,public,20
simple_molecule_data,../scripts/../src/main/nano/simple_molecule_data.f90,betagal_1jyx,function,public,23
simple_molecule_data,../scripts/../src/main/nano/simple_molecule_data.f90,molecule_data,type,public,7
simple_molecule_data,../scripts/../src/main/nano/simple_molecule_data.f90,sars_cov2_spkgp_6vxx,function,public,34244
simple_motion_align_hybrid,../scripts/../src/main/motion/simple_motion_align_hybrid.f90,align,subroutine,private,245
simple_motion_align_hybrid,../scripts/../src/main/motion/simple_motion_align_hybrid.f90,align_corr,subroutine,private,422
simple_motion_align_hybrid,../scripts/../src/main/motion/simple_motion_align_hybrid.f90,align_dcorr,subroutine,private,333
simple_motion_align_hybrid,../scripts/../src/main/motion/simple_motion_align_hybrid.f90,align_discrete,subroutine,private,299
simple_motion_align_hybrid,../scripts/../src/main/motion/simple_motion_align_hybrid.f90,calc_shifts,subroutine,private,530
simple_motion_align_hybrid,../scripts/../src/main/motion/simple_motion_align_hybrid.f90,dealloc_ftexps,subroutine,private,230
simple_motion_align_hybrid,../scripts/../src/main/motion/simple_motion_align_hybrid.f90,dealloc_images,subroutine,private,202
simple_motion_align_hybrid,../scripts/../src/main/motion/simple_motion_align_hybrid.f90,fit_polynomial,subroutine,private,768
simple_motion_align_hybrid,../scripts/../src/main/motion/simple_motion_align_hybrid.f90,gen_weights,subroutine,private,580
simple_motion_align_hybrid,../scripts/../src/main/motion/simple_motion_align_hybrid.f90,get_coords,subroutine,private,746
simple_motion_align_hybrid,../scripts/../src/main/motion/simple_motion_align_hybrid.f90,get_corrs,subroutine,private,696
simple_motion_align_hybrid,../scripts/../src/main/motion/simple_motion_align_hybrid.f90,get_opt_shifts,subroutine,private,702
simple_motion_align_hybrid,../scripts/../src/main/motion/simple_motion_align_hybrid.f90,get_shifts_toplot,subroutine,private,708
simple_motion_align_hybrid,../scripts/../src/main/motion/simple_motion_align_hybrid.f90,get_weights,subroutine,private,679
simple_motion_align_hybrid,../scripts/../src/main/motion/simple_motion_align_hybrid.f90,init_ftexps,subroutine,private,216
simple_motion_align_hybrid,../scripts/../src/main/motion/simple_motion_align_hybrid.f90,init_images,subroutine,private,154
simple_motion_align_hybrid,../scripts/../src/main/motion/simple_motion_align_hybrid.f90,kill,subroutine,private,806
simple_motion_align_hybrid,../scripts/../src/main/motion/simple_motion_align_hybrid.f90,motion_align_hybrid,type,public,24
simple_motion_align_hybrid,../scripts/../src/main/motion/simple_motion_align_hybrid.f90,new,subroutine,private,112
simple_motion_align_hybrid,../scripts/../src/main/motion/simple_motion_align_hybrid.f90,poly,function,private,798
simple_motion_align_hybrid,../scripts/../src/main/motion/simple_motion_align_hybrid.f90,polynomial2shift,subroutine,private,783
simple_motion_align_hybrid,../scripts/../src/main/motion/simple_motion_align_hybrid.f90,recenter_shifts,subroutine,private,628
simple_motion_align_hybrid,../scripts/../src/main/motion/simple_motion_align_hybrid.f90,refine,subroutine,private,314
simple_motion_align_hybrid,../scripts/../src/main/motion/simple_motion_align_hybrid.f90,set_bfactor,subroutine,private,758
simple_motion_align_hybrid,../scripts/../src/main/motion/simple_motion_align_hybrid.f90,set_coords,subroutine,private,739
simple_motion_align_hybrid,../scripts/../src/main/motion/simple_motion_align_hybrid.f90,set_fitshifts,subroutine,private,720
simple_motion_align_hybrid,../scripts/../src/main/motion/simple_motion_align_hybrid.f90,set_fixed_frame,subroutine,private,714
simple_motion_align_hybrid,../scripts/../src/main/motion/simple_motion_align_hybrid.f90,set_maxits,subroutine,private,732
simple_motion_align_hybrid,../scripts/../src/main/motion/simple_motion_align_hybrid.f90,set_rand_init_shifts,subroutine,private,685
simple_motion_align_hybrid,../scripts/../src/main/motion/simple_motion_align_hybrid.f90,set_reslims,subroutine,private,648
simple_motion_align_hybrid,../scripts/../src/main/motion/simple_motion_align_hybrid.f90,set_shsrch_tol,subroutine,private,726
simple_motion_align_hybrid,../scripts/../src/main/motion/simple_motion_align_hybrid.f90,set_trs,subroutine,private,664
simple_motion_align_hybrid,../scripts/../src/main/motion/simple_motion_align_hybrid.f90,set_weights,subroutine,private,670
simple_motion_align_nano,../scripts/../src/main/motion/simple_motion_align_nano.f90,align,subroutine,private,124
simple_motion_align_nano,../scripts/../src/main/motion/simple_motion_align_nano.f90,align_dcorr,subroutine,private,140
simple_motion_align_nano,../scripts/../src/main/motion/simple_motion_align_nano.f90,calc_shifts,subroutine,private,196
simple_motion_align_nano,../scripts/../src/main/motion/simple_motion_align_nano.f90,dealloc_images,subroutine,private,108
simple_motion_align_nano,../scripts/../src/main/motion/simple_motion_align_nano.f90,gen_weights,subroutine,private,236
simple_motion_align_nano,../scripts/../src/main/motion/simple_motion_align_nano.f90,get_opt_shifts,subroutine,private,323
simple_motion_align_nano,../scripts/../src/main/motion/simple_motion_align_nano.f90,get_reference,subroutine,private,317
simple_motion_align_nano,../scripts/../src/main/motion/simple_motion_align_nano.f90,init_images,subroutine,private,85
simple_motion_align_nano,../scripts/../src/main/motion/simple_motion_align_nano.f90,kill,subroutine,private,343
simple_motion_align_nano,../scripts/../src/main/motion/simple_motion_align_nano.f90,motion_align_nano,type,public,14
simple_motion_align_nano,../scripts/../src/main/motion/simple_motion_align_nano.f90,new,subroutine,private,58
simple_motion_align_nano,../scripts/../src/main/motion/simple_motion_align_nano.f90,set_bfactor,subroutine,private,335
simple_motion_align_nano,../scripts/../src/main/motion/simple_motion_align_nano.f90,set_reslims,subroutine,private,296
simple_motion_align_nano,../scripts/../src/main/motion/simple_motion_align_nano.f90,set_trs,subroutine,private,311
simple_motion_align_nano,../scripts/../src/main/motion/simple_motion_align_nano.f90,shift_frames_gen_ref,subroutine,private,181
simple_motion_correct,../scripts/../src/main/motion/simple_motion_correct.f90,cure_outliers,subroutine,private,722
simple_motion_correct,../scripts/../src/main/motion/simple_motion_correct.f90,motion_correct_calc_bid,subroutine,public,399
simple_motion_correct,../scripts/../src/main/motion/simple_motion_correct.f90,motion_correct_calc_opt_weights,subroutine,public,341
simple_motion_correct,../scripts/../src/main/motion/simple_motion_correct.f90,motion_correct_init,subroutine,private,83
simple_motion_correct,../scripts/../src/main/motion/simple_motion_correct.f90,motion_correct_iso,subroutine,public,268
simple_motion_correct,../scripts/../src/main/motion/simple_motion_correct.f90,motion_correct_iso_calc_sums,subroutine,public,354
simple_motion_correct,../scripts/../src/main/motion/simple_motion_correct.f90,motion_correct_iso_kill,subroutine,public,545
simple_motion_correct,../scripts/../src/main/motion/simple_motion_correct.f90,motion_correct_iso_shift_frames,subroutine,public,329
simple_motion_correct,../scripts/../src/main/motion/simple_motion_correct.f90,motion_correct_kill_common,subroutine,public,696
simple_motion_correct,../scripts/../src/main/motion/simple_motion_correct.f90,motion_correct_mic2spec,subroutine,public,639
simple_motion_correct,../scripts/../src/main/motion/simple_motion_correct.f90,motion_correct_patched,subroutine,public,554
simple_motion_correct,../scripts/../src/main/motion/simple_motion_correct.f90,motion_correct_patched_calc_sums,subroutine,public,586
simple_motion_correct,../scripts/../src/main/motion/simple_motion_correct.f90,motion_correct_patched_kill,subroutine,public,630
simple_motion_correct,../scripts/../src/main/motion/simple_motion_correct.f90,motion_correct_write2star,subroutine,public,423
simple_motion_correct,../scripts/../src/main/motion/simple_motion_correct.f90,motion_correct_write_poly,subroutine,public,411
simple_motion_correct_iter,../scripts/../src/main/motion/simple_motion_correct_iter.f90,calc_npatches,subroutine,private,211
simple_motion_correct_iter,../scripts/../src/main/motion/simple_motion_correct_iter.f90,get_moviename,function,private,246
simple_motion_correct_iter,../scripts/../src/main/motion/simple_motion_correct_iter.f90,iterate,subroutine,private,36
simple_motion_correct_iter,../scripts/../src/main/motion/simple_motion_correct_iter.f90,motion_correct_iter,type,public,20
simple_motion_correct_strategy,../scripts/../src/main/strategies/parallelization/simple_motion_correct_strategy.f90,cleanup_interface,subroutine,private,86
simple_motion_correct_strategy,../scripts/../src/main/strategies/parallelization/simple_motion_correct_strategy.f90,create_motion_correct_strategy,function,public,106
simple_motion_correct_strategy,../scripts/../src/main/strategies/parallelization/simple_motion_correct_strategy.f90,distr_cleanup,subroutine,private,298
simple_motion_correct_strategy,../scripts/../src/main/strategies/parallelization/simple_motion_correct_strategy.f90,distr_end_message,function,private,307
simple_motion_correct_strategy,../scripts/../src/main/strategies/parallelization/simple_motion_correct_strategy.f90,distr_execute,subroutine,private,278
simple_motion_correct_strategy,../scripts/../src/main/strategies/parallelization/simple_motion_correct_strategy.f90,distr_finalize_run,subroutine,private,291
simple_motion_correct_strategy,../scripts/../src/main/strategies/parallelization/simple_motion_correct_strategy.f90,distr_initialize,subroutine,private,250
simple_motion_correct_strategy,../scripts/../src/main/strategies/parallelization/simple_motion_correct_strategy.f90,endmsg_interface,function,private,93
simple_motion_correct_strategy,../scripts/../src/main/strategies/parallelization/simple_motion_correct_strategy.f90,exec_interface,subroutine,private,72
simple_motion_correct_strategy,../scripts/../src/main/strategies/parallelization/simple_motion_correct_strategy.f90,finalize_interface,subroutine,private,79
simple_motion_correct_strategy,../scripts/../src/main/strategies/parallelization/simple_motion_correct_strategy.f90,init_interface,subroutine,private,65
simple_motion_correct_strategy,../scripts/../src/main/strategies/parallelization/simple_motion_correct_strategy.f90,inmem_cleanup,subroutine,private,233
simple_motion_correct_strategy,../scripts/../src/main/strategies/parallelization/simple_motion_correct_strategy.f90,inmem_end_message,function,private,240
simple_motion_correct_strategy,../scripts/../src/main/strategies/parallelization/simple_motion_correct_strategy.f90,inmem_execute,subroutine,private,155
simple_motion_correct_strategy,../scripts/../src/main/strategies/parallelization/simple_motion_correct_strategy.f90,inmem_finalize_run,subroutine,private,226
simple_motion_correct_strategy,../scripts/../src/main/strategies/parallelization/simple_motion_correct_strategy.f90,inmem_initialize,subroutine,private,147
simple_motion_correct_strategy,../scripts/../src/main/strategies/parallelization/simple_motion_correct_strategy.f90,motion_correct_distr_strategy,type,public,51
simple_motion_correct_strategy,../scripts/../src/main/strategies/parallelization/simple_motion_correct_strategy.f90,motion_correct_inmem_strategy,type,public,40
simple_motion_correct_strategy,../scripts/../src/main/strategies/parallelization/simple_motion_correct_strategy.f90,motion_correct_strategy,type,public,29
simple_motion_correct_strategy,../scripts/../src/main/strategies/parallelization/simple_motion_correct_strategy.f90,set_motion_correct_defaults,subroutine,private,126
simple_motion_correct_utils,../scripts/../src/main/motion/simple_motion_correct_utils.f90,calc_eer_fraction,subroutine,public,98
simple_motion_correct_utils,../scripts/../src/main/motion/simple_motion_correct_utils.f90,correct_gain,subroutine,public,15
simple_motion_correct_utils,../scripts/../src/main/motion/simple_motion_correct_utils.f90,flip_gain,subroutine,public,55
simple_motion_gain_analysis,../scripts/../src/main/motion/simple_motion_gain_analysis.f90,analyze_if_due,subroutine,private,96
simple_motion_gain_analysis,../scripts/../src/main/motion/simple_motion_gain_analysis.f90,analyzer_kill,subroutine,private,240
simple_motion_gain_analysis,../scripts/../src/main/motion/simple_motion_gain_analysis.f90,analyzer_new,subroutine,private,54
simple_motion_gain_analysis,../scripts/../src/main/motion/simple_motion_gain_analysis.f90,gain_flip_analyzer,type,public,20
simple_motion_gain_helpers,../scripts/../src/main/motion/simple_motion_gain_helpers.f90,normalized_inverse_average_intensity,subroutine,public,69
simple_motion_gain_helpers,../scripts/../src/main/motion/simple_motion_gain_helpers.f90,read_movies_and_sum_frames,subroutine,public,13
simple_motion_gain_tester,../scripts/../src/main/motion/simple_motion_gain_tester.f90,create_constant_image,subroutine,private,136
simple_motion_gain_tester,../scripts/../src/main/motion/simple_motion_gain_tester.f90,create_gainref,subroutine,private,114
simple_motion_gain_tester,../scripts/../src/main/motion/simple_motion_gain_tester.f90,create_movie_stack,subroutine,private,92
simple_motion_gain_tester,../scripts/../src/main/motion/simple_motion_gain_tester.f90,run_all_motion_gain_tests,subroutine,public,16
simple_motion_gain_tester,../scripts/../src/main/motion/simple_motion_gain_tester.f90,test_gain_flip_analyzer_batch_updates,subroutine,private,53
simple_motion_gain_tester,../scripts/../src/main/motion/simple_motion_gain_tester.f90,test_read_movies_and_sum_frames_counts,subroutine,private,22
simple_motion_patched,../scripts/../src/main/motion/simple_motion_patched.f90,allocate_patches,subroutine,private,108
simple_motion_patched,../scripts/../src/main/motion/simple_motion_patched.f90,apply_patch_poly,function,private,840
simple_motion_patched,../scripts/../src/main/motion/simple_motion_patched.f90,correct,subroutine,private,144
simple_motion_patched,../scripts/../src/main/motion/simple_motion_patched.f90,deallocate_patches,subroutine,private,124
simple_motion_patched,../scripts/../src/main/motion/simple_motion_patched.f90,det_shifts,subroutine,private,206
simple_motion_patched,../scripts/../src/main/motion/simple_motion_patched.f90,det_shifts_refine,subroutine,private,260
simple_motion_patched,../scripts/../src/main/motion/simple_motion_patched.f90,fit_polynomial,subroutine,private,448
simple_motion_patched,../scripts/../src/main/motion/simple_motion_patched.f90,gen_micrograph,subroutine,private,675
simple_motion_patched,../scripts/../src/main/motion/simple_motion_patched.f90,gen_patch,subroutine,private,727
simple_motion_patched,../scripts/../src/main/motion/simple_motion_patched.f90,get_local_shift,subroutine,private,662
simple_motion_patched,../scripts/../src/main/motion/simple_motion_patched.f90,get_poly4star,subroutine,private,601
simple_motion_patched,../scripts/../src/main/motion/simple_motion_patched.f90,get_poly_coeffs,subroutine,private,768
simple_motion_patched,../scripts/../src/main/motion/simple_motion_patched.f90,get_polyfit_rmsd,function,private,636
simple_motion_patched,../scripts/../src/main/motion/simple_motion_patched.f90,kill,subroutine,private,803
simple_motion_patched,../scripts/../src/main/motion/simple_motion_patched.f90,motion_patched,type,public,24
simple_motion_patched,../scripts/../src/main/motion/simple_motion_patched.f90,new,subroutine,private,87
simple_motion_patched,../scripts/../src/main/motion/simple_motion_patched.f90,patch_poly,function,private,822
simple_motion_patched,../scripts/../src/main/motion/simple_motion_patched.f90,pix2polycoords,subroutine,private,642
simple_motion_patched,../scripts/../src/main/motion/simple_motion_patched.f90,plot_shifts,subroutine,private,489
simple_motion_patched,../scripts/../src/main/motion/simple_motion_patched.f90,robust_fit_polynomial,subroutine,private,347
simple_motion_patched,../scripts/../src/main/motion/simple_motion_patched.f90,set_bfactor,subroutine,private,795
simple_motion_patched,../scripts/../src/main/motion/simple_motion_patched.f90,set_fitshifts,subroutine,private,756
simple_motion_patched,../scripts/../src/main/motion/simple_motion_patched.f90,set_fixed_frame,subroutine,private,777
simple_motion_patched,../scripts/../src/main/motion/simple_motion_patched.f90,set_frameweights,subroutine,private,746
simple_motion_patched,../scripts/../src/main/motion/simple_motion_patched.f90,set_interp_fixed_frame,subroutine,private,783
simple_motion_patched,../scripts/../src/main/motion/simple_motion_patched.f90,set_nframes,subroutine,private,789
simple_motion_patched,../scripts/../src/main/motion/simple_motion_patched.f90,set_poly_coeffs,subroutine,private,762
simple_motion_patched,../scripts/../src/main/motion/simple_motion_patched.f90,set_size_frames_ref,subroutine,private,684
simple_multi_dendro,../scripts/../src/utils/structs/simple_multi_dendro.f90,build_tree_balanced,subroutine,private,252
simple_multi_dendro,../scripts/../src/utils/structs/simple_multi_dendro.f90,build_tree_from_subdistmat,subroutine,private,216
simple_multi_dendro,../scripts/../src/utils/structs/simple_multi_dendro.f90,deserialize_multi_dendro,subroutine,public,425
simple_multi_dendro,../scripts/../src/utils/structs/simple_multi_dendro.f90,get_full2sub_map,function,private,101
simple_multi_dendro,../scripts/../src/utils/structs/simple_multi_dendro.f90,get_node,function,private,291
simple_multi_dendro,../scripts/../src/utils/structs/simple_multi_dendro.f90,get_root_node,function,private,276
simple_multi_dendro,../scripts/../src/utils/structs/simple_multi_dendro.f90,get_sub2full_map,function,private,116
simple_multi_dendro,../scripts/../src/utils/structs/simple_multi_dendro.f90,get_tree_refs,function,private,178
simple_multi_dendro,../scripts/../src/utils/structs/simple_multi_dendro.f90,get_tree_refs_static,subroutine,private,156
simple_multi_dendro,../scripts/../src/utils/structs/simple_multi_dendro.f90,kill,subroutine,private,315
simple_multi_dendro,../scripts/../src/utils/structs/simple_multi_dendro.f90,multi_dendro,type,public,13
simple_multi_dendro,../scripts/../src/utils/structs/simple_multi_dendro.f90,new,subroutine,private,42
simple_multi_dendro,../scripts/../src/utils/structs/simple_multi_dendro.f90,new_multi_balanced,subroutine,private,65
simple_multi_dendro,../scripts/../src/utils/structs/simple_multi_dendro.f90,serialize_multi_dendro,subroutine,public,333
simple_multi_dendro_tester,../scripts/../src/utils/structs/simple_multi_dendro_tester.f90,assert_int_in_set,subroutine,private,73
simple_multi_dendro_tester,../scripts/../src/utils/structs/simple_multi_dendro_tester.f90,build_tree_from_full_dist,subroutine,private,80
simple_multi_dendro_tester,../scripts/../src/utils/structs/simple_multi_dendro_tester.f90,make_distmat_two_pairs,subroutine,private,56
simple_multi_dendro_tester,../scripts/../src/utils/structs/simple_multi_dendro_tester.f90,make_distmat_two_triples,subroutine,private,31
simple_multi_dendro_tester,../scripts/../src/utils/structs/simple_multi_dendro_tester.f90,run_all_multi_dendro_tests,subroutine,public,13
simple_multi_dendro_tester,../scripts/../src/utils/structs/simple_multi_dendro_tester.f90,test_build_tree_balanced_two_triples,subroutine,private,292
simple_multi_dendro_tester,../scripts/../src/utils/structs/simple_multi_dendro_tester.f90,test_build_tree_pairs_basic_structure,subroutine,private,222
simple_multi_dendro_tester,../scripts/../src/utils/structs/simple_multi_dendro_tester.f90,test_build_tree_singletons,subroutine,private,191
simple_multi_dendro_tester,../scripts/../src/utils/structs/simple_multi_dendro_tester.f90,test_build_tree_two_triples_basic_structure,subroutine,private,266
simple_multi_dendro_tester,../scripts/../src/utils/structs/simple_multi_dendro_tester.f90,test_get_tree_refs,subroutine,private,140
simple_multi_dendro_tester,../scripts/../src/utils/structs/simple_multi_dendro_tester.f90,test_initial_state,subroutine,private,112
simple_multi_dendro_tester,../scripts/../src/utils/structs/simple_multi_dendro_tester.f90,test_kill_and_reuse,subroutine,private,321
simple_multi_dendro_tester,../scripts/../src/utils/structs/simple_multi_dendro_tester.f90,test_new_counts_and_getters,subroutine,private,124
simple_multi_dendro_tester,../scripts/../src/utils/structs/simple_multi_dendro_tester.f90,test_new_multi_balanced_single_tree,subroutine,private,168
simple_nanoparticle,../scripts/../src/main/nano/simple_nanoparticle.f90,atom_stats,type,private,93
simple_nanoparticle,../scripts/../src/main/nano/simple_nanoparticle.f90,atominfo2centers,function,private,442
simple_nanoparticle,../scripts/../src/main/nano/simple_nanoparticle.f90,atominfo2centers_A,function,private,469
simple_nanoparticle,../scripts/../src/main/nano/simple_nanoparticle.f90,binarize_and_find_centers,subroutine,private,626
simple_nanoparticle,../scripts/../src/main/nano/simple_nanoparticle.f90,calc_anisotropic_disp,subroutine,private,1576
simple_nanoparticle,../scripts/../src/main/nano/simple_nanoparticle.f90,calc_cn_stats,subroutine,private,1312
simple_nanoparticle,../scripts/../src/main/nano/simple_nanoparticle.f90,calc_isotropic_disp,subroutine,private,1493
simple_nanoparticle,../scripts/../src/main/nano/simple_nanoparticle.f90,calc_longest_atm_dist,subroutine,private,1426
simple_nanoparticle,../scripts/../src/main/nano/simple_nanoparticle.f90,calc_zscore,subroutine,private,1307
simple_nanoparticle,../scripts/../src/main/nano/simple_nanoparticle.f90,center_on_atom,subroutine,private,498
simple_nanoparticle,../scripts/../src/main/nano/simple_nanoparticle.f90,check_neighbors_cn,subroutine,private,1458
simple_nanoparticle,../scripts/../src/main/nano/simple_nanoparticle.f90,conv_denoise,subroutine,private,535
simple_nanoparticle,../scripts/../src/main/nano/simple_nanoparticle.f90,discard_atoms,subroutine,private,1017
simple_nanoparticle,../scripts/../src/main/nano/simple_nanoparticle.f90,discard_small_ccs,subroutine,private,803
simple_nanoparticle,../scripts/../src/main/nano/simple_nanoparticle.f90,fillin_atominfo,subroutine,private,1160
simple_nanoparticle,../scripts/../src/main/nano/simple_nanoparticle.f90,find_centers,subroutine,private,757
simple_nanoparticle,../scripts/../src/main/nano/simple_nanoparticle.f90,get_img,subroutine,private,307
simple_nanoparticle,../scripts/../src/main/nano/simple_nanoparticle.f90,get_img_raw,subroutine,private,313
simple_nanoparticle,../scripts/../src/main/nano/simple_nanoparticle.f90,get_ldim,subroutine,private,286
simple_nanoparticle,../scripts/../src/main/nano/simple_nanoparticle.f90,get_natoms,function,private,292
simple_nanoparticle,../scripts/../src/main/nano/simple_nanoparticle.f90,get_valid_corrs,function,private,299
simple_nanoparticle,../scripts/../src/main/nano/simple_nanoparticle.f90,identify_atomic_pos,subroutine,private,574
simple_nanoparticle,../scripts/../src/main/nano/simple_nanoparticle.f90,identify_lattice_params,subroutine,private,542
simple_nanoparticle,../scripts/../src/main/nano/simple_nanoparticle.f90,kill,subroutine,private,2163
simple_nanoparticle,../scripts/../src/main/nano/simple_nanoparticle.f90,masscen,function,private,1415
simple_nanoparticle,../scripts/../src/main/nano/simple_nanoparticle.f90,nanoparticle,type,public,128
simple_nanoparticle,../scripts/../src/main/nano/simple_nanoparticle.f90,new,subroutine,private,248
simple_nanoparticle,../scripts/../src/main/nano/simple_nanoparticle.f90,pack_instance4stats,subroutine,private,391
simple_nanoparticle,../scripts/../src/main/nano/simple_nanoparticle.f90,remove_lowly_contacted,subroutine,private,1098
simple_nanoparticle,../scripts/../src/main/nano/simple_nanoparticle.f90,remove_small_and_lowly_contacted,subroutine,private,1123
simple_nanoparticle,../scripts/../src/main/nano/simple_nanoparticle.f90,set_atm_info,subroutine,private,1815
simple_nanoparticle,../scripts/../src/main/nano/simple_nanoparticle.f90,set_atom,subroutine,private,1771
simple_nanoparticle,../scripts/../src/main/nano/simple_nanoparticle.f90,set_atomic_coords_from_pdb,subroutine,private,367
simple_nanoparticle,../scripts/../src/main/nano/simple_nanoparticle.f90,set_atomic_coords_from_xyz,subroutine,private,348
simple_nanoparticle,../scripts/../src/main/nano/simple_nanoparticle.f90,set_coords4stats,subroutine,private,384
simple_nanoparticle,../scripts/../src/main/nano/simple_nanoparticle.f90,set_img,subroutine,private,326
simple_nanoparticle,../scripts/../src/main/nano/simple_nanoparticle.f90,set_ncc,subroutine,private,319
simple_nanoparticle,../scripts/../src/main/nano/simple_nanoparticle.f90,simulate_atoms,subroutine,private,1727
simple_nanoparticle,../scripts/../src/main/nano/simple_nanoparticle.f90,split_atom,subroutine,private,897
simple_nanoparticle,../scripts/../src/main/nano/simple_nanoparticle.f90,split_atoms,subroutine,private,821
simple_nanoparticle,../scripts/../src/main/nano/simple_nanoparticle.f90,update_ncc,subroutine,private,523
simple_nanoparticle,../scripts/../src/main/nano/simple_nanoparticle.f90,validate_atoms,subroutine,private,985
simple_nanoparticle,../scripts/../src/main/nano/simple_nanoparticle.f90,write_2D_slice,subroutine,private,1381
simple_nanoparticle,../scripts/../src/main/nano/simple_nanoparticle.f90,write_atominfo,subroutine,private,1933
simple_nanoparticle,../scripts/../src/main/nano/simple_nanoparticle.f90,write_centers_1,subroutine,private,1789
simple_nanoparticle,../scripts/../src/main/nano/simple_nanoparticle.f90,write_centers_2,subroutine,private,1825
simple_nanoparticle,../scripts/../src/main/nano/simple_nanoparticle.f90,write_centers_aniso,subroutine,private,1857
simple_nanoparticle,../scripts/../src/main/nano/simple_nanoparticle.f90,write_cn_atoms,subroutine,private,1348
simple_nanoparticle,../scripts/../src/main/nano/simple_nanoparticle.f90,write_cn_stats,subroutine,private,2076
simple_nanoparticle,../scripts/../src/main/nano/simple_nanoparticle.f90,write_csv_files,subroutine,private,1895
simple_nanoparticle,../scripts/../src/main/nano/simple_nanoparticle.f90,write_individual_atoms,subroutine,private,1874
simple_nanoparticle,../scripts/../src/main/nano/simple_nanoparticle.f90,write_np_stats,subroutine,private,1986
simple_nanoparticle_utils,../scripts/../src/main/nano/simple_nanoparticle_utils.f90,atm_rmsd_stats,function,public,1294
simple_nanoparticle_utils,../scripts/../src/main/nano/simple_nanoparticle_utils.f90,atoms_register,subroutine,public,29
simple_nanoparticle_utils,../scripts/../src/main/nano/simple_nanoparticle_utils.f90,calc_contact_scores,subroutine,public,461
simple_nanoparticle_utils,../scripts/../src/main/nano/simple_nanoparticle_utils.f90,dists_btw_common,function,public,1277
simple_nanoparticle_utils,../scripts/../src/main/nano/simple_nanoparticle_utils.f90,find_atoms_subset,subroutine,public,1322
simple_nanoparticle_utils,../scripts/../src/main/nano/simple_nanoparticle_utils.f90,find_couples,subroutine,public,1162
simple_nanoparticle_utils,../scripts/../src/main/nano/simple_nanoparticle_utils.f90,find_rMax,function,public,243
simple_nanoparticle_utils,../scripts/../src/main/nano/simple_nanoparticle_utils.f90,fit_lattice,subroutine,public,271
simple_nanoparticle_utils,../scripts/../src/main/nano/simple_nanoparticle_utils.f90,gaussian_kernel,subroutine,private,1070
simple_nanoparticle_utils,../scripts/../src/main/nano/simple_nanoparticle_utils.f90,Kabsch_algo,subroutine,public,134
simple_nanoparticle_utils,../scripts/../src/main/nano/simple_nanoparticle_utils.f90,nnbdl_lat,subroutine,private,398
simple_nanoparticle_utils,../scripts/../src/main/nano/simple_nanoparticle_utils.f90,phasecorr_one_atom,subroutine,public,186
simple_nanoparticle_utils,../scripts/../src/main/nano/simple_nanoparticle_utils.f90,qr,subroutine,private,443
simple_nanoparticle_utils,../scripts/../src/main/nano/simple_nanoparticle_utils.f90,read_pdb2matrix,subroutine,public,1082
simple_nanoparticle_utils,../scripts/../src/main/nano/simple_nanoparticle_utils.f90,remove_atoms,subroutine,public,1249
simple_nanoparticle_utils,../scripts/../src/main/nano/simple_nanoparticle_utils.f90,run_cn_analysis,subroutine,public,486
simple_nanoparticle_utils,../scripts/../src/main/nano/simple_nanoparticle_utils.f90,strain_analysis,subroutine,public,551
simple_nanoparticle_utils,../scripts/../src/main/nano/simple_nanoparticle_utils.f90,thres_detect_conv_atom_denoised,subroutine,public,216
simple_nanoparticle_utils,../scripts/../src/main/nano/simple_nanoparticle_utils.f90,write_ideal_lattice_pdb,subroutine,private,1131
simple_nanoparticle_utils,../scripts/../src/main/nano/simple_nanoparticle_utils.f90,write_matrix2pdb,subroutine,public,1099
simple_nice,../scripts/../src/utils/gui/simple_nice.f90,add_headline_cls2D,subroutine,public,893
simple_nice,../scripts/../src/utils/gui/simple_nice.f90,add_headline_micrographs,subroutine,public,508
simple_nice,../scripts/../src/utils/gui/simple_nice.f90,add_histograms_cls2D,subroutine,public,708
simple_nice,../scripts/../src/utils/gui/simple_nice.f90,add_histograms_micrographs,subroutine,public,639
simple_nice,../scripts/../src/utils/gui/simple_nice.f90,add_plot_optics,subroutine,public,767
simple_nice,../scripts/../src/utils/gui/simple_nice.f90,add_view_cls2D,subroutine,public,928
simple_nice,../scripts/../src/utils/gui/simple_nice.f90,add_view_ini3D,subroutine,public,1061
simple_nice,../scripts/../src/utils/gui/simple_nice.f90,add_view_micrographs,subroutine,public,550
simple_nice,../scripts/../src/utils/gui/simple_nice.f90,add_view_optics,subroutine,public,734
simple_nice,../scripts/../src/utils/gui/simple_nice.f90,add_view_pick,subroutine,public,792
simple_nice,../scripts/../src/utils/gui/simple_nice.f90,add_view_vols,subroutine,public,1108
simple_nice,../scripts/../src/utils/gui/simple_nice.f90,bar_plot_object,subroutine,public,1627
simple_nice,../scripts/../src/utils/gui/simple_nice.f90,calculate_checksum,function,public,1657
simple_nice,../scripts/../src/utils/gui/simple_nice.f90,create_interactive_plot,subroutine,public,757
simple_nice,../scripts/../src/utils/gui/simple_nice.f90,cycle,subroutine,public,303
simple_nice,../scripts/../src/utils/gui/simple_nice.f90,datestr,function,public,1667
simple_nice,../scripts/../src/utils/gui/simple_nice.f90,doughnut_plot_object,subroutine,public,1597
simple_nice,../scripts/../src/utils/gui/simple_nice.f90,fsc_object,subroutine,public,1131
simple_nice,../scripts/../src/utils/gui/simple_nice.f90,generate_stat_json,subroutine,public,477
simple_nice,../scripts/../src/utils/gui/simple_nice.f90,get_real_keys_json,subroutine,public,1714
simple_nice,../scripts/../src/utils/gui/simple_nice.f90,get_stat_json,subroutine,public,1730
simple_nice,../scripts/../src/utils/gui/simple_nice.f90,image_thumbnail_object,subroutine,public,1552
simple_nice,../scripts/../src/utils/gui/simple_nice.f90,init_1,subroutine,public,217
simple_nice,../scripts/../src/utils/gui/simple_nice.f90,init_2,subroutine,public,268
simple_nice,../scripts/../src/utils/gui/simple_nice.f90,nice_plot_bar,type,public,66
simple_nice,../scripts/../src/utils/gui/simple_nice.f90,nice_plot_doughnut,type,public,60
simple_nice,../scripts/../src/utils/gui/simple_nice.f90,nice_stat_root,type,public,32
simple_nice,../scripts/../src/utils/gui/simple_nice.f90,nice_stat_thumb_image,type,public,39
simple_nice,../scripts/../src/utils/gui/simple_nice.f90,nice_stat_thumb_image_meta,type,public,52
simple_nice,../scripts/../src/utils/gui/simple_nice.f90,nice_thread_comm_message,type,public,20
simple_nice,../scripts/../src/utils/gui/simple_nice.f90,nice_view_cls2D,type,public,122
simple_nice,../scripts/../src/utils/gui/simple_nice.f90,nice_view_ini3D,type,public,150
simple_nice,../scripts/../src/utils/gui/simple_nice.f90,nice_view_micrographs,type,public,72
simple_nice,../scripts/../src/utils/gui/simple_nice.f90,nice_view_optics,type,public,95
simple_nice,../scripts/../src/utils/gui/simple_nice.f90,nice_view_pick,type,public,104
simple_nice,../scripts/../src/utils/gui/simple_nice.f90,nice_view_vols,type,public,160
simple_nice,../scripts/../src/utils/gui/simple_nice.f90,remote_heartbeat,subroutine,public,400
simple_nice,../scripts/../src/utils/gui/simple_nice.f90,simple_nice_comm,type,public,166
simple_nice,../scripts/../src/utils/gui/simple_nice.f90,start_comm_thread,subroutine,public,368
simple_nice,../scripts/../src/utils/gui/simple_nice.f90,terminate,subroutine,public,275
simple_nice,../scripts/../src/utils/gui/simple_nice.f90,terminate_comm_thread,subroutine,public,389
simple_nice,../scripts/../src/utils/gui/simple_nice.f90,text_data_object_1,subroutine,public,1520
simple_nice,../scripts/../src/utils/gui/simple_nice.f90,text_data_object_2,subroutine,public,1530
simple_nice,../scripts/../src/utils/gui/simple_nice.f90,text_data_object_3,subroutine,public,1542
simple_nice,../scripts/../src/utils/gui/simple_nice.f90,update_cls2D,subroutine,public,1346
simple_nice,../scripts/../src/utils/gui/simple_nice.f90,update_from_project,subroutine,public,1681
simple_nice,../scripts/../src/utils/gui/simple_nice.f90,update_ini3D,subroutine,public,1490
simple_nice,../scripts/../src/utils/gui/simple_nice.f90,update_micrographs,subroutine,public,1190
simple_nice,../scripts/../src/utils/gui/simple_nice.f90,update_optics,subroutine,public,1252
simple_nice,../scripts/../src/utils/gui/simple_nice.f90,update_pick,subroutine,public,1264
simple_nice,../scripts/../src/utils/gui/simple_nice.f90,update_vols,subroutine,public,1513
simple_nrtxtfile,../scripts/../src/fileio/simple_nrtxtfile.f90,kill,subroutine,private,203
simple_nrtxtfile,../scripts/../src/fileio/simple_nrtxtfile.f90,new,subroutine,private,39
simple_nrtxtfile,../scripts/../src/fileio/simple_nrtxtfile.f90,nrtxtfile,type,public,18
simple_nrtxtfile,../scripts/../src/fileio/simple_nrtxtfile.f90,readNextDataLine,subroutine,private,102
simple_nrtxtfile,../scripts/../src/fileio/simple_nrtxtfile.f90,writeCommentLine,subroutine,private,178
simple_nrtxtfile,../scripts/../src/fileio/simple_nrtxtfile.f90,writeDataLineInt,subroutine,private,153
simple_nrtxtfile,../scripts/../src/fileio/simple_nrtxtfile.f90,writeDataLineReal,subroutine,private,131
simple_nu_filter,../scripts/../src/main/nu_filt/simple_nu_filter.f90,nu_envmask_params,type,private,240
simple_nu_filter,../scripts/../src/main/nu_filt/simple_nu_filter.f90,nu_envmask_stats,type,private,252
simple_nu_filter,../scripts/../src/main/nu_filt/simple_nu_filter.f90,nu_evidence_state,type,private,299
simple_nu_filter,../scripts/../src/main/nu_filt/simple_nu_filter.f90,nu_evidence_summary,type,private,274
simple_nu_filter,../scripts/../src/main/nu_filt/simple_nu_filter.f90,nu_highres_extension_stats,type,private,217
simple_online_var,../scripts/../src/utils/math/simple_online_var.f90,add_1,subroutine,private,28
simple_online_var,../scripts/../src/utils/math/simple_online_var.f90,add_2,subroutine,private,40
simple_online_var,../scripts/../src/utils/math/simple_online_var.f90,get_mean,function,private,83
simple_online_var,../scripts/../src/utils/math/simple_online_var.f90,get_var,function,private,90
simple_online_var,../scripts/../src/utils/math/simple_online_var.f90,online_var,type,public,9
simple_online_var,../scripts/../src/utils/math/simple_online_var.f90,reset_mean,subroutine,private,56
simple_online_var,../scripts/../src/utils/math/simple_online_var.f90,serialize,function,private,63
simple_online_var,../scripts/../src/utils/math/simple_online_var.f90,test_online_var,subroutine,public,103
simple_online_var,../scripts/../src/utils/math/simple_online_var.f90,unserialize,subroutine,private,73
simple_opt_bfgs,../scripts/../src/main/opt/simple_opt_bfgs.f90,bfgs_minimize,subroutine,private,41
simple_opt_bfgs,../scripts/../src/main/opt/simple_opt_bfgs.f90,bfgsmin,subroutine,private,77
simple_opt_bfgs,../scripts/../src/main/opt/simple_opt_bfgs.f90,kill_opt_bfgs,subroutine,private,172
simple_opt_bfgs,../scripts/../src/main/opt/simple_opt_bfgs.f90,new_opt_bfgs,subroutine,private,24
simple_opt_bfgs,../scripts/../src/main/opt/simple_opt_bfgs.f90,opt_bfgs,type,public,11
simple_opt_bfgs2,../scripts/../src/main/opt/simple_opt_bfgs2.f90,bfgs2_iterate,function,private,150
simple_opt_bfgs2,../scripts/../src/main/opt/simple_opt_bfgs2.f90,bfgs2_minimize,subroutine,private,56
simple_opt_bfgs2,../scripts/../src/main/opt/simple_opt_bfgs2.f90,bfgs2_set,subroutine,private,111
simple_opt_bfgs2,../scripts/../src/main/opt/simple_opt_bfgs2.f90,bfgs2_wrapper,type,private,12
simple_opt_bfgs2,../scripts/../src/main/opt/simple_opt_bfgs2.f90,bfgs2min,subroutine,private,78
simple_opt_bfgs2,../scripts/../src/main/opt/simple_opt_bfgs2.f90,change_direction,subroutine,private,560
simple_opt_bfgs2,../scripts/../src/main/opt/simple_opt_bfgs2.f90,check_extremum,subroutine,private,440
simple_opt_bfgs2,../scripts/../src/main/opt/simple_opt_bfgs2.f90,cubic,function,private,426
simple_opt_bfgs2,../scripts/../src/main/opt/simple_opt_bfgs2.f90,interp_cubic,function,private,453
simple_opt_bfgs2,../scripts/../src/main/opt/simple_opt_bfgs2.f90,interp_quad,function,private,482
simple_opt_bfgs2,../scripts/../src/main/opt/simple_opt_bfgs2.f90,interpolate,function,private,405
simple_opt_bfgs2,../scripts/../src/main/opt/simple_opt_bfgs2.f90,kill_opt_bfgs2,subroutine,private,579
simple_opt_bfgs2,../scripts/../src/main/opt/simple_opt_bfgs2.f90,linear_minimize,function,private,216
simple_opt_bfgs2,../scripts/../src/main/opt/simple_opt_bfgs2.f90,moveto,subroutine,private,394
simple_opt_bfgs2,../scripts/../src/main/opt/simple_opt_bfgs2.f90,new_opt_bfgs2,subroutine,private,43
simple_opt_bfgs2,../scripts/../src/main/opt/simple_opt_bfgs2.f90,opt_bfgs2,type,public,20
simple_opt_bfgs2,../scripts/../src/main/opt/simple_opt_bfgs2.f90,prepare_wrapper,subroutine,private,134
simple_opt_bfgs2,../scripts/../src/main/opt/simple_opt_bfgs2.f90,slope,function,private,145
simple_opt_bfgs2,../scripts/../src/main/opt/simple_opt_bfgs2.f90,solve_quadratic,function,private,509
simple_opt_bfgs2,../scripts/../src/main/opt/simple_opt_bfgs2.f90,update_position,subroutine,private,383
simple_opt_bfgs2,../scripts/../src/main/opt/simple_opt_bfgs2.f90,wrap_df,function,private,340
simple_opt_bfgs2,../scripts/../src/main/opt/simple_opt_bfgs2.f90,wrap_f,function,private,327
simple_opt_bfgs2,../scripts/../src/main/opt/simple_opt_bfgs2.f90,wrap_fdf,subroutine,private,357
simple_opt_bforce,../scripts/../src/main/opt/simple_opt_bforce.f90,bforce_minimize,subroutine,private,42
simple_opt_bforce,../scripts/../src/main/opt/simple_opt_bforce.f90,kill_opt_bforce,subroutine,private,104
simple_opt_bforce,../scripts/../src/main/opt/simple_opt_bforce.f90,new_opt_bforce,subroutine,private,26
simple_opt_bforce,../scripts/../src/main/opt/simple_opt_bforce.f90,opt_bforce,type,public,11
simple_opt_bforce,../scripts/../src/main/opt/simple_opt_bforce.f90,srch_not_done,function,private,79
simple_opt_de,../scripts/../src/main/opt/simple_opt_de.f90,de_minimize,subroutine,private,71
simple_opt_de,../scripts/../src/main/opt/simple_opt_de.f90,kill_de,subroutine,private,148
simple_opt_de,../scripts/../src/main/opt/simple_opt_de.f90,new_de,subroutine,private,36
simple_opt_de,../scripts/../src/main/opt/simple_opt_de.f90,opt_de,type,public,18
simple_opt_factory,../scripts/../src/main/opt/simple_opt_factory.f90,new,subroutine,private,29
simple_opt_factory,../scripts/../src/main/opt/simple_opt_factory.f90,opt_factory,type,public,19
simple_opt_fr_cg,../scripts/../src/main/opt/simple_opt_fr_cg.f90,fr_cg_iterate,function,private,105
simple_opt_fr_cg,../scripts/../src/main/opt/simple_opt_fr_cg.f90,fr_cg_minimize,subroutine,private,38
simple_opt_fr_cg,../scripts/../src/main/opt/simple_opt_fr_cg.f90,fr_cg_set,subroutine,private,92
simple_opt_fr_cg,../scripts/../src/main/opt/simple_opt_fr_cg.f90,fr_cgmin,subroutine,private,59
simple_opt_fr_cg,../scripts/../src/main/opt/simple_opt_fr_cg.f90,kill_opt_fr_cg,subroutine,private,167
simple_opt_fr_cg,../scripts/../src/main/opt/simple_opt_fr_cg.f90,new_opt_fr_cg,subroutine,private,28
simple_opt_fr_cg,../scripts/../src/main/opt/simple_opt_fr_cg.f90,opt_fr_cg,type,public,13
simple_opt_helpers,../scripts/../src/main/opt/simple_opt_helpers.f90,intermediate_point,subroutine,public,17
simple_opt_helpers,../scripts/../src/main/opt/simple_opt_helpers.f90,minimize,subroutine,public,47
simple_opt_helpers,../scripts/../src/main/opt/simple_opt_helpers.f90,take_step,subroutine,public,11
simple_opt_helpers,../scripts/../src/main/opt/simple_opt_helpers.f90,test_gradient,function,public,143
simple_opt_image_weights,../scripts/../src/main/motion/simple_opt_image_weights.f90,calc_Dmat,subroutine,private,72
simple_opt_image_weights,../scripts/../src/main/motion/simple_opt_image_weights.f90,calc_opt_weights,subroutine,private,141
simple_opt_image_weights,../scripts/../src/main/motion/simple_opt_image_weights.f90,create_ftexp_objs,subroutine,private,100
simple_opt_image_weights,../scripts/../src/main/motion/simple_opt_image_weights.f90,dealloc_ftexp_objs,subroutine,private,128
simple_opt_image_weights,../scripts/../src/main/motion/simple_opt_image_weights.f90,get_weights,function,private,205
simple_opt_image_weights,../scripts/../src/main/motion/simple_opt_image_weights.f90,kill,subroutine,private,223
simple_opt_image_weights,../scripts/../src/main/motion/simple_opt_image_weights.f90,new,subroutine,private,51
simple_opt_image_weights,../scripts/../src/main/motion/simple_opt_image_weights.f90,opt_image_weights,type,public,17
simple_opt_image_weights,../scripts/../src/main/motion/simple_opt_image_weights.f90,opt_image_weights_cost_Dmat,function,private,288
simple_opt_image_weights,../scripts/../src/main/motion/simple_opt_image_weights.f90,opt_image_weights_cost_Ref,function,private,375
simple_opt_image_weights,../scripts/../src/main/motion/simple_opt_image_weights.f90,opt_image_weights_cost_sp_wrapper,function,private,249
simple_opt_image_weights,../scripts/../src/main/motion/simple_opt_image_weights.f90,opt_image_weights_cost_wrapper,function,private,232
simple_opt_image_weights,../scripts/../src/main/motion/simple_opt_image_weights.f90,opt_image_weights_fdf_Dmat,subroutine,private,320
simple_opt_image_weights,../scripts/../src/main/motion/simple_opt_image_weights.f90,opt_image_weights_fdf_Ref,subroutine,private,418
simple_opt_image_weights,../scripts/../src/main/motion/simple_opt_image_weights.f90,opt_image_weights_fdf_wrapper,subroutine,private,481
simple_opt_image_weights,../scripts/../src/main/motion/simple_opt_image_weights.f90,opt_image_weights_gcost,subroutine,private,262
simple_opt_image_weights,../scripts/../src/main/motion/simple_opt_image_weights.f90,opt_image_weights_gcost_Dmat,subroutine,private,312
simple_opt_image_weights,../scripts/../src/main/motion/simple_opt_image_weights.f90,opt_image_weights_gcost_Ref,subroutine,private,410
simple_opt_image_weights,../scripts/../src/main/motion/simple_opt_image_weights.f90,opt_image_weights_gcost_wrapper,subroutine,private,270
simple_opt_image_weights,../scripts/../src/main/motion/simple_opt_image_weights.f90,set_Nrestarts,subroutine,private,217
simple_opt_lbfgsb,../scripts/../src/main/opt/simple_opt_lbfgsb.f90,active,subroutine,private,946
simple_opt_lbfgsb,../scripts/../src/main/opt/simple_opt_lbfgsb.f90,bmv,subroutine,private,1019
simple_opt_lbfgsb,../scripts/../src/main/opt/simple_opt_lbfgsb.f90,cauchy,subroutine,private,1120
simple_opt_lbfgsb,../scripts/../src/main/opt/simple_opt_lbfgsb.f90,cmprlb,subroutine,private,1520
simple_opt_lbfgsb,../scripts/../src/main/opt/simple_opt_lbfgsb.f90,daxpy,subroutine,private,13
simple_opt_lbfgsb,../scripts/../src/main/opt/simple_opt_lbfgsb.f90,dcopy,subroutine,private,21
simple_opt_lbfgsb,../scripts/../src/main/opt/simple_opt_lbfgsb.f90,dcsrch,subroutine,private,2684
simple_opt_lbfgsb,../scripts/../src/main/opt/simple_opt_lbfgsb.f90,dcstep,subroutine,private,2966
simple_opt_lbfgsb,../scripts/../src/main/opt/simple_opt_lbfgsb.f90,ddot,function,private,28
simple_opt_lbfgsb,../scripts/../src/main/opt/simple_opt_lbfgsb.f90,dpofa,subroutine,private,3194
simple_opt_lbfgsb,../scripts/../src/main/opt/simple_opt_lbfgsb.f90,dscal,subroutine,private,35
simple_opt_lbfgsb,../scripts/../src/main/opt/simple_opt_lbfgsb.f90,dtrsl,subroutine,private,3265
simple_opt_lbfgsb,../scripts/../src/main/opt/simple_opt_lbfgsb.f90,errclb,subroutine,private,1579
simple_opt_lbfgsb,../scripts/../src/main/opt/simple_opt_lbfgsb.f90,formk,subroutine,private,1625
simple_opt_lbfgsb,../scripts/../src/main/opt/simple_opt_lbfgsb.f90,formt,subroutine,private,1925
simple_opt_lbfgsb,../scripts/../src/main/opt/simple_opt_lbfgsb.f90,freev,subroutine,private,1978
simple_opt_lbfgsb,../scripts/../src/main/opt/simple_opt_lbfgsb.f90,hpsolb,subroutine,private,2057
simple_opt_lbfgsb,../scripts/../src/main/opt/simple_opt_lbfgsb.f90,kill_opt_lbfgsb,subroutine,private,3394
simple_opt_lbfgsb,../scripts/../src/main/opt/simple_opt_lbfgsb.f90,lbfgsb_minimize,subroutine,private,85
simple_opt_lbfgsb,../scripts/../src/main/opt/simple_opt_lbfgsb.f90,lbfgsbmin,subroutine,private,130
simple_opt_lbfgsb,../scripts/../src/main/opt/simple_opt_lbfgsb.f90,lnsrlb,subroutine,private,2153
simple_opt_lbfgsb,../scripts/../src/main/opt/simple_opt_lbfgsb.f90,mainlb,subroutine,private,411
simple_opt_lbfgsb,../scripts/../src/main/opt/simple_opt_lbfgsb.f90,matupd,subroutine,private,2264
simple_opt_lbfgsb,../scripts/../src/main/opt/simple_opt_lbfgsb.f90,new_opt_lbfgsb,subroutine,private,69
simple_opt_lbfgsb,../scripts/../src/main/opt/simple_opt_lbfgsb.f90,opt_lbfgsb,type,public,50
simple_opt_lbfgsb,../scripts/../src/main/opt/simple_opt_lbfgsb.f90,projgr,subroutine,private,2332
simple_opt_lbfgsb,../scripts/../src/main/opt/simple_opt_lbfgsb.f90,setulb,subroutine,private,199
simple_opt_lbfgsb,../scripts/../src/main/opt/simple_opt_lbfgsb.f90,subsm,subroutine,private,2370
simple_opt_mask,../scripts/../src/utils/simple_opt_mask.f90,estimate_spher_mask,subroutine,public,13
simple_opt_particle_swarm,../scripts/../src/main/opt/simple_opt_particle_swarm.f90,init,subroutine,private,74
simple_opt_particle_swarm,../scripts/../src/main/opt/simple_opt_particle_swarm.f90,kill_particle_swarm,subroutine,private,148
simple_opt_particle_swarm,../scripts/../src/main/opt/simple_opt_particle_swarm.f90,new_particle_swarm,subroutine,private,30
simple_opt_particle_swarm,../scripts/../src/main/opt/simple_opt_particle_swarm.f90,opt_particle_swarm,type,public,12
simple_opt_particle_swarm,../scripts/../src/main/opt/simple_opt_particle_swarm.f90,particle_swarm_minimize,subroutine,private,41
simple_opt_particle_swarm,../scripts/../src/main/opt/simple_opt_particle_swarm.f90,update_particle,subroutine,private,106
simple_opt_powell,../scripts/../src/main/opt/simple_opt_powell.f90,kill_opt_powell,subroutine,private,179
simple_opt_powell,../scripts/../src/main/opt/simple_opt_powell.f90,new_opt_powell,subroutine,private,27
simple_opt_powell,../scripts/../src/main/opt/simple_opt_powell.f90,opt_powell,type,public,12
simple_opt_powell,../scripts/../src/main/opt/simple_opt_powell.f90,powell,subroutine,private,115
simple_opt_powell,../scripts/../src/main/opt/simple_opt_powell.f90,powell_minimize,subroutine,private,42
simple_opt_pr_cg,../scripts/../src/main/opt/simple_opt_pr_cg.f90,kill_opt_pr_cg,subroutine,private,170
simple_opt_pr_cg,../scripts/../src/main/opt/simple_opt_pr_cg.f90,new_opt_pr_cg,subroutine,private,27
simple_opt_pr_cg,../scripts/../src/main/opt/simple_opt_pr_cg.f90,opt_pr_cg,type,public,12
simple_opt_pr_cg,../scripts/../src/main/opt/simple_opt_pr_cg.f90,pr_cg_iterate,function,private,106
simple_opt_pr_cg,../scripts/../src/main/opt/simple_opt_pr_cg.f90,pr_cg_minimize,subroutine,private,37
simple_opt_pr_cg,../scripts/../src/main/opt/simple_opt_pr_cg.f90,pr_cg_set,subroutine,private,93
simple_opt_pr_cg,../scripts/../src/main/opt/simple_opt_pr_cg.f90,pr_cgmin,subroutine,private,60
simple_opt_simplex,../scripts/../src/main/opt/simple_opt_simplex.f90,init,subroutine,private,104
simple_opt_simplex,../scripts/../src/main/opt/simple_opt_simplex.f90,kill_opt_simplex,subroutine,private,125
simple_opt_simplex,../scripts/../src/main/opt/simple_opt_simplex.f90,new_opt_simplex,subroutine,private,28
simple_opt_simplex,../scripts/../src/main/opt/simple_opt_simplex.f90,opt_simplex,type,public,12
simple_opt_simplex,../scripts/../src/main/opt/simple_opt_simplex.f90,simplex_minimize,subroutine,private,40
simple_opt_spec,../scripts/../src/main/opt/simple_opt_spec.f90,change_opt,subroutine,private,269
simple_opt_spec,../scripts/../src/main/opt/simple_opt_spec.f90,costfun,function,public,84
simple_opt_spec,../scripts/../src/main/opt/simple_opt_spec.f90,costfun_8,function,private,114
simple_opt_spec,../scripts/../src/main/opt/simple_opt_spec.f90,eval_df_4,subroutine,private,338
simple_opt_spec,../scripts/../src/main/opt/simple_opt_spec.f90,eval_df_8,subroutine,private,395
simple_opt_spec,../scripts/../src/main/opt/simple_opt_spec.f90,eval_f_4,function,private,323
simple_opt_spec,../scripts/../src/main/opt/simple_opt_spec.f90,eval_f_8,function,private,375
simple_opt_spec,../scripts/../src/main/opt/simple_opt_spec.f90,eval_fdf_4,subroutine,private,353
simple_opt_spec,../scripts/../src/main/opt/simple_opt_spec.f90,eval_fdf_8,subroutine,private,416
simple_opt_spec,../scripts/../src/main/opt/simple_opt_spec.f90,fdfcostfun,subroutine,private,104
simple_opt_spec,../scripts/../src/main/opt/simple_opt_spec.f90,fdfcostfun_8,subroutine,private,134
simple_opt_spec,../scripts/../src/main/opt/simple_opt_spec.f90,fun,function,private,456
simple_opt_spec,../scripts/../src/main/opt/simple_opt_spec.f90,fun,subroutine,private,471
simple_opt_spec,../scripts/../src/main/opt/simple_opt_spec.f90,fun,subroutine,private,486
simple_opt_spec,../scripts/../src/main/opt/simple_opt_spec.f90,fun,function,private,502
simple_opt_spec,../scripts/../src/main/opt/simple_opt_spec.f90,fun,subroutine,private,517
simple_opt_spec,../scripts/../src/main/opt/simple_opt_spec.f90,fun,subroutine,private,532
simple_opt_spec,../scripts/../src/main/opt/simple_opt_spec.f90,gcostfun,subroutine,private,94
simple_opt_spec,../scripts/../src/main/opt/simple_opt_spec.f90,gcostfun_8,subroutine,private,124
simple_opt_spec,../scripts/../src/main/opt/simple_opt_spec.f90,kill,subroutine,private,543
simple_opt_spec,../scripts/../src/main/opt/simple_opt_spec.f90,opt_callback,subroutine,private,144
simple_opt_spec,../scripts/../src/main/opt/simple_opt_spec.f90,opt_spec,type,public,11
simple_opt_spec,../scripts/../src/main/opt/simple_opt_spec.f90,set_costfun,subroutine,private,452
simple_opt_spec,../scripts/../src/main/opt/simple_opt_spec.f90,set_costfun_8,subroutine,private,498
simple_opt_spec,../scripts/../src/main/opt/simple_opt_spec.f90,set_fdfcostfun,subroutine,private,482
simple_opt_spec,../scripts/../src/main/opt/simple_opt_spec.f90,set_fdfcostfun_8,subroutine,private,528
simple_opt_spec,../scripts/../src/main/opt/simple_opt_spec.f90,set_gcostfun,subroutine,private,467
simple_opt_spec,../scripts/../src/main/opt/simple_opt_spec.f90,set_gcostfun_8,subroutine,private,513
simple_opt_spec,../scripts/../src/main/opt/simple_opt_spec.f90,set_inipop,subroutine,private,312
simple_opt_spec,../scripts/../src/main/opt/simple_opt_spec.f90,set_limits,subroutine,private,276
simple_opt_spec,../scripts/../src/main/opt/simple_opt_spec.f90,set_limits_init,subroutine,private,294
simple_opt_spec,../scripts/../src/main/opt/simple_opt_spec.f90,specify,subroutine,private,152
simple_opt_stde,../scripts/../src/main/opt/simple_opt_stde.f90,kill_opt_stde,subroutine,private,137
simple_opt_stde,../scripts/../src/main/opt/simple_opt_stde.f90,new_opt_stde,subroutine,private,27
simple_opt_stde,../scripts/../src/main/opt/simple_opt_stde.f90,opt_stde,type,public,13
simple_opt_stde,../scripts/../src/main/opt/simple_opt_stde.f90,stde_iterate,function,private,95
simple_opt_stde,../scripts/../src/main/opt/simple_opt_stde.f90,stde_minimize,subroutine,private,37
simple_opt_stde,../scripts/../src/main/opt/simple_opt_stde.f90,stde_set,subroutine,private,90
simple_opt_stde,../scripts/../src/main/opt/simple_opt_stde.f90,stdemin,subroutine,private,59
simple_opt_subs,../scripts/../src/main/opt/simple_opt_subs.f90,amoeba,subroutine,public,310
simple_opt_subs,../scripts/../src/main/opt/simple_opt_subs.f90,amoeba_private,subroutine,private,329
simple_opt_subs,../scripts/../src/main/opt/simple_opt_subs.f90,amotry,function,private,396
simple_opt_subs,../scripts/../src/main/opt/simple_opt_subs.f90,brent,function,private,140
simple_opt_subs,../scripts/../src/main/opt/simple_opt_subs.f90,check_and_correct_vec,subroutine,public,443
simple_opt_subs,../scripts/../src/main/opt/simple_opt_subs.f90,eval_move,function,private,48
simple_opt_subs,../scripts/../src/main/opt/simple_opt_subs.f90,linmin,subroutine,public,23
simple_opt_subs,../scripts/../src/main/opt/simple_opt_subs.f90,lnsrch,subroutine,public,226
simple_opt_subs,../scripts/../src/main/opt/simple_opt_subs.f90,mnbrak,subroutine,private,69
simple_opt_subs,../scripts/../src/main/opt/simple_opt_subs.f90,shc_selector,function,public,417
simple_optimizer,../scripts/../src/main/opt/simple_optimizer.f90,generic_kill,subroutine,private,41
simple_optimizer,../scripts/../src/main/opt/simple_optimizer.f90,generic_minimize,subroutine,private,31
simple_optimizer,../scripts/../src/main/opt/simple_optimizer.f90,generic_new,subroutine,private,20
simple_optimizer,../scripts/../src/main/opt/simple_optimizer.f90,optimizer,type,public,8
simple_ori,../scripts/../src/main/ori/simple_ori.f90,ori,type,public,10
simple_ori_tester,../scripts/../src/main/ori/simple_ori_tester.f90,run_all_ori_tests,subroutine,public,17
simple_ori_tester,../scripts/../src/main/ori/simple_ori_tester.f90,test_2Dshift_set_get_and_rounding,subroutine,private,119
simple_ori_tester,../scripts/../src/main/ori/simple_ori_tester.f90,test_copy_nonptcl_to_ptcl,subroutine,private,272
simple_ori_tester,../scripts/../src/main/ori/simple_ori_tester.f90,test_copy_ptcl_to_nonptcl,subroutine,private,247
simple_ori_tester,../scripts/../src/main/ori/simple_ori_tester.f90,test_copy_ptcl_to_ptcl,subroutine,private,197
simple_ori_tester,../scripts/../src/main/ori/simple_ori_tester.f90,test_ctor_and_flags,subroutine,private,45
simple_ori_tester,../scripts/../src/main/ori/simple_ori_tester.f90,test_delete_2Dclustering,subroutine,private,304
simple_ori_tester,../scripts/../src/main/ori/simple_ori_tester.f90,test_delete_3Dalignment,subroutine,private,329
simple_ori_tester,../scripts/../src/main/ori/simple_ori_tester.f90,test_euler_basic_set_get,subroutine,private,63
simple_ori_tester,../scripts/../src/main/ori/simple_ori_tester.f90,test_euler_compose_vs_compeuler,subroutine,private,499
simple_ori_tester,../scripts/../src/main/ori/simple_ori_tester.f90,test_euler_matrix_roundtrip,subroutine,private,84
simple_ori_tester,../scripts/../src/main/ori/simple_ori_tester.f90,test_geodesic_metrics,subroutine,private,476
simple_ori_tester,../scripts/../src/main/ori/simple_ori_tester.f90,test_get_dfx_dfy_and_setters,subroutine,private,163
simple_ori_tester,../scripts/../src/main/ori/simple_ori_tester.f90,test_isthere_and_ischar,subroutine,private,175
simple_ori_tester,../scripts/../src/main/ori/simple_ori_tester.f90,test_mirror2d_involution,subroutine,private,442
simple_ori_tester,../scripts/../src/main/ori/simple_ori_tester.f90,test_mirror3d_involution,subroutine,private,425
simple_ori_tester,../scripts/../src/main/ori/simple_ori_tester.f90,test_normal_and_mat_consistency,subroutine,private,101
simple_ori_tester,../scripts/../src/main/ori/simple_ori_tester.f90,test_ori2str_and_str2ori_roundtrip,subroutine,private,521
simple_ori_tester,../scripts/../src/main/ori/simple_ori_tester.f90,test_state_class_proj_eo_sampled_updatecnt,subroutine,private,143
simple_ori_tester,../scripts/../src/main/ori/simple_ori_tester.f90,test_transfer_2Dparams,subroutine,private,356
simple_ori_tester,../scripts/../src/main/ori/simple_ori_tester.f90,test_transfer_3Dparams,subroutine,private,394
simple_ori_tester,../scripts/../src/main/ori/simple_ori_tester.f90,test_transp_involution,subroutine,private,459
simple_ori_utils,../scripts/../src/main/ori/simple_ori_utils.f90,dm2euler,function,public,72
simple_ori_utils,../scripts/../src/main/ori/simple_ori_utils.f90,drotmat,function,private,156
simple_ori_utils,../scripts/../src/main/ori/simple_ori_utils.f90,euler2dm,subroutine,private,30
simple_ori_utils,../scripts/../src/main/ori/simple_ori_utils.f90,euler2m,function,public,18
simple_ori_utils,../scripts/../src/main/ori/simple_ori_utils.f90,euler_compose,subroutine,public,260
simple_ori_utils,../scripts/../src/main/ori/simple_ori_utils.f90,euler_mirror,subroutine,public,273
simple_ori_utils,../scripts/../src/main/ori/simple_ori_utils.f90,euler_normal,function,private,240
simple_ori_utils,../scripts/../src/main/ori/simple_ori_utils.f90,m2euler,function,public,49
simple_ori_utils,../scripts/../src/main/ori/simple_ori_utils.f90,make_transfmat,function,public,94
simple_ori_utils,../scripts/../src/main/ori/simple_ori_utils.f90,rnd_romat,subroutine,public,199
simple_ori_utils,../scripts/../src/main/ori/simple_ori_utils.f90,rotmat,function,private,112
simple_oris,../scripts/../src/main/ori/simple_oris.f90,oris,type,public,12
simple_oris_tester,../scripts/../src/main/ori/simple_oris_tester.f90,run_all_oris_tests,subroutine,public,11
simple_oris_tester,../scripts/../src/main/ori/simple_oris_tester.f90,test_compress_and_masks,subroutine,private,146
simple_oris_tester,../scripts/../src/main/ori/simple_oris_tester.f90,test_constructors_and_basic_props,subroutine,private,29
simple_oris_tester,../scripts/../src/main/ori/simple_oris_tester.f90,test_extract_and_copy,subroutine,private,105
simple_oris_tester,../scripts/../src/main/ori/simple_oris_tester.f90,test_getters_setters,subroutine,private,58
simple_oris_tester,../scripts/../src/main/ori/simple_oris_tester.f90,test_misc_flags,subroutine,private,469
simple_oris_tester,../scripts/../src/main/ori/simple_oris_tester.f90,test_proj_space_and_remap,subroutine,private,379
simple_oris_tester,../scripts/../src/main/ori/simple_oris_tester.f90,test_randomization_and_symmetry,subroutine,private,353
simple_oris_tester,../scripts/../src/main/ori/simple_oris_tester.f90,test_rotations_and_errors,subroutine,private,447
simple_oris_tester,../scripts/../src/main/ori/simple_oris_tester.f90,test_sample4update_cnt_large,subroutine,private,298
simple_oris_tester,../scripts/../src/main/ori/simple_oris_tester.f90,test_sampling_and_updatecnt,subroutine,private,183
simple_oris_tester,../scripts/../src/main/ori/simple_oris_tester.f90,test_stats_and_ordering,subroutine,private,410
simple_parameters,../scripts/../src/main/params/simple_parameters.f90,parameters,type,public,46
simple_parameters_registry,../scripts/../src/main/params/simple_parameters_registry.f90,add_char_fixed,subroutine,private,99
simple_parameters_registry,../scripts/../src/main/params/simple_parameters_registry.f90,add_char_string,subroutine,private,109
simple_parameters_registry,../scripts/../src/main/params/simple_parameters_registry.f90,add_dir,subroutine,private,166
simple_parameters_registry,../scripts/../src/main/params/simple_parameters_registry.f90,add_file,subroutine,private,139
simple_parameters_registry,../scripts/../src/main/params/simple_parameters_registry.f90,add_int,subroutine,private,119
simple_parameters_registry,../scripts/../src/main/params/simple_parameters_registry.f90,add_real,subroutine,private,129
simple_parameters_registry,../scripts/../src/main/params/simple_parameters_registry.f90,apply_cmdline,subroutine,private,278
simple_parameters_registry,../scripts/../src/main/params/simple_parameters_registry.f90,char_binding,type,private,11
simple_parameters_registry,../scripts/../src/main/params/simple_parameters_registry.f90,clear,subroutine,private,83
simple_parameters_registry,../scripts/../src/main/params/simple_parameters_registry.f90,dir_binding,type,private,44
simple_parameters_registry,../scripts/../src/main/params/simple_parameters_registry.f90,ensure_char_capacity,subroutine,private,176
simple_parameters_registry,../scripts/../src/main/params/simple_parameters_registry.f90,ensure_dir_capacity,subroutine,private,261
simple_parameters_registry,../scripts/../src/main/params/simple_parameters_registry.f90,ensure_file_capacity,subroutine,private,244
simple_parameters_registry,../scripts/../src/main/params/simple_parameters_registry.f90,ensure_int_capacity,subroutine,private,210
simple_parameters_registry,../scripts/../src/main/params/simple_parameters_registry.f90,ensure_real_capacity,subroutine,private,227
simple_parameters_registry,../scripts/../src/main/params/simple_parameters_registry.f90,ensure_string_capacity,subroutine,private,193
simple_parameters_registry,../scripts/../src/main/params/simple_parameters_registry.f90,file_binding,type,private,31
simple_parameters_registry,../scripts/../src/main/params/simple_parameters_registry.f90,int_binding,type,private,21
simple_parameters_registry,../scripts/../src/main/params/simple_parameters_registry.f90,param_registry,type,public,49
simple_parameters_registry,../scripts/../src/main/params/simple_parameters_registry.f90,real_binding,type,private,26
simple_parameters_registry,../scripts/../src/main/params/simple_parameters_registry.f90,string_binding,type,private,16
simple_particle_extractor,../scripts/../src/main/simple_particle_extractor.f90,cure_outliers,subroutine,private,473
simple_particle_extractor,../scripts/../src/main/simple_particle_extractor.f90,display,subroutine,private,302
simple_particle_extractor,../scripts/../src/main/simple_particle_extractor.f90,extract_particles,subroutine,private,336
simple_particle_extractor,../scripts/../src/main/simple_particle_extractor.f90,extract_particles_from_mic,subroutine,private,375
simple_particle_extractor,../scripts/../src/main/simple_particle_extractor.f90,extract_ptcl,subroutine,private,418
simple_particle_extractor,../scripts/../src/main/simple_particle_extractor.f90,get_local_shift,subroutine,private,599
simple_particle_extractor,../scripts/../src/main/simple_particle_extractor.f90,init_mask,subroutine,private,198
simple_particle_extractor,../scripts/../src/main/simple_particle_extractor.f90,init_mic,subroutine,private,188
simple_particle_extractor,../scripts/../src/main/simple_particle_extractor.f90,init_mov,subroutine,private,63
simple_particle_extractor,../scripts/../src/main/simple_particle_extractor.f90,kill,subroutine,private,647
simple_particle_extractor,../scripts/../src/main/simple_particle_extractor.f90,parse_movie_metadata,subroutine,private,208
simple_particle_extractor,../scripts/../src/main/simple_particle_extractor.f90,parse_string,subroutine,private,639
simple_particle_extractor,../scripts/../src/main/simple_particle_extractor.f90,pix2polycoords,subroutine,private,591
simple_particle_extractor,../scripts/../src/main/simple_particle_extractor.f90,post_process,subroutine,private,464
simple_particle_extractor,../scripts/../src/main/simple_particle_extractor.f90,ptcl_extractor,type,public,19
simple_pca,../scripts/../src/main/pca/simple_pca.f90,generic_generate,subroutine,private,35
simple_pca,../scripts/../src/main/pca/simple_pca.f90,generic_get_feat,function,private,28
simple_pca,../scripts/../src/main/pca/simple_pca.f90,generic_kill,subroutine,private,50
simple_pca,../scripts/../src/main/pca/simple_pca.f90,generic_master,subroutine,private,43
simple_pca,../scripts/../src/main/pca/simple_pca.f90,generic_new,subroutine,private,22
simple_pca,../scripts/../src/main/pca/simple_pca.f90,pca,type,public,8
simple_pca_svd,../scripts/../src/main/pca/simple_pca_svd.f90,generate_svd,subroutine,private,73
simple_pca_svd,../scripts/../src/main/pca/simple_pca_svd.f90,get_feat_svd,function,private,65
simple_pca_svd,../scripts/../src/main/pca/simple_pca_svd.f90,kill_svd,subroutine,private,154
simple_pca_svd,../scripts/../src/main/pca/simple_pca_svd.f90,master_ori,subroutine,private,94
simple_pca_svd,../scripts/../src/main/pca/simple_pca_svd.f90,master_svd,subroutine,private,83
simple_pca_svd,../scripts/../src/main/pca/simple_pca_svd.f90,master_T,subroutine,private,119
simple_pca_svd,../scripts/../src/main/pca/simple_pca_svd.f90,new_svd,subroutine,private,35
simple_pca_svd,../scripts/../src/main/pca/simple_pca_svd.f90,pca_svd,type,public,10
simple_pcg_pose_polisher,../scripts/../src/main/strategies/search/simple_pcg_pose_polisher.f90,pcg_pose_polish_summary,type,public,17
simple_pcg_pose_polisher,../scripts/../src/main/strategies/search/simple_pcg_pose_polisher.f90,polish_fixed_volume_poses,subroutine,public,118
simple_pcg_pose_polisher,../scripts/../src/main/strategies/search/simple_pcg_pose_polisher.f90,polish_fixed_volume_shifts,subroutine,public,39
simple_pcg_pose_polisher,../scripts/../src/main/strategies/search/simple_pcg_pose_polisher.f90,refine_one_pose,subroutine,private,182
simple_pcg_pose_polisher,../scripts/../src/main/strategies/search/simple_pcg_pose_polisher.f90,validate_batch_shapes,subroutine,private,226
simple_persistent_worker_message_base,../scripts/../src/utils/persistent_worker/message/simple_persistent_worker_message_base.f90,kill_qsys_persistent_worker_message_base,subroutine,private,61
simple_persistent_worker_message_base,../scripts/../src/utils/persistent_worker/message/simple_persistent_worker_message_base.f90,new_qsys_persistent_worker_message_base,subroutine,private,54
simple_persistent_worker_message_base,../scripts/../src/utils/persistent_worker/message/simple_persistent_worker_message_base.f90,qsys_persistent_worker_message_base,type,public,42
simple_persistent_worker_message_base,../scripts/../src/utils/persistent_worker/message/simple_persistent_worker_message_base.f90,serialise,subroutine,private,72
simple_persistent_worker_message_heartbeat,../scripts/../src/utils/persistent_worker/message/simple_persistent_worker_message_heartbeat.f90,kill_qsys_persistent_worker_message_heartbeat,subroutine,private,77
simple_persistent_worker_message_heartbeat,../scripts/../src/utils/persistent_worker/message/simple_persistent_worker_message_heartbeat.f90,new_qsys_persistent_worker_message_heartbeat,subroutine,private,69
simple_persistent_worker_message_heartbeat,../scripts/../src/utils/persistent_worker/message/simple_persistent_worker_message_heartbeat.f90,qsys_persistent_worker_message_heartbeat,type,public,51
simple_persistent_worker_message_heartbeat,../scripts/../src/utils/persistent_worker/message/simple_persistent_worker_message_heartbeat.f90,serialise_qsys_persistent_worker_message_heartbeat,subroutine,private,92
simple_persistent_worker_message_status,../scripts/../src/utils/persistent_worker/message/simple_persistent_worker_message_status.f90,kill_qsys_persistent_worker_message_status,subroutine,private,68
simple_persistent_worker_message_status,../scripts/../src/utils/persistent_worker/message/simple_persistent_worker_message_status.f90,new_qsys_persistent_worker_message_status,subroutine,private,60
simple_persistent_worker_message_status,../scripts/../src/utils/persistent_worker/message/simple_persistent_worker_message_status.f90,qsys_persistent_worker_message_status,type,public,46
simple_persistent_worker_message_status,../scripts/../src/utils/persistent_worker/message/simple_persistent_worker_message_status.f90,serialise_qsys_persistent_worker_message_status,subroutine,private,79
simple_persistent_worker_message_task,../scripts/../src/utils/persistent_worker/message/simple_persistent_worker_message_task.f90,kill_qsys_persistent_worker_message_task,subroutine,private,90
simple_persistent_worker_message_task,../scripts/../src/utils/persistent_worker/message/simple_persistent_worker_message_task.f90,new_qsys_persistent_worker_message_task,subroutine,private,82
simple_persistent_worker_message_task,../scripts/../src/utils/persistent_worker/message/simple_persistent_worker_message_task.f90,qsys_persistent_worker_message_task,type,public,62
simple_persistent_worker_message_task,../scripts/../src/utils/persistent_worker/message/simple_persistent_worker_message_task.f90,serialise_qsys_persistent_worker_message_task,subroutine,private,108
simple_persistent_worker_message_terminate,../scripts/../src/utils/persistent_worker/message/simple_persistent_worker_message_terminate.f90,kill_qsys_persistent_worker_message_terminate,subroutine,private,68
simple_persistent_worker_message_terminate,../scripts/../src/utils/persistent_worker/message/simple_persistent_worker_message_terminate.f90,new_qsys_persistent_worker_message_terminate,subroutine,private,60
simple_persistent_worker_message_terminate,../scripts/../src/utils/persistent_worker/message/simple_persistent_worker_message_terminate.f90,qsys_persistent_worker_message_terminate,type,public,46
simple_persistent_worker_message_terminate,../scripts/../src/utils/persistent_worker/message/simple_persistent_worker_message_terminate.f90,serialise_qsys_persistent_worker_message_terminate,subroutine,private,79
simple_persistent_worker_message_tester,../scripts/../src/utils/persistent_worker/message/simple_persistent_worker_message_tester.f90,run_all_persistent_worker_message_tests,subroutine,public,36
simple_persistent_worker_message_tester,../scripts/../src/utils/persistent_worker/message/simple_persistent_worker_message_tester.f90,test_base_message_new_kill_and_serialise,subroutine,private,56
simple_persistent_worker_message_tester,../scripts/../src/utils/persistent_worker/message/simple_persistent_worker_message_tester.f90,test_heartbeat_new_kill_and_serialise,subroutine,private,74
simple_persistent_worker_message_tester,../scripts/../src/utils/persistent_worker/message/simple_persistent_worker_message_tester.f90,test_message_type_enum_values,subroutine,private,47
simple_persistent_worker_message_tester,../scripts/../src/utils/persistent_worker/message/simple_persistent_worker_message_tester.f90,test_status_new_kill_and_serialise,subroutine,private,168
simple_persistent_worker_message_tester,../scripts/../src/utils/persistent_worker/message/simple_persistent_worker_message_tester.f90,test_task_new_kill_and_serialise,subroutine,private,115
simple_persistent_worker_message_tester,../scripts/../src/utils/persistent_worker/message/simple_persistent_worker_message_tester.f90,test_terminate_new_kill_and_serialise,subroutine,private,193
simple_persistent_worker_server,../scripts/../src/utils/persistent_worker/simple_persistent_worker_server.f90,claim_warmup_worker_ids,subroutine,private,354
simple_persistent_worker_server,../scripts/../src/utils/persistent_worker/simple_persistent_worker_server.f90,clear_registry_entry_by_fd,subroutine,private,854
simple_persistent_worker_server,../scripts/../src/utils/persistent_worker/simple_persistent_worker_server.f90,clear_stale_registry_entry,subroutine,private,842
simple_persistent_worker_server,../scripts/../src/utils/persistent_worker/simple_persistent_worker_server.f90,get_host_ips,function,private,304
simple_persistent_worker_server,../scripts/../src/utils/persistent_worker/simple_persistent_worker_server.f90,get_port,function,private,297
simple_persistent_worker_server,../scripts/../src/utils/persistent_worker/simple_persistent_worker_server.f90,get_queue_pressure_workers_required,function,private,314
simple_persistent_worker_server,../scripts/../src/utils/persistent_worker/simple_persistent_worker_server.f90,handle_heartbeat_msg,subroutine,private,934
simple_persistent_worker_server,../scripts/../src/utils/persistent_worker/simple_persistent_worker_server.f90,handle_new_task_msg,subroutine,private,752
simple_persistent_worker_server,../scripts/../src/utils/persistent_worker/simple_persistent_worker_server.f90,handle_terminate_msg,subroutine,private,828
simple_persistent_worker_server,../scripts/../src/utils/persistent_worker/simple_persistent_worker_server.f90,handle_unknown_msg,subroutine,private,734
simple_persistent_worker_server,../scripts/../src/utils/persistent_worker/simple_persistent_worker_server.f90,is_running,function,private,413
simple_persistent_worker_server,../scripts/../src/utils/persistent_worker/simple_persistent_worker_server.f90,kill,subroutine,private,219
simple_persistent_worker_server,../scripts/../src/utils/persistent_worker/simple_persistent_worker_server.f90,mark_worker_slots_launch_pending,subroutine,private,390
simple_persistent_worker_server,../scripts/../src/utils/persistent_worker/simple_persistent_worker_server.f90,new,subroutine,private,130
simple_persistent_worker_server,../scripts/../src/utils/persistent_worker/simple_persistent_worker_server.f90,pack_task_queue,subroutine,private,631
simple_persistent_worker_server,../scripts/../src/utils/persistent_worker/simple_persistent_worker_server.f90,queue_task,function,private,260
simple_persistent_worker_server,../scripts/../src/utils/persistent_worker/simple_persistent_worker_server.f90,send_idle_reply,subroutine,private,717
simple_persistent_worker_server,../scripts/../src/utils/persistent_worker/simple_persistent_worker_server.f90,set_warmup_cooldown_enabled,subroutine,private,331
simple_persistent_worker_server,../scripts/../src/utils/persistent_worker/simple_persistent_worker_server.f90,set_warmup_request,subroutine,private,891
simple_persistent_worker_server,../scripts/../src/utils/persistent_worker/simple_persistent_worker_server.f90,signal_ready,subroutine,private,707
simple_persistent_worker_server,../scripts/../src/utils/persistent_worker/simple_persistent_worker_server.f90,update_queue_pressure,subroutine,private,651
simple_persistent_worker_server,../scripts/../src/utils/persistent_worker/simple_persistent_worker_server.f90,update_worker_registry,subroutine,private,913
simple_persistent_worker_server,../scripts/../src/utils/persistent_worker/simple_persistent_worker_server.f90,worker_listener_thread,subroutine,private,432
simple_persistent_worker_server_tester,../scripts/../src/utils/persistent_worker/simple_persistent_worker_server_tester.f90,build_test_task,subroutine,private,263
simple_persistent_worker_server_tester,../scripts/../src/utils/persistent_worker/simple_persistent_worker_server_tester.f90,run_all_persistent_worker_server_tests,subroutine,public,34
simple_persistent_worker_server_tester,../scripts/../src/utils/persistent_worker/simple_persistent_worker_server_tester.f90,test_claim_warmup_marks_launch_pending_and_clears_requests,subroutine,private,172
simple_persistent_worker_server_tester,../scripts/../src/utils/persistent_worker/simple_persistent_worker_server_tester.f90,test_get_host_ips_default_empty,subroutine,private,80
simple_persistent_worker_server_tester,../scripts/../src/utils/persistent_worker/simple_persistent_worker_server_tester.f90,test_mark_worker_slots_launch_pending_sets_flags,subroutine,private,157
simple_persistent_worker_server_tester,../scripts/../src/utils/persistent_worker/simple_persistent_worker_server_tester.f90,test_module_defaults_and_constants,subroutine,private,58
simple_persistent_worker_server_tester,../scripts/../src/utils/persistent_worker/simple_persistent_worker_server_tester.f90,test_new_and_kill_lifecycle,subroutine,private,103
simple_persistent_worker_server_tester,../scripts/../src/utils/persistent_worker/simple_persistent_worker_server_tester.f90,test_new_client_only_invalid_address_rejected,subroutine,private,133
simple_persistent_worker_server_tester,../scripts/../src/utils/persistent_worker/simple_persistent_worker_server_tester.f90,test_new_client_only_valid_address_parse,subroutine,private,124
simple_persistent_worker_server_tester,../scripts/../src/utils/persistent_worker/simple_persistent_worker_server_tester.f90,test_new_invalid_args_do_not_start,subroutine,private,86
simple_persistent_worker_server_tester,../scripts/../src/utils/persistent_worker/simple_persistent_worker_server_tester.f90,test_new_is_idempotent_while_running,subroutine,private,142
simple_persistent_worker_server_tester,../scripts/../src/utils/persistent_worker/simple_persistent_worker_server_tester.f90,test_queue_task_eventually_rejects_when_full,subroutine,private,235
simple_persistent_worker_server_tester,../scripts/../src/utils/persistent_worker/simple_persistent_worker_server_tester.f90,test_queue_task_priority_requests,subroutine,private,213
simple_persistent_worker_server_tester,../scripts/../src/utils/persistent_worker/simple_persistent_worker_server_tester.f90,test_server_default_state,subroutine,private,68
simple_persistent_worker_server_tester,../scripts/../src/utils/persistent_worker/simple_persistent_worker_server_tester.f90,test_startup_pending_prevents_duplicate_warmup_claim,subroutine,private,191
simple_pftc_shsrch_grad,../scripts/../src/main/pftc/simple_pftc_shsrch_grad.f90,bounded_shift_trial,function,public,818
simple_pftc_shsrch_grad,../scripts/../src/main/pftc/simple_pftc_shsrch_grad.f90,coarse_search,subroutine,private,828
simple_pftc_shsrch_grad,../scripts/../src/main/pftc/simple_pftc_shsrch_grad.f90,coarse_search_opt_angle,subroutine,private,852
simple_pftc_shsrch_grad,../scripts/../src/main/pftc/simple_pftc_shsrch_grad.f90,grad_shsrch_costfun,function,private,234
simple_pftc_shsrch_grad,../scripts/../src/main/pftc/simple_pftc_shsrch_grad.f90,grad_shsrch_fdfcostfun,subroutine,private,282
simple_pftc_shsrch_grad,../scripts/../src/main/pftc/simple_pftc_shsrch_grad.f90,grad_shsrch_gcostfun,subroutine,private,259
simple_pftc_shsrch_grad,../scripts/../src/main/pftc/simple_pftc_shsrch_grad.f90,grad_shsrch_get_profile,subroutine,private,889
simple_pftc_shsrch_grad,../scripts/../src/main/pftc/simple_pftc_shsrch_grad.f90,grad_shsrch_kill,subroutine,private,896
simple_pftc_shsrch_grad,../scripts/../src/main/pftc/simple_pftc_shsrch_grad.f90,grad_shsrch_minimize,function,private,359
simple_pftc_shsrch_grad,../scripts/../src/main/pftc/simple_pftc_shsrch_grad.f90,grad_shsrch_minimize_direct,function,private,649
simple_pftc_shsrch_grad,../scripts/../src/main/pftc/simple_pftc_shsrch_grad.f90,grad_shsrch_minimize_joint,function,private,482
simple_pftc_shsrch_grad,../scripts/../src/main/pftc/simple_pftc_shsrch_grad.f90,grad_shsrch_new_direct,subroutine,private,137
simple_pftc_shsrch_grad,../scripts/../src/main/pftc/simple_pftc_shsrch_grad.f90,grad_shsrch_new_fixed,subroutine,private,93
simple_pftc_shsrch_grad,../scripts/../src/main/pftc/simple_pftc_shsrch_grad.f90,grad_shsrch_new_joint,subroutine,private,150
simple_pftc_shsrch_grad,../scripts/../src/main/pftc/simple_pftc_shsrch_grad.f90,grad_shsrch_new_legacy,subroutine,private,83
simple_pftc_shsrch_grad,../scripts/../src/main/pftc/simple_pftc_shsrch_grad.f90,grad_shsrch_new_mode,subroutine,private,103
simple_pftc_shsrch_grad,../scripts/../src/main/pftc/simple_pftc_shsrch_grad.f90,grad_shsrch_reset_profile,subroutine,private,883
simple_pftc_shsrch_grad,../scripts/../src/main/pftc/simple_pftc_shsrch_grad.f90,grad_shsrch_set_indices,subroutine,private,351
simple_pftc_shsrch_grad,../scripts/../src/main/pftc/simple_pftc_shsrch_grad.f90,grad_shsrch_update_discrete_angle,subroutine,private,313
simple_pftc_shsrch_grad,../scripts/../src/main/pftc/simple_pftc_shsrch_grad.f90,grad_shsrch_update_discrete_angle_wrapper,subroutine,private,340
simple_pftc_shsrch_grad,../scripts/../src/main/pftc/simple_pftc_shsrch_grad.f90,joint_grad_at_angle,subroutine,private,203
simple_pftc_shsrch_grad,../scripts/../src/main/pftc/simple_pftc_shsrch_grad.f90,pftc_shsrch_grad,type,public,19
simple_pftc_shsrch_grad,../scripts/../src/main/pftc/simple_pftc_shsrch_grad.f90,select_best_discrete_angle,subroutine,private,322
simple_pftc_shsrch_grad,../scripts/../src/main/pftc/simple_pftc_shsrch_grad.f90,set_diagnostic_mode,subroutine,private,69
simple_pftc_shsrch_grad,../scripts/../src/main/pftc/simple_pftc_shsrch_grad.f90,set_limits,subroutine,private,195
simple_pick_strategy,../scripts/../src/main/strategies/parallelization/simple_pick_strategy.f90,cleanup_interface,subroutine,private,86
simple_pick_strategy,../scripts/../src/main/strategies/parallelization/simple_pick_strategy.f90,create_pick_strategy,function,public,105
simple_pick_strategy,../scripts/../src/main/strategies/parallelization/simple_pick_strategy.f90,distr_cleanup,subroutine,private,559
simple_pick_strategy,../scripts/../src/main/strategies/parallelization/simple_pick_strategy.f90,distr_end_message,function,private,568
simple_pick_strategy,../scripts/../src/main/strategies/parallelization/simple_pick_strategy.f90,distr_execute,subroutine,private,526
simple_pick_strategy,../scripts/../src/main/strategies/parallelization/simple_pick_strategy.f90,distr_finalize_run,subroutine,private,552
simple_pick_strategy,../scripts/../src/main/strategies/parallelization/simple_pick_strategy.f90,distr_initialize,subroutine,private,493
simple_pick_strategy,../scripts/../src/main/strategies/parallelization/simple_pick_strategy.f90,endmsg_interface,function,private,93
simple_pick_strategy,../scripts/../src/main/strategies/parallelization/simple_pick_strategy.f90,exec_interface,subroutine,private,72
simple_pick_strategy,../scripts/../src/main/strategies/parallelization/simple_pick_strategy.f90,finalize_interface,subroutine,private,79
simple_pick_strategy,../scripts/../src/main/strategies/parallelization/simple_pick_strategy.f90,init_interface,subroutine,private,65
simple_pick_strategy,../scripts/../src/main/strategies/parallelization/simple_pick_strategy.f90,inmem_cleanup,subroutine,private,476
simple_pick_strategy,../scripts/../src/main/strategies/parallelization/simple_pick_strategy.f90,inmem_end_message,function,private,483
simple_pick_strategy,../scripts/../src/main/strategies/parallelization/simple_pick_strategy.f90,inmem_execute,subroutine,private,414
simple_pick_strategy,../scripts/../src/main/strategies/parallelization/simple_pick_strategy.f90,inmem_finalize_run,subroutine,private,469
simple_pick_strategy,../scripts/../src/main/strategies/parallelization/simple_pick_strategy.f90,inmem_initialize,subroutine,private,406
simple_pick_strategy,../scripts/../src/main/strategies/parallelization/simple_pick_strategy.f90,make_pickrefs_impl,subroutine,public,178
simple_pick_strategy,../scripts/../src/main/strategies/parallelization/simple_pick_strategy.f90,pick_distr_strategy,type,public,50
simple_pick_strategy,../scripts/../src/main/strategies/parallelization/simple_pick_strategy.f90,pick_inmem_strategy,type,public,40
simple_pick_strategy,../scripts/../src/main/strategies/parallelization/simple_pick_strategy.f90,pick_strategy,type,public,30
simple_pick_strategy,../scripts/../src/main/strategies/parallelization/simple_pick_strategy.f90,set_pick_defaults,subroutine,private,124
simple_pick_strategy,../scripts/../src/main/strategies/parallelization/simple_pick_strategy.f90,validate_pick_mode,subroutine,private,145
simple_picker_iter,../scripts/../src/main/pick/simple_picker_iter.f90,iterate,subroutine,private,26
simple_picker_iter,../scripts/../src/main/pick/simple_picker_iter.f90,kill,subroutine,private,92
simple_picker_iter,../scripts/../src/main/pick/simple_picker_iter.f90,picker_iter,type,public,15
simple_picker_iter,../scripts/../src/main/pick/simple_picker_iter.f90,read_pickrefs,subroutine,private,71
simple_picker_utils,../scripts/../src/main/pick/simple_picker_utils.f90,exec_gaupick,subroutine,public,124
simple_picker_utils,../scripts/../src/main/pick/simple_picker_utils.f90,exec_refpick,subroutine,public,23
simple_picker_utils,../scripts/../src/main/pick/simple_picker_utils.f90,exec_segdiampick,subroutine,public,103
simple_picker_utils,../scripts/../src/main/pick/simple_picker_utils.f90,exec_segpick,subroutine,public,76
simple_pickref,../scripts/../src/main/pick/simple_pickref.f90,detect_peaks,subroutine,private,295
simple_pickref,../scripts/../src/main/pick/simple_pickref.f90,distance_filter,subroutine,private,361
simple_pickref,../scripts/../src/main/pick/simple_pickref.f90,distance_filter_grid,subroutine,private,366
simple_pickref,../scripts/../src/main/pick/simple_pickref.f90,get_nboxes,function,private,521
simple_pickref,../scripts/../src/main/pick/simple_pickref.f90,get_positions,subroutine,private,483
simple_pickref,../scripts/../src/main/pick/simple_pickref.f90,get_scores,subroutine,private,504
simple_pickref,../scripts/../src/main/pick/simple_pickref.f90,kill,subroutine,private,706
simple_pickref,../scripts/../src/main/pick/simple_pickref.f90,limit_nboxes,subroutine,private,340
simple_pickref,../scripts/../src/main/pick/simple_pickref.f90,match_boximgs,subroutine,private,273
simple_pickref,../scripts/../src/main/pick/simple_pickref.f90,multiref_merge,subroutine,public,735
simple_pickref,../scripts/../src/main/pick/simple_pickref.f90,new,subroutine,private,121
simple_pickref,../scripts/../src/main/pick/simple_pickref.f90,peak_vs_nonpeak_stats,subroutine,private,427
simple_pickref,../scripts/../src/main/pick/simple_pickref.f90,read_mic_raw_pickref,subroutine,public,70
simple_pickref,../scripts/../src/main/pick/simple_pickref.f90,refine_upscaled,subroutine,private,615
simple_pickref,../scripts/../src/main/pick/simple_pickref.f90,refine_upscaled_batch,subroutine,private,623
simple_pickref,../scripts/../src/main/pick/simple_pickref.f90,refpick,subroutine,private,87
simple_pickref,../scripts/../src/main/pick/simple_pickref.f90,report_boxfile,subroutine,private,552
simple_pickref,../scripts/../src/main/pick/simple_pickref.f90,report_thumb_den,subroutine,private,542
simple_pickref,../scripts/../src/main/pick/simple_pickref.f90,setup_iterators,subroutine,private,229
simple_pickref,../scripts/../src/main/pick/simple_pickref.f90,write_boxfile,subroutine,private,528
simple_pickref_corr_batch,../scripts/../src/main/pick/simple_pickref_corr_batch.f90,kill,subroutine,private,184
simple_pickref_corr_batch,../scripts/../src/main/pick/simple_pickref_corr_batch.f90,new,subroutine,private,35
simple_pickref_corr_batch,../scripts/../src/main/pick/simple_pickref_corr_batch.f90,pickref_corr_batch,type,public,14
simple_pickref_corr_batch,../scripts/../src/main/pick/simple_pickref_corr_batch.f90,report_stats,subroutine,private,169
simple_pickref_corr_batch,../scripts/../src/main/pick/simple_pickref_corr_batch.f90,score_positions,subroutine,private,96
simple_pickseg,../scripts/../src/main/pick/simple_pickseg.f90,center_mass_cc,function,private,197
simple_pickseg,../scripts/../src/main/pick/simple_pickseg.f90,get_boxsize,function,private,216
simple_pickseg,../scripts/../src/main/pick/simple_pickseg.f90,get_ldim,function,private,222
simple_pickseg,../scripts/../src/main/pick/simple_pickseg.f90,get_nboxes,function,private,228
simple_pickseg,../scripts/../src/main/pick/simple_pickseg.f90,get_positions,subroutine,private,240
simple_pickseg,../scripts/../src/main/pick/simple_pickseg.f90,get_smpd_shrink,function,private,234
simple_pickseg,../scripts/../src/main/pick/simple_pickseg.f90,pick,subroutine,private,48
simple_pickseg,../scripts/../src/main/pick/simple_pickseg.f90,report_boxfile,subroutine,private,259
simple_picksegdiam,../scripts/../src/main/pick/simple_picksegdiam.f90,dealloc_objs,subroutine,private,114
simple_picksegdiam,../scripts/../src/main/pick/simple_picksegdiam.f90,dealloc_objs,subroutine,private,260
simple_picksegdiam,../scripts/../src/main/pick/simple_picksegdiam.f90,get_diameters,subroutine,private,279
simple_picksegdiam,../scripts/../src/main/pick/simple_picksegdiam.f90,kill,subroutine,private,379
simple_picksegdiam,../scripts/../src/main/pick/simple_picksegdiam.f90,pick_1,subroutine,private,36
simple_picksegdiam,../scripts/../src/main/pick/simple_picksegdiam.f90,pick_2,subroutine,private,126
simple_picksegdiam,../scripts/../src/main/pick/simple_picksegdiam.f90,pick_3,subroutine,private,175
simple_picksegdiam,../scripts/../src/main/pick/simple_picksegdiam.f90,write_diameters,subroutine,private,303
simple_picksegdiam,../scripts/../src/main/pick/simple_picksegdiam.f90,write_pos_and_diams,subroutine,private,334
simple_polarft_calc,../scripts/../src/main/pftc/simple_polarft_calc.f90,polarft_calc,type,public,52
simple_ppca,../scripts/../src/main/pca/simple_ppca.f90,calc_eigvals,subroutine,private,380
simple_ppca,../scripts/../src/main/pca/simple_ppca.f90,em_opt,subroutine,private,297
simple_ppca,../scripts/../src/main/pca/simple_ppca.f90,generate_ppca,subroutine,private,90
simple_ppca,../scripts/../src/main/pca/simple_ppca.f90,get_eigvals_ppca,function,private,65
simple_ppca,../scripts/../src/main/pca/simple_ppca.f90,get_feat_ppca,function,private,58
simple_ppca,../scripts/../src/main/pca/simple_ppca.f90,get_signal_eigvals_ppca,function,private,75
simple_ppca,../scripts/../src/main/pca/simple_ppca.f90,init,subroutine,private,273
simple_ppca,../scripts/../src/main/pca/simple_ppca.f90,kill_ppca,subroutine,private,403
simple_ppca,../scripts/../src/main/pca/simple_ppca.f90,master_ppca,subroutine,private,98
simple_ppca,../scripts/../src/main/pca/simple_ppca.f90,new_ppca,subroutine,private,43
simple_ppca,../scripts/../src/main/pca/simple_ppca.f90,ppca,type,public,10
simple_ppca,../scripts/../src/main/pca/simple_ppca.f90,reconstruct_external_ppca,subroutine,private,162
simple_ppca,../scripts/../src/main/pca/simple_ppca.f90,set_verbose_ppca,subroutine,private,147
simple_ppca,../scripts/../src/main/pca/simple_ppca.f90,slim_ppca,subroutine,private,153
simple_preprocess_strategy,../scripts/../src/main/strategies/parallelization/simple_preprocess_strategy.f90,cleanup_interface,subroutine,private,80
simple_preprocess_strategy,../scripts/../src/main/strategies/parallelization/simple_preprocess_strategy.f90,create_preprocess_strategy,function,public,100
simple_preprocess_strategy,../scripts/../src/main/strategies/parallelization/simple_preprocess_strategy.f90,distr_cleanup,subroutine,private,396
simple_preprocess_strategy,../scripts/../src/main/strategies/parallelization/simple_preprocess_strategy.f90,distr_end_message,function,private,405
simple_preprocess_strategy,../scripts/../src/main/strategies/parallelization/simple_preprocess_strategy.f90,distr_execute,subroutine,private,376
simple_preprocess_strategy,../scripts/../src/main/strategies/parallelization/simple_preprocess_strategy.f90,distr_finalize_run,subroutine,private,389
simple_preprocess_strategy,../scripts/../src/main/strategies/parallelization/simple_preprocess_strategy.f90,distr_initialize,subroutine,private,345
simple_preprocess_strategy,../scripts/../src/main/strategies/parallelization/simple_preprocess_strategy.f90,endmsg_interface,function,private,87
simple_preprocess_strategy,../scripts/../src/main/strategies/parallelization/simple_preprocess_strategy.f90,exec_interface,subroutine,private,66
simple_preprocess_strategy,../scripts/../src/main/strategies/parallelization/simple_preprocess_strategy.f90,finalize_interface,subroutine,private,73
simple_preprocess_strategy,../scripts/../src/main/strategies/parallelization/simple_preprocess_strategy.f90,init_interface,subroutine,private,59
simple_preprocess_strategy,../scripts/../src/main/strategies/parallelization/simple_preprocess_strategy.f90,inmem_cleanup,subroutine,private,328
simple_preprocess_strategy,../scripts/../src/main/strategies/parallelization/simple_preprocess_strategy.f90,inmem_end_message,function,private,335
simple_preprocess_strategy,../scripts/../src/main/strategies/parallelization/simple_preprocess_strategy.f90,inmem_execute,subroutine,private,162
simple_preprocess_strategy,../scripts/../src/main/strategies/parallelization/simple_preprocess_strategy.f90,inmem_finalize_run,subroutine,private,321
simple_preprocess_strategy,../scripts/../src/main/strategies/parallelization/simple_preprocess_strategy.f90,inmem_initialize,subroutine,private,151
simple_preprocess_strategy,../scripts/../src/main/strategies/parallelization/simple_preprocess_strategy.f90,preprocess_distr_strategy,type,public,46
simple_preprocess_strategy,../scripts/../src/main/strategies/parallelization/simple_preprocess_strategy.f90,preprocess_inmem_strategy,type,public,36
simple_preprocess_strategy,../scripts/../src/main/strategies/parallelization/simple_preprocess_strategy.f90,preprocess_strategy,type,public,26
simple_preprocess_strategy,../scripts/../src/main/strategies/parallelization/simple_preprocess_strategy.f90,set_preprocess_defaults,subroutine,private,120
simple_private_prgs,../scripts/../src/utils/simple_private_prgs.f90,get_n_private_keys_optional,function,private,99
simple_private_prgs,../scripts/../src/utils/simple_private_prgs.f90,get_n_private_keys_required,function,public,64
simple_private_prgs,../scripts/../src/utils/simple_private_prgs.f90,get_private_keys_optional,function,private,114
simple_private_prgs,../scripts/../src/utils/simple_private_prgs.f90,get_private_keys_required,function,public,79
simple_private_prgs,../scripts/../src/utils/simple_private_prgs.f90,init_cmd_dict,subroutine,private,219
simple_private_prgs,../scripts/../src/utils/simple_private_prgs.f90,make_private_ui,subroutine,public,59
simple_private_prgs,../scripts/../src/utils/simple_private_prgs.f90,new_private_prgs,subroutine,private,516
simple_private_prgs,../scripts/../src/utils/simple_private_prgs.f90,print_cmdline_oldschool,subroutine,public,176
simple_private_prgs,../scripts/../src/utils/simple_private_prgs.f90,print_private_cmdline,subroutine,public,136
simple_private_prgs,../scripts/../src/utils/simple_private_prgs.f90,push_opt_key,subroutine,private,50
simple_private_prgs,../scripts/../src/utils/simple_private_prgs.f90,push_req_key,subroutine,private,43
simple_private_prgs,../scripts/../src/utils/simple_private_prgs.f90,set_name,subroutine,private,37
simple_procimgstk,../scripts/../src/utils/simple_procimgstk.f90,add_noise_imgfile,subroutine,public,349
simple_procimgstk,../scripts/../src/utils/simple_procimgstk.f90,apply_ctf_imgfile,subroutine,public,597
simple_procimgstk,../scripts/../src/utils/simple_procimgstk.f90,bp_imgfile,subroutine,public,398
simple_procimgstk,../scripts/../src/utils/simple_procimgstk.f90,bs_smoother_imgfile,subroutine,public,476
simple_procimgstk,../scripts/../src/utils/simple_procimgstk.f90,clip_imgfile,subroutine,public,139
simple_procimgstk,../scripts/../src/utils/simple_procimgstk.f90,copy_imgfile,subroutine,public,25
simple_procimgstk,../scripts/../src/utils/simple_procimgstk.f90,diffmap_denoise_imgfile,subroutine,public,561
simple_procimgstk,../scripts/../src/utils/simple_procimgstk.f90,icm_imgfile,subroutine,public,503
simple_procimgstk,../scripts/../src/utils/simple_procimgstk.f90,loc_sdev_imgfile,subroutine,public,689
simple_procimgstk,../scripts/../src/utils/simple_procimgstk.f90,mask_imgfile,subroutine,public,636
simple_procimgstk,../scripts/../src/utils/simple_procimgstk.f90,mirror_imgfile,subroutine,public,195
simple_procimgstk,../scripts/../src/utils/simple_procimgstk.f90,neg_imgfile,subroutine,public,325
simple_procimgstk,../scripts/../src/utils/simple_procimgstk.f90,nlmean_imgfile,subroutine,public,536
simple_procimgstk,../scripts/../src/utils/simple_procimgstk.f90,noise_imgfile,subroutine,public,374
simple_procimgstk,../scripts/../src/utils/simple_procimgstk.f90,noise_norm_imgfile,subroutine,public,299
simple_procimgstk,../scripts/../src/utils/simple_procimgstk.f90,norm_imgfile,subroutine,public,275
simple_procimgstk,../scripts/../src/utils/simple_procimgstk.f90,pad_imgfile,subroutine,public,51
simple_procimgstk,../scripts/../src/utils/simple_procimgstk.f90,phase_rand_imgfile,subroutine,public,452
simple_procimgstk,../scripts/../src/utils/simple_procimgstk.f90,quantize_imgfile,subroutine,public,716
simple_procimgstk,../scripts/../src/utils/simple_procimgstk.f90,raise_exception_imgfile,subroutine,public,12
simple_procimgstk,../scripts/../src/utils/simple_procimgstk.f90,random_cls_from_imgfile,subroutine,public,918
simple_procimgstk,../scripts/../src/utils/simple_procimgstk.f90,random_selection_from_imgfile,subroutine,public,779
simple_procimgstk,../scripts/../src/utils/simple_procimgstk.f90,real_filter_imgfile,subroutine,public,426
simple_procimgstk,../scripts/../src/utils/simple_procimgstk.f90,roavg_imgfile,subroutine,public,168
simple_procimgstk,../scripts/../src/utils/simple_procimgstk.f90,scale_and_clip_imgfile,subroutine,public,220
simple_procimgstk,../scripts/../src/utils/simple_procimgstk.f90,scale_imgfile,subroutine,public,87
simple_procimgstk,../scripts/../src/utils/simple_procimgstk.f90,selection_from_tseries_imgfile,subroutine,public,844
simple_procimgstk,../scripts/../src/utils/simple_procimgstk.f90,shift_imgfile,subroutine,public,742
simple_procimgstk,../scripts/../src/utils/simple_procimgstk.f90,taper_edges_imgfile,subroutine,public,663
simple_progress,../scripts/../src/utils/simple_progress.f90,lastfoundfile_update,subroutine,public,136
simple_progress,../scripts/../src/utils/simple_progress.f90,progress_estimate_2D,function,public,95
simple_progress,../scripts/../src/utils/simple_progress.f90,progress_estimate_preprocess_stream,function,public,89
simple_progress,../scripts/../src/utils/simple_progress.f90,progressfile_complete_parts,subroutine,public,76
simple_progress,../scripts/../src/utils/simple_progress.f90,progressfile_init,subroutine,public,8
simple_progress,../scripts/../src/utils/simple_progress.f90,progressfile_init_part,subroutine,public,27
simple_progress,../scripts/../src/utils/simple_progress.f90,progressfile_init_parts,subroutine,public,19
simple_progress,../scripts/../src/utils/simple_progress.f90,progressfile_update,subroutine,public,39
simple_progress,../scripts/../src/utils/simple_progress.f90,progressfile_update_part,subroutine,public,57
simple_project_merge_tester,../scripts/../src/main/project/simple_project_merge_tester.f90,cleanup_files,subroutine,private,396
simple_project_merge_tester,../scripts/../src/main/project/simple_project_merge_tester.f90,create_empty_file,subroutine,private,314
simple_project_merge_tester,../scripts/../src/main/project/simple_project_merge_tester.f90,fill_class_row,subroutine,private,385
simple_project_merge_tester,../scripts/../src/main/project/simple_project_merge_tester.f90,fill_particle_row,subroutine,private,367
simple_project_merge_tester,../scripts/../src/main/project/simple_project_merge_tester.f90,make_project,subroutine,private,322
simple_project_merge_tester,../scripts/../src/main/project/simple_project_merge_tester.f90,run_all_project_merge_tests,subroutine,public,15
simple_project_merge_tester,../scripts/../src/main/project/simple_project_merge_tester.f90,test_merge_pruned_stack_indexing_heterogeneous_ctf,subroutine,private,24
simple_project_merge_tester,../scripts/../src/main/project/simple_project_merge_tester.f90,test_remap_project_paths,subroutine,private,161
simple_project_merge_tester,../scripts/../src/main/project/simple_project_merge_tester.f90,test_remap_project_paths_allows_unmatched_scope,subroutine,private,203
simple_project_merge_tester,../scripts/../src/main/project/simple_project_merge_tester.f90,test_remap_project_paths_scoped_roots,subroutine,private,223
simple_project_merge_tester,../scripts/../src/main/project/simple_project_merge_tester.f90,test_validate_projfile_normalizes_legacy_stack_indices,subroutine,private,115
simple_projector,../scripts/../src/main/image/simple_projector.f90,expand_cmat,subroutine,private,48
simple_projector,../scripts/../src/main/image/simple_projector.f90,fproject,subroutine,private,127
simple_projector,../scripts/../src/main/image/simple_projector.f90,fproject_serial,subroutine,private,164
simple_projector,../scripts/../src/main/image/simple_projector.f90,get_kbwin,function,private,116
simple_projector,../scripts/../src/main/image/simple_projector.f90,interp_fcomp,function,private,222
simple_projector,../scripts/../src/main/image/simple_projector.f90,interp_fcomp_oversamp,function,private,199
simple_projector,../scripts/../src/main/image/simple_projector.f90,kill_expanded,subroutine,private,239
simple_projector,../scripts/../src/main/image/simple_projector.f90,projector,type,public,11
simple_projector,../scripts/../src/main/image/simple_projector.f90,reset_expanded,subroutine,private,102
simple_projector_pft,../scripts/../src/main/image/simple_projector_pft.f90,fproject_polar,subroutine,public,14
simple_projector_pft,../scripts/../src/main/image/simple_projector_pft.f90,fproject_polar_oversamp,subroutine,public,33
simple_projector_pft_batch,../scripts/../src/main/image/simple_projector_pft_batch.f90,fproject_polar_batch,subroutine,public,15
simple_projector_pft_batch,../scripts/../src/main/image/simple_projector_pft_batch.f90,fproject_polar_batch_mirr,subroutine,public,58
simple_projector_pft_batch,../scripts/../src/main/image/simple_projector_pft_batch.f90,fproject_polar_batch_opt,subroutine,public,124
simple_projector_pft_batch,../scripts/../src/main/image/simple_projector_pft_batch.f90,fproject_polar_batch_opt_kernel,subroutine,private,181
simple_projfile_utils,../scripts/../src/fileio/simple_projfile_utils.f90,absolutize_project_stack_paths,subroutine,public,886
simple_projfile_utils,../scripts/../src/fileio/simple_projfile_utils.f90,copy_particle_row,subroutine,public,770
simple_projfile_utils,../scripts/../src/fileio/simple_projfile_utils.f90,err,subroutine,public,979
simple_projfile_utils,../scripts/../src/fileio/simple_projfile_utils.f90,make_prefix_offsets,subroutine,public,499
simple_projfile_utils,../scripts/../src/fileio/simple_projfile_utils.f90,merge_chunk_projfiles,subroutine,public,14
simple_projfile_utils,../scripts/../src/fileio/simple_projfile_utils.f90,merge_selected_project_files,subroutine,public,260
simple_projfile_utils,../scripts/../src/fileio/simple_projfile_utils.f90,normalize_root,function,public,1398
simple_projfile_utils,../scripts/../src/fileio/simple_projfile_utils.f90,normalize_separators,function,public,1411
simple_projfile_utils,../scripts/../src/fileio/simple_projfile_utils.f90,process_cavg_fields,subroutine,public,1304
simple_projfile_utils,../scripts/../src/fileio/simple_projfile_utils.f90,process_field,subroutine,public,1323
simple_projfile_utils,../scripts/../src/fileio/simple_projfile_utils.f90,process_mic_fields,subroutine,public,1288
simple_projfile_utils,../scripts/../src/fileio/simple_projfile_utils.f90,process_ptcl_fields,subroutine,public,1296
simple_projfile_utils,../scripts/../src/fileio/simple_projfile_utils.f90,process_scope,subroutine,public,1268
simple_projfile_utils,../scripts/../src/fileio/simple_projfile_utils.f90,process_vol_fields,subroutine,public,1314
simple_projfile_utils,../scripts/../src/fileio/simple_projfile_utils.f90,remap_one_path,subroutine,public,1367
simple_projfile_utils,../scripts/../src/fileio/simple_projfile_utils.f90,remap_project_paths,subroutine,public,1211
simple_projfile_utils,../scripts/../src/fileio/simple_projfile_utils.f90,remap_row_ogid,subroutine,public,874
simple_projfile_utils,../scripts/../src/fileio/simple_projfile_utils.f90,repair,subroutine,public,985
simple_projfile_utils,../scripts/../src/fileio/simple_projfile_utils.f90,repair_particle_segment,subroutine,public,1131
simple_projfile_utils,../scripts/../src/fileio/simple_projfile_utils.f90,repair_stack_counts_without_particles,subroutine,public,991
simple_projfile_utils,../scripts/../src/fileio/simple_projfile_utils.f90,repair_stack_nptcls_stk,subroutine,public,1111
simple_projfile_utils,../scripts/../src/fileio/simple_projfile_utils.f90,repair_stack_ranges,subroutine,public,1004
simple_projfile_utils,../scripts/../src/fileio/simple_projfile_utils.f90,require_row_field,subroutine,public,823
simple_projfile_utils,../scripts/../src/fileio/simple_projfile_utils.f90,set_stack_int_if_changed,subroutine,public,1193
simple_projfile_utils,../scripts/../src/fileio/simple_projfile_utils.f90,validate_and_repair_project_file,subroutine,public,912
simple_projfile_utils,../scripts/../src/fileio/simple_projfile_utils.f90,validate_field_presence,subroutine,public,509
simple_projfile_utils,../scripts/../src/fileio/simple_projfile_utils.f90,validate_mic_sampling,subroutine,public,754
simple_projfile_utils,../scripts/../src/fileio/simple_projfile_utils.f90,validate_particle_field,subroutine,public,578
simple_projfile_utils,../scripts/../src/fileio/simple_projfile_utils.f90,validate_source_project,subroutine,public,523
simple_projfile_utils,../scripts/../src/fileio/simple_projfile_utils.f90,validate_stack_dimensions,subroutine,public,728
simple_projfile_utils,../scripts/../src/fileio/simple_projfile_utils.f90,validate_stack_particle_ranges,subroutine,public,642
simple_projfile_utils,../scripts/../src/fileio/simple_projfile_utils.f90,warn,subroutine,public,973
simple_pspec_thumb_iter,../scripts/../src/main/simple_pspec_thumb_iter.f90,iterate,subroutine,private,24
simple_pspec_thumb_iter,../scripts/../src/main/simple_pspec_thumb_iter.f90,pspec_thumb_iter,type,public,13
simple_pspecs,../scripts/../src/main/simple_pspecs.f90,calc_distmat_1,function,private,94
simple_pspecs,../scripts/../src/main/simple_pspecs.f90,calc_distmat_2,function,private,109
simple_pspecs,../scripts/../src/main/simple_pspecs.f90,get_nspecs,function,private,86
simple_pspecs,../scripts/../src/main/simple_pspecs.f90,kill,subroutine,private,125
simple_pspecs,../scripts/../src/main/simple_pspecs.f90,new,subroutine,private,40
simple_ptcl_cache,../scripts/../src/main/strategies/search/simple_ptcl_cache.f90,cache_dir,function,private,106
simple_ptcl_cache,../scripts/../src/main/strategies/search/simple_ptcl_cache.f90,cache_fname,function,private,154
simple_ptcl_cache,../scripts/../src/main/strategies/search/simple_ptcl_cache.f90,cache_idxname,function,private,196
simple_ptcl_cache,../scripts/../src/main/strategies/search/simple_ptcl_cache.f90,cache_key_geom,function,private,301
simple_ptcl_cache,../scripts/../src/main/strategies/search/simple_ptcl_cache.f90,cache_key_stkfp,function,private,340
simple_ptcl_cache,../scripts/../src/main/strategies/search/simple_ptcl_cache.f90,cache_keyname,function,private,190
simple_ptcl_cache,../scripts/../src/main/strategies/search/simple_ptcl_cache.f90,cache_run_token,function,private,132
simple_ptcl_cache,../scripts/../src/main/strategies/search/simple_ptcl_cache.f90,cache_stkname,function,private,184
simple_ptcl_cache,../scripts/../src/main/strategies/search/simple_ptcl_cache.f90,delete_owned_files,subroutine,private,549
simple_ptcl_cache,../scripts/../src/main/strategies/search/simple_ptcl_cache.f90,disable_cache,subroutine,private,579
simple_ptcl_cache,../scripts/../src/main/strategies/search/simple_ptcl_cache.f90,fold_int,subroutine,private,289
simple_ptcl_cache,../scripts/../src/main/strategies/search/simple_ptcl_cache.f90,fold_str,subroutine,private,274
simple_ptcl_cache,../scripts/../src/main/strategies/search/simple_ptcl_cache.f90,ptcl_cache_assert_ready,subroutine,public,494
simple_ptcl_cache,../scripts/../src/main/strategies/search/simple_ptcl_cache.f90,ptcl_cache_cleanup,subroutine,public,568
simple_ptcl_cache,../scripts/../src/main/strategies/search/simple_ptcl_cache.f90,ptcl_cache_ensure,subroutine,public,597
simple_ptcl_cache,../scripts/../src/main/strategies/search/simple_ptcl_cache.f90,ptcl_cache_own,subroutine,private,527
simple_ptcl_cache,../scripts/../src/main/strategies/search/simple_ptcl_cache.f90,ptcl_cache_read_batch,subroutine,public,817
simple_ptcl_cache,../scripts/../src/main/strategies/search/simple_ptcl_cache.f90,ptcl_cache_reset,subroutine,public,512
simple_ptcl_cache,../scripts/../src/main/strategies/search/simple_ptcl_cache.f90,write_cache_index,subroutine,private,205
simple_ptcl_cache,../scripts/../src/main/strategies/search/simple_ptcl_cache.f90,write_cache_key,subroutine,private,425
simple_ptcl_sieve,../scripts/../src/main/sieve/simple_ptcl_sieve.f90,append_chunk_coarse,subroutine,private,620
simple_ptcl_sieve,../scripts/../src/main/sieve/simple_ptcl_sieve.f90,append_chunk_fine,subroutine,private,635
simple_ptcl_sieve,../scripts/../src/main/sieve/simple_ptcl_sieve.f90,chunk2D_coarse_defaults,type,private,121
simple_ptcl_sieve,../scripts/../src/main/sieve/simple_ptcl_sieve.f90,chunk2D_fine_defaults,type,private,130
simple_ptcl_sieve,../scripts/../src/main/sieve/simple_ptcl_sieve.f90,chunk2D_state,type,private,106
simple_ptcl_sieve,../scripts/../src/main/sieve/simple_ptcl_sieve.f90,cleanup_chunk,subroutine,private,1462
simple_ptcl_sieve,../scripts/../src/main/sieve/simple_ptcl_sieve.f90,collect_and_reject,subroutine,private,1168
simple_ptcl_sieve,../scripts/../src/main/sieve/simple_ptcl_sieve.f90,combine_completed_chunks,subroutine,private,1040
simple_ptcl_sieve,../scripts/../src/main/sieve/simple_ptcl_sieve.f90,cycle,subroutine,private,424
simple_ptcl_sieve,../scripts/../src/main/sieve/simple_ptcl_sieve.f90,draw_reason_key_swatches,subroutine,private,1960
simple_ptcl_sieve,../scripts/../src/main/sieve/simple_ptcl_sieve.f90,generate_chunk_coarse_cline,subroutine,private,981
simple_ptcl_sieve,../scripts/../src/main/sieve/simple_ptcl_sieve.f90,generate_chunk_fine_cline,subroutine,private,1007
simple_ptcl_sieve,../scripts/../src/main/sieve/simple_ptcl_sieve.f90,generate_chunks_coarse,subroutine,private,661
simple_ptcl_sieve,../scripts/../src/main/sieve/simple_ptcl_sieve.f90,generate_chunks_fine,subroutine,private,840
simple_ptcl_sieve,../scripts/../src/main/sieve/simple_ptcl_sieve.f90,import_existing_chunks_coarse,subroutine,private,335
simple_ptcl_sieve,../scripts/../src/main/sieve/simple_ptcl_sieve.f90,import_existing_chunks_fine,subroutine,private,378
simple_ptcl_sieve,../scripts/../src/main/sieve/simple_ptcl_sieve.f90,kill,subroutine,private,280
simple_ptcl_sieve,../scripts/../src/main/sieve/simple_ptcl_sieve.f90,merge_and_clear,subroutine,private,1991
simple_ptcl_sieve,../scripts/../src/main/sieve/simple_ptcl_sieve.f90,new,subroutine,private,223
simple_ptcl_sieve,../scripts/../src/main/sieve/simple_ptcl_sieve.f90,paint_mask_outline,subroutine,private,1877
simple_ptcl_sieve,../scripts/../src/main/sieve/simple_ptcl_sieve.f90,paint_reason_border,subroutine,private,1852
simple_ptcl_sieve,../scripts/../src/main/sieve/simple_ptcl_sieve.f90,ptcl_sieve,type,public,139
simple_ptcl_sieve,../scripts/../src/main/sieve/simple_ptcl_sieve.f90,reject_cavgs,subroutine,private,1301
simple_ptcl_sieve,../scripts/../src/main/sieve/simple_ptcl_sieve.f90,remove_duplicates,function,private,2015
simple_ptcl_sieve,../scripts/../src/main/sieve/simple_ptcl_sieve.f90,set_final_ingestion,subroutine,private,315
simple_ptcl_sieve,../scripts/../src/main/sieve/simple_ptcl_sieve.f90,submit,subroutine,private,1120
simple_ptcl_sieve,../scripts/../src/main/sieve/simple_ptcl_sieve.f90,timer_stop,subroutine,private,2046
simple_ptcl_sieve,../scripts/../src/main/sieve/simple_ptcl_sieve.f90,unset_final_ingestion,subroutine,private,321
simple_ptcl_sieve,../scripts/../src/main/sieve/simple_ptcl_sieve.f90,write_rejection_reason_overlay_jpg,subroutine,private,1699
simple_ptcl_sieve_tester,../scripts/../src/main/sieve/simple_ptcl_sieve_tester.f90,init_test_params,subroutine,private,221
simple_ptcl_sieve_tester,../scripts/../src/main/sieve/simple_ptcl_sieve_tester.f90,make_chunk_project,subroutine,private,271
simple_ptcl_sieve_tester,../scripts/../src/main/sieve/simple_ptcl_sieve_tester.f90,run_all_ptcl_sieve_tests,subroutine,public,18
simple_ptcl_sieve_tester,../scripts/../src/main/sieve/simple_ptcl_sieve_tester.f90,setup_workspace,subroutine,private,252
simple_ptcl_sieve_tester,../scripts/../src/main/sieve/simple_ptcl_sieve_tester.f90,teardown_workspace,subroutine,private,264
simple_ptcl_sieve_tester,../scripts/../src/main/sieve/simple_ptcl_sieve_tester.f90,test_cycle_empty_project_list,subroutine,private,201
simple_ptcl_sieve_tester,../scripts/../src/main/sieve/simple_ptcl_sieve_tester.f90,test_finished_semantics,subroutine,private,102
simple_ptcl_sieve_tester,../scripts/../src/main/sieve/simple_ptcl_sieve_tester.f90,test_import_existing_chunks_and_counts,subroutine,private,59
simple_ptcl_sieve_tester,../scripts/../src/main/sieve/simple_ptcl_sieve_tester.f90,test_new_accepts_tuning_overrides,subroutine,private,181
simple_ptcl_sieve_tester,../scripts/../src/main/sieve/simple_ptcl_sieve_tester.f90,test_new_kill_and_empty_queries,subroutine,private,28
simple_ptcl_sieve_tester,../scripts/../src/main/sieve/simple_ptcl_sieve_tester.f90,test_single_pass_ignores_incomplete_fine,subroutine,private,146
simple_ptcl_sieve_utils,../scripts/../src/main/sieve/simple_ptcl_sieve_utils.f90,generate_sieve_projects,subroutine,public,25
simple_qsys_base,../scripts/../src/utils/qsys/simple_qsys_base.f90,generic_kill,subroutine,private,53
simple_qsys_base,../scripts/../src/utils/qsys/simple_qsys_base.f90,generic_new,subroutine,private,20
simple_qsys_base,../scripts/../src/utils/qsys/simple_qsys_base.f90,generic_submit_cmd,function,private,26
simple_qsys_base,../scripts/../src/utils/qsys/simple_qsys_base.f90,generic_write_array_instr,subroutine,private,43
simple_qsys_base,../scripts/../src/utils/qsys/simple_qsys_base.f90,generic_write_instr,subroutine,private,34
simple_qsys_base,../scripts/../src/utils/qsys/simple_qsys_base.f90,qsys_base,type,public,8
simple_qsys_coarray,../scripts/../src/utils/qsys/simple_qsys_coarray.f90,get_coarray_submit_cmd,function,private,43
simple_qsys_coarray,../scripts/../src/utils/qsys/simple_qsys_coarray.f90,kill_coarray_env,subroutine,private,68
simple_qsys_coarray,../scripts/../src/utils/qsys/simple_qsys_coarray.f90,new_coarray_env,subroutine,private,28
simple_qsys_coarray,../scripts/../src/utils/qsys/simple_qsys_coarray.f90,qsys_coarray,type,public,13
simple_qsys_coarray,../scripts/../src/utils/qsys/simple_qsys_coarray.f90,write_coarray_array_header,subroutine,private,59
simple_qsys_coarray,../scripts/../src/utils/qsys/simple_qsys_coarray.f90,write_coarray_header,subroutine,private,51
simple_qsys_ctrl,../scripts/../src/utils/qsys/simple_qsys_ctrl.f90,worker_warmup_callback,subroutine,private,22
simple_qsys_env,../scripts/../src/utils/qsys/simple_qsys_env.f90,diagnose_parallelism,subroutine,private,332
simple_qsys_env,../scripts/../src/utils/qsys/simple_qsys_env.f90,exec_simple_prg_in_queue,subroutine,private,464
simple_qsys_env,../scripts/../src/utils/qsys/simple_qsys_env.f90,exec_simple_prg_in_queue_async,subroutine,private,484
simple_qsys_env,../scripts/../src/utils/qsys/simple_qsys_env.f90,exec_simple_prgs_in_queue_async,subroutine,private,521
simple_qsys_env,../scripts/../src/utils/qsys/simple_qsys_env.f90,exists,function,private,388
simple_qsys_env,../scripts/../src/utils/qsys/simple_qsys_env.f90,gen_script,subroutine,private,395
simple_qsys_env,../scripts/../src/utils/qsys/simple_qsys_env.f90,gen_scripts_and_schedule_jobs,subroutine,private,404
simple_qsys_env,../scripts/../src/utils/qsys/simple_qsys_env.f90,gen_subproject_scripts_and_schedule,subroutine,private,448
simple_qsys_env,../scripts/../src/utils/qsys/simple_qsys_env.f90,get_exec_bin,function,private,632
simple_qsys_env,../scripts/../src/utils/qsys/simple_qsys_env.f90,get_persistent_worker_server_address,function,private,607
simple_qsys_env,../scripts/../src/utils/qsys/simple_qsys_env.f90,get_qsys,function,private,639
simple_qsys_env,../scripts/../src/utils/qsys/simple_qsys_env.f90,init_qdescr_from_runtime,subroutine,private,66
simple_qsys_env,../scripts/../src/utils/qsys/simple_qsys_env.f90,kill,subroutine,private,667
simple_qsys_env,../scripts/../src/utils/qsys/simple_qsys_env.f90,new,subroutine,private,112
simple_qsys_env,../scripts/../src/utils/qsys/simple_qsys_env.f90,persistent_worker_warmup_callback,subroutine,private,307
simple_qsys_env,../scripts/../src/utils/qsys/simple_qsys_env.f90,qsys_env,type,public,25
simple_qsys_env,../scripts/../src/utils/qsys/simple_qsys_env.f90,schedule_subproject_jobs,subroutine,private,458
simple_qsys_env,../scripts/../src/utils/qsys/simple_qsys_env.f90,service_persistent_worker_warmup,subroutine,private,318
simple_qsys_env,../scripts/../src/utils/qsys/simple_qsys_env.f90,standard_exec_path,subroutine,private,286
simple_qsys_env,../scripts/../src/utils/qsys/simple_qsys_env.f90,start_persistent_workers,subroutine,private,559
simple_qsys_env,../scripts/../src/utils/qsys/simple_qsys_env.f90,validate_requested_qsys,subroutine,private,295
simple_qsys_factory,../scripts/../src/utils/qsys/simple_qsys_factory.f90,kill,subroutine,private,58
simple_qsys_factory,../scripts/../src/utils/qsys/simple_qsys_factory.f90,new,subroutine,private,29
simple_qsys_factory,../scripts/../src/utils/qsys/simple_qsys_factory.f90,qsys_factory,type,public,18
simple_qsys_local,../scripts/../src/utils/qsys/simple_qsys_local.f90,get_local_submit_cmd,function,private,35
simple_qsys_local,../scripts/../src/utils/qsys/simple_qsys_local.f90,kill_local_env,subroutine,private,57
simple_qsys_local,../scripts/../src/utils/qsys/simple_qsys_local.f90,new_local_env,subroutine,private,26
simple_qsys_local,../scripts/../src/utils/qsys/simple_qsys_local.f90,qsys_local,type,public,12
simple_qsys_local,../scripts/../src/utils/qsys/simple_qsys_local.f90,write_local_array_header,subroutine,private,49
simple_qsys_local,../scripts/../src/utils/qsys/simple_qsys_local.f90,write_local_header,subroutine,private,42
simple_qsys_lsf,../scripts/../src/utils/qsys/simple_qsys_lsf.f90,get_lsf_submit_cmd,function,private,44
simple_qsys_lsf,../scripts/../src/utils/qsys/simple_qsys_lsf.f90,kill_lsf_env,subroutine,private,112
simple_qsys_lsf,../scripts/../src/utils/qsys/simple_qsys_lsf.f90,new_lsf_env,subroutine,private,27
simple_qsys_lsf,../scripts/../src/utils/qsys/simple_qsys_lsf.f90,qsys_lsf,type,public,13
simple_qsys_lsf,../scripts/../src/utils/qsys/simple_qsys_lsf.f90,write_lsf_array_header,subroutine,private,104
simple_qsys_lsf,../scripts/../src/utils/qsys/simple_qsys_lsf.f90,write_lsf_header,subroutine,private,51
simple_qsys_pbs,../scripts/../src/utils/qsys/simple_qsys_pbs.f90,get_pbs_submit_cmd,function,private,49
simple_qsys_pbs,../scripts/../src/utils/qsys/simple_qsys_pbs.f90,kill_pbs_env,subroutine,private,132
simple_qsys_pbs,../scripts/../src/utils/qsys/simple_qsys_pbs.f90,new_pbs_env,subroutine,private,26
simple_qsys_pbs,../scripts/../src/utils/qsys/simple_qsys_pbs.f90,qsys_pbs,type,public,12
simple_qsys_pbs,../scripts/../src/utils/qsys/simple_qsys_pbs.f90,write_formatted,subroutine,private,103
simple_qsys_pbs,../scripts/../src/utils/qsys/simple_qsys_pbs.f90,write_pbs_array_header,subroutine,private,124
simple_qsys_pbs,../scripts/../src/utils/qsys/simple_qsys_pbs.f90,write_pbs_header,subroutine,private,56
simple_qsys_persistent_worker,../scripts/../src/utils/qsys/simple_qsys_persistent_worker.f90,get_worker_submit_cmd,function,private,72
simple_qsys_persistent_worker,../scripts/../src/utils/qsys/simple_qsys_persistent_worker.f90,kill_worker_env,subroutine,private,155
simple_qsys_persistent_worker,../scripts/../src/utils/qsys/simple_qsys_persistent_worker.f90,new_worker_env,subroutine,private,63
simple_qsys_persistent_worker,../scripts/../src/utils/qsys/simple_qsys_persistent_worker.f90,qsys_persistent_worker,type,public,44
simple_qsys_persistent_worker,../scripts/../src/utils/qsys/simple_qsys_persistent_worker.f90,write_worker_array_header,subroutine,private,119
simple_qsys_persistent_worker,../scripts/../src/utils/qsys/simple_qsys_persistent_worker.f90,write_worker_header,subroutine,private,84
simple_qsys_sge,../scripts/../src/utils/qsys/simple_qsys_sge.f90,get_sge_submit_cmd,function,private,44
simple_qsys_sge,../scripts/../src/utils/qsys/simple_qsys_sge.f90,kill_sge_env,subroutine,private,121
simple_qsys_sge,../scripts/../src/utils/qsys/simple_qsys_sge.f90,new_sge_env,subroutine,private,26
simple_qsys_sge,../scripts/../src/utils/qsys/simple_qsys_sge.f90,qsys_sge,type,public,12
simple_qsys_sge,../scripts/../src/utils/qsys/simple_qsys_sge.f90,write_sge_array_header,subroutine,private,113
simple_qsys_sge,../scripts/../src/utils/qsys/simple_qsys_sge.f90,write_sge_header,subroutine,private,51
simple_qsys_slurm,../scripts/../src/utils/qsys/simple_qsys_slurm.f90,get_slurm_submit_cmd,function,private,51
simple_qsys_slurm,../scripts/../src/utils/qsys/simple_qsys_slurm.f90,kill_slurm_env,subroutine,private,151
simple_qsys_slurm,../scripts/../src/utils/qsys/simple_qsys_slurm.f90,new_slurm_env,subroutine,private,27
simple_qsys_slurm,../scripts/../src/utils/qsys/simple_qsys_slurm.f90,qsys_slurm,type,public,13
simple_qsys_slurm,../scripts/../src/utils/qsys/simple_qsys_slurm.f90,write_slurm_array_header,subroutine,private,96
simple_qsys_slurm,../scripts/../src/utils/qsys/simple_qsys_slurm.f90,write_slurm_header,subroutine,private,58
simple_r8lib,../scripts/../src/utils/math/simple_r8lib.f90,r8mat_cholesky_factor,subroutine,public,16
simple_r8lib,../scripts/../src/utils/math/simple_r8lib.f90,r8mat_cholesky_solve,subroutine,public,53
simple_r8lib,../scripts/../src/utils/math/simple_r8lib.f90,r8mat_l_solve,subroutine,private,67
simple_r8lib,../scripts/../src/utils/math/simple_r8lib.f90,r8mat_lt_solve,subroutine,private,84
simple_ran_tabu,../scripts/../src/utils/math/simple_ran_tabu.f90,ran_tabu,type,public,12
simple_rec3D_pcg_strategy,../scripts/../src/main/strategies/parallelization/simple_rec3D_pcg_strategy.f90,accumulate_raw,subroutine,private,1173
simple_rec3D_pcg_strategy,../scripts/../src/main/strategies/parallelization/simple_rec3D_pcg_strategy.f90,accumulate_worker_state_half,subroutine,private,1393
simple_rec3D_pcg_strategy,../scripts/../src/main/strategies/parallelization/simple_rec3D_pcg_strategy.f90,add_weighted,subroutine,private,1254
simple_rec3D_pcg_strategy,../scripts/../src/main/strategies/parallelization/simple_rec3D_pcg_strategy.f90,blend_bootstrap_half,subroutine,private,1832
simple_rec3D_pcg_strategy,../scripts/../src/main/strategies/parallelization/simple_rec3D_pcg_strategy.f90,build_blend,subroutine,private,1264
simple_rec3D_pcg_strategy,../scripts/../src/main/strategies/parallelization/simple_rec3D_pcg_strategy.f90,build_nu_replay_evidence,subroutine,private,213
simple_rec3D_pcg_strategy,../scripts/../src/main/strategies/parallelization/simple_rec3D_pcg_strategy.f90,calculate_pcg_state_diagnostics,subroutine,private,174
simple_rec3D_pcg_strategy,../scripts/../src/main/strategies/parallelization/simple_rec3D_pcg_strategy.f90,collect_state,subroutine,private,989
simple_rec3D_pcg_strategy,../scripts/../src/main/strategies/parallelization/simple_rec3D_pcg_strategy.f90,collect_state_half,subroutine,private,585
simple_rec3D_pcg_strategy,../scripts/../src/main/strategies/parallelization/simple_rec3D_pcg_strategy.f90,collect_state_half,subroutine,private,1006
simple_rec3D_pcg_strategy,../scripts/../src/main/strategies/parallelization/simple_rec3D_pcg_strategy.f90,collect_worker_state_half,subroutine,private,1371
simple_rec3D_pcg_strategy,../scripts/../src/main/strategies/parallelization/simple_rec3D_pcg_strategy.f90,count_state_sampling,subroutine,private,1762
simple_rec3D_pcg_strategy,../scripts/../src/main/strategies/parallelization/simple_rec3D_pcg_strategy.f90,discard_stale_trail_chain_pair,subroutine,private,1790
simple_rec3D_pcg_strategy,../scripts/../src/main/strategies/parallelization/simple_rec3D_pcg_strategy.f90,execute_rec3D_pcg_distributed_master,subroutine,public,1479
simple_rec3D_pcg_strategy,../scripts/../src/main/strategies/parallelization/simple_rec3D_pcg_strategy.f90,execute_rec3D_pcg_shared,subroutine,public,365
simple_rec3D_pcg_strategy,../scripts/../src/main/strategies/parallelization/simple_rec3D_pcg_strategy.f90,execute_rec3D_pcg_worker,subroutine,public,1326
simple_rec3D_pcg_strategy,../scripts/../src/main/strategies/parallelization/simple_rec3D_pcg_strategy.f90,finalize_and_solve,subroutine,private,1274
simple_rec3D_pcg_strategy,../scripts/../src/main/strategies/parallelization/simple_rec3D_pcg_strategy.f90,frac_fname,function,private,1314
simple_rec3D_pcg_strategy,../scripts/../src/main/strategies/parallelization/simple_rec3D_pcg_strategy.f90,load_previous_state_halves,subroutine,private,1813
simple_rec3D_pcg_strategy,../scripts/../src/main/strategies/parallelization/simple_rec3D_pcg_strategy.f90,load_weighted,subroutine,private,1244
simple_rec3D_pcg_strategy,../scripts/../src/main/strategies/parallelization/simple_rec3D_pcg_strategy.f90,ml_shrinkage_filter,subroutine,private,126
simple_rec3D_pcg_strategy,../scripts/../src/main/strategies/parallelization/simple_rec3D_pcg_strategy.f90,new_reduction,subroutine,private,1237
simple_rec3D_pcg_strategy,../scripts/../src/main/strategies/parallelization/simple_rec3D_pcg_strategy.f90,override_ml_warm_start_from_previous,subroutine,private,59
simple_rec3D_pcg_strategy,../scripts/../src/main/strategies/parallelization/simple_rec3D_pcg_strategy.f90,pcg_chain_provenance,function,private,2249
simple_rec3D_pcg_strategy,../scripts/../src/main/strategies/parallelization/simple_rec3D_pcg_strategy.f90,pcg_raw_provenance,function,private,2232
simple_rec3D_pcg_strategy,../scripts/../src/main/strategies/parallelization/simple_rec3D_pcg_strategy.f90,reduce_solve_state_half,subroutine,private,1852
simple_rec3D_pcg_strategy,../scripts/../src/main/strategies/parallelization/simple_rec3D_pcg_strategy.f90,register_project_outputs,subroutine,private,889
simple_rec3D_pcg_strategy,../scripts/../src/main/strategies/parallelization/simple_rec3D_pcg_strategy.f90,regularize_state_half,subroutine,private,729
simple_rec3D_pcg_strategy,../scripts/../src/main/strategies/parallelization/simple_rec3D_pcg_strategy.f90,regularized_ml_initial_guess,subroutine,private,103
simple_rec3D_pcg_strategy,../scripts/../src/main/strategies/parallelization/simple_rec3D_pcg_strategy.f90,report_beyond_band_excess,subroutine,private,2117
simple_rec3D_pcg_strategy,../scripts/../src/main/strategies/parallelization/simple_rec3D_pcg_strategy.f90,report_nu_solve_stats,subroutine,private,310
simple_rec3D_pcg_strategy,../scripts/../src/main/strategies/parallelization/simple_rec3D_pcg_strategy.f90,report_solve_summary,subroutine,private,2167
simple_rec3D_pcg_strategy,../scripts/../src/main/strategies/parallelization/simple_rec3D_pcg_strategy.f90,require_raw,subroutine,private,1284
simple_rec3D_pcg_strategy,../scripts/../src/main/strategies/parallelization/simple_rec3D_pcg_strategy.f90,shipped_pair_res,subroutine,private,143
simple_rec3D_pcg_strategy,../scripts/../src/main/strategies/parallelization/simple_rec3D_pcg_strategy.f90,solve_state_half,subroutine,private,601
simple_rec3D_pcg_strategy,../scripts/../src/main/strategies/parallelization/simple_rec3D_pcg_strategy.f90,split_complementary,subroutine,private,1025
simple_rec3D_pcg_strategy,../scripts/../src/main/strategies/parallelization/simple_rec3D_pcg_strategy.f90,validate_half,subroutine,private,1046
simple_rec3D_pcg_strategy,../scripts/../src/main/strategies/parallelization/simple_rec3D_pcg_strategy.f90,validate_nu_replay_request,subroutine,private,291
simple_rec3D_pcg_strategy,../scripts/../src/main/strategies/parallelization/simple_rec3D_pcg_strategy.f90,validate_pcg_common,subroutine,private,2208
simple_rec3D_pcg_strategy,../scripts/../src/main/strategies/parallelization/simple_rec3D_pcg_strategy.f90,validate_rec3D_pcg_fractional_updates,subroutine,public,916
simple_rec3D_pcg_strategy,../scripts/../src/main/strategies/parallelization/simple_rec3D_pcg_strategy.f90,validate_solved_map,subroutine,private,2071
simple_rec3D_pcg_strategy,../scripts/../src/main/strategies/parallelization/simple_rec3D_pcg_strategy.f90,validate_supported_mode,subroutine,private,536
simple_rec3D_pcg_strategy,../scripts/../src/main/strategies/parallelization/simple_rec3D_pcg_strategy.f90,write_distributed_diagnostics,subroutine,private,2008
simple_rec3D_pcg_strategy,../scripts/../src/main/strategies/parallelization/simple_rec3D_pcg_strategy.f90,write_half_diagnostics,subroutine,private,817
simple_rec3D_pcg_strategy,../scripts/../src/main/strategies/parallelization/simple_rec3D_pcg_strategy.f90,write_nu_convergence_stats,subroutine,private,341
simple_rec3D_pcg_strategy,../scripts/../src/main/strategies/parallelization/simple_rec3D_pcg_strategy.f90,write_output_diagnostics,subroutine,private,2183
simple_rec3D_strategy,../scripts/../src/main/strategies/parallelization/simple_rec3D_strategy.f90,cleanup_interface,subroutine,private,92
simple_rec3D_strategy,../scripts/../src/main/strategies/parallelization/simple_rec3D_strategy.f90,create_rec3D_strategy,function,public,124
simple_rec3D_strategy,../scripts/../src/main/strategies/parallelization/simple_rec3D_strategy.f90,distr_cleanup,subroutine,private,382
simple_rec3D_strategy,../scripts/../src/main/strategies/parallelization/simple_rec3D_strategy.f90,distr_execute,subroutine,private,308
simple_rec3D_strategy,../scripts/../src/main/strategies/parallelization/simple_rec3D_strategy.f90,distr_finalize_run,subroutine,private,356
simple_rec3D_strategy,../scripts/../src/main/strategies/parallelization/simple_rec3D_strategy.f90,distr_initialize,subroutine,private,272
simple_rec3D_strategy,../scripts/../src/main/strategies/parallelization/simple_rec3D_strategy.f90,exec_interface,subroutine,private,76
simple_rec3D_strategy,../scripts/../src/main/strategies/parallelization/simple_rec3D_strategy.f90,finalize_interface,subroutine,private,84
simple_rec3D_strategy,../scripts/../src/main/strategies/parallelization/simple_rec3D_strategy.f90,init_interface,subroutine,private,68
simple_rec3D_strategy,../scripts/../src/main/strategies/parallelization/simple_rec3D_strategy.f90,inmem_cleanup,subroutine,private,256
simple_rec3D_strategy,../scripts/../src/main/strategies/parallelization/simple_rec3D_strategy.f90,inmem_execute,subroutine,private,182
simple_rec3D_strategy,../scripts/../src/main/strategies/parallelization/simple_rec3D_strategy.f90,inmem_finalize_run,subroutine,private,248
simple_rec3D_strategy,../scripts/../src/main/strategies/parallelization/simple_rec3D_strategy.f90,inmem_initialize,subroutine,private,168
simple_rec3D_strategy,../scripts/../src/main/strategies/parallelization/simple_rec3D_strategy.f90,maybe_postprocess_reconstruct3D,subroutine,private,410
simple_rec3D_strategy,../scripts/../src/main/strategies/parallelization/simple_rec3D_strategy.f90,pcg_inmem_execute,subroutine,private,240
simple_rec3D_strategy,../scripts/../src/main/strategies/parallelization/simple_rec3D_strategy.f90,rec3D_distr_strategy,type,public,56
simple_rec3D_strategy,../scripts/../src/main/strategies/parallelization/simple_rec3D_strategy.f90,rec3D_inmem_strategy,type,public,39
simple_rec3D_strategy,../scripts/../src/main/strategies/parallelization/simple_rec3D_strategy.f90,rec3D_pcg_inmem_strategy,type,public,50
simple_rec3D_strategy,../scripts/../src/main/strategies/parallelization/simple_rec3D_strategy.f90,rec3D_strategy,type,public,30
simple_rec3D_strategy,../scripts/../src/main/strategies/parallelization/simple_rec3D_strategy.f90,sync_resolved_rec_params,subroutine,private,396
simple_rec_list,../scripts/../src/utils/structs/simple_rec_list.f90,append,function,private,362
simple_rec_list,../scripts/../src/utils/structs/simple_rec_list.f90,assign,subroutine,private,393
simple_rec_list,../scripts/../src/utils/structs/simple_rec_list.f90,at_chunk_rec,subroutine,private,325
simple_rec_list,../scripts/../src/utils/structs/simple_rec_list.f90,at_process_rec,subroutine,private,310
simple_rec_list,../scripts/../src/utils/structs/simple_rec_list.f90,at_project_rec,subroutine,private,295
simple_rec_list,../scripts/../src/utils/structs/simple_rec_list.f90,at_rec,subroutine,private,280
simple_rec_list,../scripts/../src/utils/structs/simple_rec_list.f90,begin,function,private,342
simple_rec_list,../scripts/../src/utils/structs/simple_rec_list.f90,chunk_rec,type,public,53
simple_rec_list,../scripts/../src/utils/structs/simple_rec_list.f90,end,function,private,348
simple_rec_list,../scripts/../src/utils/structs/simple_rec_list.f90,end_iter,function,private,354
simple_rec_list,../scripts/../src/utils/structs/simple_rec_list.f90,get_busy_flags,function,private,505
simple_rec_list,../scripts/../src/utils/structs/simple_rec_list.f90,get_ids,function,private,406
simple_rec_list,../scripts/../src/utils/structs/simple_rec_list.f90,get_included_flags,function,private,453
simple_rec_list,../scripts/../src/utils/structs/simple_rec_list.f90,get_nptcls,function,private,425
simple_rec_list,../scripts/../src/utils/structs/simple_rec_list.f90,get_processed_flags,function,private,481
simple_rec_list,../scripts/../src/utils/structs/simple_rec_list.f90,get_projfiles,function,private,619
simple_rec_list,../scripts/../src/utils/structs/simple_rec_list.f90,get_projnames,function,private,646
simple_rec_list,../scripts/../src/utils/structs/simple_rec_list.f90,iter_advance,subroutine,private,150
simple_rec_list,../scripts/../src/utils/structs/simple_rec_list.f90,iter_get_chunk_rec,subroutine,private,205
simple_rec_list,../scripts/../src/utils/structs/simple_rec_list.f90,iter_get_process_rec,subroutine,private,191
simple_rec_list,../scripts/../src/utils/structs/simple_rec_list.f90,iter_get_project_rec,subroutine,private,177
simple_rec_list,../scripts/../src/utils/structs/simple_rec_list.f90,iter_get_rec,subroutine,private,163
simple_rec_list,../scripts/../src/utils/structs/simple_rec_list.f90,iter_next,subroutine,private,145
simple_rec_list,../scripts/../src/utils/structs/simple_rec_list.f90,iter_replace,subroutine,private,156
simple_rec_list,../scripts/../src/utils/structs/simple_rec_list.f90,kill,subroutine,private,399
simple_rec_list,../scripts/../src/utils/structs/simple_rec_list.f90,print_file,subroutine,private,133
simple_rec_list,../scripts/../src/utils/structs/simple_rec_list.f90,print_proc,subroutine,private,128
simple_rec_list,../scripts/../src/utils/structs/simple_rec_list.f90,print_proj,subroutine,private,123
simple_rec_list,../scripts/../src/utils/structs/simple_rec_list.f90,process_rec,type,public,39
simple_rec_list,../scripts/../src/utils/structs/simple_rec_list.f90,project_rec,type,public,28
simple_rec_list,../scripts/../src/utils/structs/simple_rec_list.f90,push2chunk_list,subroutine,private,232
simple_rec_list,../scripts/../src/utils/structs/simple_rec_list.f90,push2project_list,subroutine,private,246
simple_rec_list,../scripts/../src/utils/structs/simple_rec_list.f90,push_back,subroutine,private,226
simple_rec_list,../scripts/../src/utils/structs/simple_rec_list.f90,rec,type,public,14
simple_rec_list,../scripts/../src/utils/structs/simple_rec_list.f90,rec_iterator,type,public,65
simple_rec_list,../scripts/../src/utils/structs/simple_rec_list.f90,rec_list,type,public,79
simple_rec_list,../scripts/../src/utils/structs/simple_rec_list.f90,rec_print,subroutine,private,21
simple_rec_list,../scripts/../src/utils/structs/simple_rec_list.f90,replace_at,subroutine,private,261
simple_rec_list,../scripts/../src/utils/structs/simple_rec_list.f90,replace_iterator,subroutine,private,268
simple_rec_list,../scripts/../src/utils/structs/simple_rec_list.f90,replace_with,subroutine,private,385
simple_rec_list,../scripts/../src/utils/structs/simple_rec_list.f90,set_included_flags,subroutine,private,533
simple_rec_list,../scripts/../src/utils/structs/simple_rec_list.f90,slice,subroutine,private,378
simple_rec_list,../scripts/../src/utils/structs/simple_rec_list.f90,subset_to,subroutine,private,369
simple_rec_list_tester,../scripts/../src/utils/structs/simple_rec_list_tester.f90,run_all_rec_list_tests,subroutine,public,14
simple_rec_list_tester,../scripts/../src/utils/structs/simple_rec_list_tester.f90,test_append_operator,subroutine,private,184
simple_rec_list_tester,../scripts/../src/utils/structs/simple_rec_list_tester.f90,test_assign_semantics,subroutine,private,217
simple_rec_list_tester,../scripts/../src/utils/structs/simple_rec_list_tester.f90,test_default_and_size,subroutine,private,33
simple_rec_list_tester,../scripts/../src/utils/structs/simple_rec_list_tester.f90,test_flag_included,subroutine,private,151
simple_rec_list_tester,../scripts/../src/utils/structs/simple_rec_list_tester.f90,test_included_mask,subroutine,private,128
simple_rec_list_tester,../scripts/../src/utils/structs/simple_rec_list_tester.f90,test_iterator_replace,subroutine,private,108
simple_rec_list_tester,../scripts/../src/utils/structs/simple_rec_list_tester.f90,test_iterator_traversal,subroutine,private,65
simple_rec_list_tester,../scripts/../src/utils/structs/simple_rec_list_tester.f90,test_kill_behavior,subroutine,private,230
simple_rec_list_tester,../scripts/../src/utils/structs/simple_rec_list_tester.f90,test_particle_sums,subroutine,private,165
simple_rec_list_tester,../scripts/../src/utils/structs/simple_rec_list_tester.f90,test_push_back_and_at,subroutine,private,42
simple_rec_list_tester,../scripts/../src/utils/structs/simple_rec_list_tester.f90,test_replace_at,subroutine,private,87
simple_rec_list_tester,../scripts/../src/utils/structs/simple_rec_list_tester.f90,test_slice_subset,subroutine,private,199
simple_reconstructor,../scripts/../src/main/volume/simple_reconstructor.f90,add_conical_invtausq2rho,subroutine,private,1158
simple_reconstructor,../scripts/../src/main/volume/simple_reconstructor.f90,add_invtausq2rho,subroutine,private,1091
simple_reconstructor,../scripts/../src/main/volume/simple_reconstructor.f90,alloc_rho,subroutine,private,128
simple_reconstructor,../scripts/../src/main/volume/simple_reconstructor.f90,apply_weight,subroutine,private,196
simple_reconstructor,../scripts/../src/main/volume/simple_reconstructor.f90,apply_weight_sums,subroutine,private,209
simple_reconstructor,../scripts/../src/main/volume/simple_reconstructor.f90,compress_exp,subroutine,private,773
simple_reconstructor,../scripts/../src/main/volume/simple_reconstructor.f90,dealloc_exp,subroutine,private,1280
simple_reconstructor,../scripts/../src/main/volume/simple_reconstructor.f90,dealloc_rho,subroutine,private,1287
simple_reconstructor,../scripts/../src/main/volume/simple_reconstructor.f90,deapodize_self,subroutine,private,295
simple_reconstructor,../scripts/../src/main/volume/simple_reconstructor.f90,deapodize_volume,subroutine,private,301
simple_reconstructor,../scripts/../src/main/volume/simple_reconstructor.f90,expand_exp,subroutine,private,812
simple_reconstructor,../scripts/../src/main/volume/simple_reconstructor.f90,finalize_gridding_half_restore,subroutine,private,310
simple_reconstructor,../scripts/../src/main/volume/simple_reconstructor.f90,floor_rho_shellwise,subroutine,private,707
simple_reconstructor,../scripts/../src/main/volume/simple_reconstructor.f90,get_kbwin,function,private,235
simple_reconstructor,../scripts/../src/main/volume/simple_reconstructor.f90,gridding_half_restore,type,public,17
simple_reconstructor,../scripts/../src/main/volume/simple_reconstructor.f90,insert_plane_oversamp,subroutine,private,393
simple_reconstructor,../scripts/../src/main/volume/simple_reconstructor.f90,insert_plane_oversamp_opt,subroutine,private,550
simple_reconstructor,../scripts/../src/main/volume/simple_reconstructor.f90,interp_cmat_exp,function,private,990
simple_reconstructor,../scripts/../src/main/volume/simple_reconstructor.f90,kb_apod_vecs_3d_fast,subroutine,private,515
simple_reconstructor,../scripts/../src/main/volume/simple_reconstructor.f90,kernel,subroutine,private,599
simple_reconstructor,../scripts/../src/main/volume/simple_reconstructor.f90,kill_gridding_half_restore,subroutine,private,1255
simple_reconstructor,../scripts/../src/main/volume/simple_reconstructor.f90,kill_reconstructor,subroutine,private,1263
simple_reconstructor,../scripts/../src/main/volume/simple_reconstructor.f90,new_accumulator,subroutine,private,113
simple_reconstructor,../scripts/../src/main/volume/simple_reconstructor.f90,new_gridding_half_restore,subroutine,private,91
simple_reconstructor,../scripts/../src/main/volume/simple_reconstructor.f90,pad_with_zeros,subroutine,private,225
simple_reconstructor,../scripts/../src/main/volume/simple_reconstructor.f90,prepare_gridding_half_final,subroutine,private,102
simple_reconstructor,../scripts/../src/main/volume/simple_reconstructor.f90,project_fplane,subroutine,private,889
simple_reconstructor,../scripts/../src/main/volume/simple_reconstructor.f90,project_polar,subroutine,private,836
simple_reconstructor,../scripts/../src/main/volume/simple_reconstructor.f90,read_raw_rho,subroutine,private,282
simple_reconstructor,../scripts/../src/main/volume/simple_reconstructor.f90,read_rho,subroutine,private,269
simple_reconstructor,../scripts/../src/main/volume/simple_reconstructor.f90,reconstructor,type,public,27
simple_reconstructor,../scripts/../src/main/volume/simple_reconstructor.f90,reset,subroutine,private,177
simple_reconstructor,../scripts/../src/main/volume/simple_reconstructor.f90,reset_exp,subroutine,private,184
simple_reconstructor,../scripts/../src/main/volume/simple_reconstructor.f90,restore_base,subroutine,private,323
simple_reconstructor,../scripts/../src/main/volume/simple_reconstructor.f90,restore_final,subroutine,private,351
simple_reconstructor,../scripts/../src/main/volume/simple_reconstructor.f90,sampl_dens_correct,subroutine,private,751
simple_reconstructor,../scripts/../src/main/volume/simple_reconstructor.f90,set_sh_lim,subroutine,private,215
simple_reconstructor,../scripts/../src/main/volume/simple_reconstructor.f90,sum_reduce,subroutine,private,1085
simple_reconstructor,../scripts/../src/main/volume/simple_reconstructor.f90,validate_restore_source,subroutine,private,376
simple_reconstructor,../scripts/../src/main/volume/simple_reconstructor.f90,validate_restore_target,subroutine,private,382
simple_reconstructor,../scripts/../src/main/volume/simple_reconstructor.f90,write_absfc_as_mrc,subroutine,private,1053
simple_reconstructor,../scripts/../src/main/volume/simple_reconstructor.f90,write_raw_accum,subroutine,private,245
simple_reconstructor,../scripts/../src/main/volume/simple_reconstructor.f90,write_rho,subroutine,private,255
simple_reconstructor,../scripts/../src/main/volume/simple_reconstructor.f90,write_rho_as_mrc,subroutine,private,1024
simple_reconstructor_openmpoffload,../scripts/../src/main/volume/simple_reconstructor_openmpoffload.f90,calc_3Drec_gpu,subroutine,public,25
simple_reconstructor_openmpoffload,../scripts/../src/main/volume/simple_reconstructor_openmpoffload.f90,insert_all_slices,subroutine,private,114
simple_reconstructor_openmpoffload,../scripts/../src/main/volume/simple_reconstructor_openmpoffload.f90,insert_slices_batch,subroutine,private,247
simple_reconstructor_openmpoffload,../scripts/../src/main/volume/simple_reconstructor_openmpoffload.f90,prep_batch,subroutine,private,223
simple_reconstructor_openmpoffload,../scripts/../src/main/volume/simple_reconstructor_openmpoffload.f90,update_ptcls_arrays,subroutine,private,363
simple_reconstructor_pcg,../scripts/../src/main/volume/simple_reconstructor_pcg.f90,absT2_plane,subroutine,private,3614
simple_reconstructor_pcg,../scripts/../src/main/volume/simple_reconstructor_pcg.f90,accumulate_absT2,subroutine,private,3049
simple_reconstructor_pcg,../scripts/../src/main/volume/simple_reconstructor_pcg.f90,accumulate_batch,subroutine,private,2532
simple_reconstructor_pcg,../scripts/../src/main/volume/simple_reconstructor_pcg.f90,accumulate_rhs,subroutine,private,2451
simple_reconstructor_pcg,../scripts/../src/main/volume/simple_reconstructor_pcg.f90,accumulate_rhs_density,subroutine,private,2890
simple_reconstructor_pcg,../scripts/../src/main/volume/simple_reconstructor_pcg.f90,add_raw_accum,subroutine,private,2616
simple_reconstructor_pcg,../scripts/../src/main/volume/simple_reconstructor_pcg.f90,add_raw_accum_weighted,subroutine,private,2793
simple_reconstructor_pcg,../scripts/../src/main/volume/simple_reconstructor_pcg.f90,adjoint_plane_add,subroutine,private,2037
simple_reconstructor_pcg,../scripts/../src/main/volume/simple_reconstructor_pcg.f90,apply_adjoint_all,function,private,2402
simple_reconstructor_pcg,../scripts/../src/main/volume/simple_reconstructor_pcg.f90,apply_fourier_diagonal,function,private,2372
simple_reconstructor_pcg,../scripts/../src/main/volume/simple_reconstructor_pcg.f90,apply_normal,function,private,2183
simple_reconstructor_pcg,../scripts/../src/main/volume/simple_reconstructor_pcg.f90,apply_normal_kernel,function,private,2316
simple_reconstructor_pcg,../scripts/../src/main/volume/simple_reconstructor_pcg.f90,apply_normal_matrixfree,function,private,2222
simple_reconstructor_pcg,../scripts/../src/main/volume/simple_reconstructor_pcg.f90,apply_nu_precision,function,private,823
simple_reconstructor_pcg,../scripts/../src/main/volume/simple_reconstructor_pcg.f90,apply_pose_parameter_mask,subroutine,private,1914
simple_reconstructor_pcg,../scripts/../src/main/volume/simple_reconstructor_pcg.f90,apply_precond,function,private,3811
simple_reconstructor_pcg,../scripts/../src/main/volume/simple_reconstructor_pcg.f90,assert_prior_attachment_mode,subroutine,private,700
simple_reconstructor_pcg,../scripts/../src/main/volume/simple_reconstructor_pcg.f90,begin_accum,subroutine,private,2500
simple_reconstructor_pcg,../scripts/../src/main/volume/simple_reconstructor_pcg.f90,begin_fourier_workspace,subroutine,private,1200
simple_reconstructor_pcg,../scripts/../src/main/volume/simple_reconstructor_pcg.f90,begin_reduction,subroutine,private,2509
simple_reconstructor_pcg,../scripts/../src/main/volume/simple_reconstructor_pcg.f90,build_env,subroutine,private,496
simple_reconstructor_pcg,../scripts/../src/main/volume/simple_reconstructor_pcg.f90,build_hk_luts,subroutine,private,457
simple_reconstructor_pcg,../scripts/../src/main/volume/simple_reconstructor_pcg.f90,build_kb_envelope_1d,subroutine,private,541
simple_reconstructor_pcg,../scripts/../src/main/volume/simple_reconstructor_pcg.f90,build_kernel,subroutine,private,3419
simple_reconstructor_pcg,../scripts/../src/main/volume/simple_reconstructor_pcg.f90,build_ml_prior_from_density,subroutine,private,3187
simple_reconstructor_pcg,../scripts/../src/main/volume/simple_reconstructor_pcg.f90,build_operators,subroutine,private,3442
simple_reconstructor_pcg,../scripts/../src/main/volume/simple_reconstructor_pcg.f90,build_precond,subroutine,private,3014
simple_reconstructor_pcg,../scripts/../src/main/volume/simple_reconstructor_pcg.f90,build_transfer,function,private,2054
simple_reconstructor_pcg,../scripts/../src/main/volume/simple_reconstructor_pcg.f90,calibrate_kernel,subroutine,private,3548
simple_reconstructor_pcg,../scripts/../src/main/volume/simple_reconstructor_pcg.f90,compare_raw_accum,subroutine,private,2709
simple_reconstructor_pcg,../scripts/../src/main/volume/simple_reconstructor_pcg.f90,count_stencil_switches,function,private,1552
simple_reconstructor_pcg,../scripts/../src/main/volume/simple_reconstructor_pcg.f90,crop_vol,function,private,1033
simple_reconstructor_pcg,../scripts/../src/main/volume/simple_reconstructor_pcg.f90,deapod_mul,subroutine,private,955
simple_reconstructor_pcg,../scripts/../src/main/volume/simple_reconstructor_pcg.f90,dot_real_volume,function,private,2168
simple_reconstructor_pcg,../scripts/../src/main/volume/simple_reconstructor_pcg.f90,end_accum,subroutine,private,2953
simple_reconstructor_pcg,../scripts/../src/main/volume/simple_reconstructor_pcg.f90,ensure_nu_band_index,subroutine,private,779
simple_reconstructor_pcg,../scripts/../src/main/volume/simple_reconstructor_pcg.f90,ensure_wimg,subroutine,private,1012
simple_reconstructor_pcg,../scripts/../src/main/volume/simple_reconstructor_pcg.f90,extract_native_plane,function,private,2152
simple_reconstructor_pcg,../scripts/../src/main/volume/simple_reconstructor_pcg.f90,finalize_density_accum,subroutine,private,3266
simple_reconstructor_pcg,../scripts/../src/main/volume/simple_reconstructor_pcg.f90,finalize_khat,subroutine,private,3465
simple_reconstructor_pcg,../scripts/../src/main/volume/simple_reconstructor_pcg.f90,fold_accum_to_khat,subroutine,private,3457
simple_reconstructor_pcg,../scripts/../src/main/volume/simple_reconstructor_pcg.f90,fold_and_ifft,function,private,3768
simple_reconstructor_pcg,../scripts/../src/main/volume/simple_reconstructor_pcg.f90,forward_plane,subroutine,private,1967
simple_reconstructor_pcg,../scripts/../src/main/volume/simple_reconstructor_pcg.f90,fourier_dot,function,private,1997
simple_reconstructor_pcg,../scripts/../src/main/volume/simple_reconstructor_pcg.f90,gather_window_grad,subroutine,private,3893
simple_reconstructor_pcg,../scripts/../src/main/volume/simple_reconstructor_pcg.f90,get_env,function,private,550
simple_reconstructor_pcg,../scripts/../src/main/volume/simple_reconstructor_pcg.f90,get_fourier_workspace_lims2,function,private,1240
simple_reconstructor_pcg,../scripts/../src/main/volume/simple_reconstructor_pcg.f90,get_invenv,function,private,641
simple_reconstructor_pcg,../scripts/../src/main/volume/simple_reconstructor_pcg.f90,get_lims2,function,private,4172
simple_reconstructor_pcg,../scripts/../src/main/volume/simple_reconstructor_pcg.f90,get_lims3,function,private,4178
simple_reconstructor_pcg,../scripts/../src/main/volume/simple_reconstructor_pcg.f90,get_ml_prior,subroutine,private,584
simple_reconstructor_pcg,../scripts/../src/main/volume/simple_reconstructor_pcg.f90,get_ml_prior_stats,subroutine,private,596
simple_reconstructor_pcg,../scripts/../src/main/volume/simple_reconstructor_pcg.f90,get_nu_prior_stats,subroutine,private,888
simple_reconstructor_pcg,../scripts/../src/main/volume/simple_reconstructor_pcg.f90,get_raw_accum,subroutine,private,571
simple_reconstructor_pcg,../scripts/../src/main/volume/simple_reconstructor_pcg.f90,get_rhs,subroutine,private,561
simple_reconstructor_pcg,../scripts/../src/main/volume/simple_reconstructor_pcg.f90,kill,subroutine,private,1045
simple_reconstructor_pcg,../scripts/../src/main/volume/simple_reconstructor_pcg.f90,kill_fourier_workspace,subroutine,private,1223
simple_reconstructor_pcg,../scripts/../src/main/volume/simple_reconstructor_pcg.f90,mask_mul,subroutine,private,1005
simple_reconstructor_pcg,../scripts/../src/main/volume/simple_reconstructor_pcg.f90,measure_kernel_scale,function,private,3558
simple_reconstructor_pcg,../scripts/../src/main/volume/simple_reconstructor_pcg.f90,new,subroutine,private,354
simple_reconstructor_pcg,../scripts/../src/main/volume/simple_reconstructor_pcg.f90,pad_vol,function,private,1022
simple_reconstructor_pcg,../scripts/../src/main/volume/simple_reconstructor_pcg.f90,pcg_fourier_workspace,type,public,70
simple_reconstructor_pcg,../scripts/../src/main/volume/simple_reconstructor_pcg.f90,pcg_solver_outcome,type,public,40
simple_reconstructor_pcg,../scripts/../src/main/volume/simple_reconstructor_pcg.f90,pose_normal_terms,subroutine,private,1476
simple_reconstructor_pcg,../scripts/../src/main/volume/simple_reconstructor_pcg.f90,pose_objective_gradient,subroutine,private,1532
simple_reconstructor_pcg,../scripts/../src/main/volume/simple_reconstructor_pcg.f90,precond_from_accum,subroutine,private,3108
simple_reconstructor_pcg,../scripts/../src/main/volume/simple_reconstructor_pcg.f90,prep_particles,subroutine,private,1112
simple_reconstructor_pcg,../scripts/../src/main/volume/simple_reconstructor_pcg.f90,prepare_fused_planes,subroutine,private,3692
simple_reconstructor_pcg,../scripts/../src/main/volume/simple_reconstructor_pcg.f90,reconstructor_pcg,type,public,103
simple_reconstructor_pcg,../scripts/../src/main/volume/simple_reconstructor_pcg.f90,refine_pose_lm,subroutine,private,1706
simple_reconstructor_pcg,../scripts/../src/main/volume/simple_reconstructor_pcg.f90,refine_shift_lm,subroutine,private,1573
simple_reconstructor_pcg,../scripts/../src/main/volume/simple_reconstructor_pcg.f90,report_finalize_profile,subroutine,private,4405
simple_reconstructor_pcg,../scripts/../src/main/volume/simple_reconstructor_pcg.f90,report_profile,subroutine,private,4444
simple_reconstructor_pcg,../scripts/../src/main/volume/simple_reconstructor_pcg.f90,reset_finalize_profile,subroutine,private,4396
simple_reconstructor_pcg,../scripts/../src/main/volume/simple_reconstructor_pcg.f90,reset_profile,subroutine,private,4423
simple_reconstructor_pcg,../scripts/../src/main/volume/simple_reconstructor_pcg.f90,right_increment_rotation,function,public,327
simple_reconstructor_pcg,../scripts/../src/main/volume/simple_reconstructor_pcg.f90,rotation_jvp,subroutine,private,1441
simple_reconstructor_pcg,../scripts/../src/main/volume/simple_reconstructor_pcg.f90,sample_fourier_with_grad,subroutine,private,1261
simple_reconstructor_pcg,../scripts/../src/main/volume/simple_reconstructor_pcg.f90,scale_raw_accum,subroutine,private,2698
simple_reconstructor_pcg,../scripts/../src/main/volume/simple_reconstructor_pcg.f90,scatter_plane,subroutine,private,4115
simple_reconstructor_pcg,../scripts/../src/main/volume/simple_reconstructor_pcg.f90,scatter_window,subroutine,private,3965
simple_reconstructor_pcg,../scripts/../src/main/volume/simple_reconstructor_pcg.f90,scatter_window_cmplx_nowrap,subroutine,private,4091
simple_reconstructor_pcg,../scripts/../src/main/volume/simple_reconstructor_pcg.f90,scatter_window_nowrap,subroutine,private,4039
simple_reconstructor_pcg,../scripts/../src/main/volume/simple_reconstructor_pcg.f90,scatter_window_pair,subroutine,private,4008
simple_reconstructor_pcg,../scripts/../src/main/volume/simple_reconstructor_pcg.f90,scatter_window_pair_nowrap,subroutine,private,4061
simple_reconstructor_pcg,../scripts/../src/main/volume/simple_reconstructor_pcg.f90,scatter_window_real,subroutine,private,3987
simple_reconstructor_pcg,../scripts/../src/main/volume/simple_reconstructor_pcg.f90,set_deapod,subroutine,private,647
simple_reconstructor_pcg,../scripts/../src/main/volume/simple_reconstructor_pcg.f90,set_fourier_workspace_shell_range,subroutine,private,1247
simple_reconstructor_pcg,../scripts/../src/main/volume/simple_reconstructor_pcg.f90,set_lambda_relative,subroutine,private,657
simple_reconstructor_pcg,../scripts/../src/main/volume/simple_reconstructor_pcg.f90,set_mask,subroutine,private,987
simple_reconstructor_pcg,../scripts/../src/main/volume/simple_reconstructor_pcg.f90,set_ml_prior,subroutine,private,672
simple_reconstructor_pcg,../scripts/../src/main/volume/simple_reconstructor_pcg.f90,set_nu_prior,subroutine,private,724
simple_reconstructor_pcg,../scripts/../src/main/volume/simple_reconstructor_pcg.f90,set_op_mode,subroutine,private,1168
simple_reconstructor_pcg,../scripts/../src/main/volume/simple_reconstructor_pcg.f90,set_sym,subroutine,private,1156
simple_reconstructor_pcg,../scripts/../src/main/volume/simple_reconstructor_pcg.f90,set_volume,subroutine,private,1190
simple_reconstructor_pcg,../scripts/../src/main/volume/simple_reconstructor_pcg.f90,shift_jhz,subroutine,private,1344
simple_reconstructor_pcg,../scripts/../src/main/volume/simple_reconstructor_pcg.f90,shift_jvp,subroutine,private,1316
simple_reconstructor_pcg,../scripts/../src/main/volume/simple_reconstructor_pcg.f90,shift_normal_terms,subroutine,private,1378
simple_reconstructor_pcg,../scripts/../src/main/volume/simple_reconstructor_pcg.f90,shift_objective_gradient,subroutine,private,1422
simple_reconstructor_pcg,../scripts/../src/main/volume/simple_reconstructor_pcg.f90,shift_residual,subroutine,private,1284
simple_reconstructor_pcg,../scripts/../src/main/volume/simple_reconstructor_pcg.f90,solve,subroutine,private,4210
simple_reconstructor_pcg,../scripts/../src/main/volume/simple_reconstructor_pcg.f90,solve_accum,subroutine,private,4230
simple_reconstructor_pcg,../scripts/../src/main/volume/simple_reconstructor_pcg.f90,solve_core,subroutine,private,4247
simple_reconstructor_pcg,../scripts/../src/main/volume/simple_reconstructor_pcg.f90,solve_pose_cholesky,subroutine,private,1930
simple_reconstructor_pcg,../scripts/../src/main/volume/simple_reconstructor_pcg.f90,transfer_plane_cmplx,subroutine,private,3680
simple_reconstructor_pcg,../scripts/../src/main/volume/simple_reconstructor_pcg.f90,update_lambda_from_density,subroutine,private,3129
simple_reconstructor_pcg,../scripts/../src/main/volume/simple_reconstructor_pcg.f90,whiten_observation,function,private,2123
simple_reconstructor_pcg,../scripts/../src/main/volume/simple_reconstructor_pcg.f90,write_raw_accum,subroutine,private,2561
simple_reextract_strategy,../scripts/../src/main/strategies/parallelization/simple_reextract_strategy.f90,cleanup_interface,subroutine,private,83
simple_reextract_strategy,../scripts/../src/main/strategies/parallelization/simple_reextract_strategy.f90,create_reextract_strategy,function,public,102
simple_reextract_strategy,../scripts/../src/main/strategies/parallelization/simple_reextract_strategy.f90,distr_cleanup,subroutine,private,654
simple_reextract_strategy,../scripts/../src/main/strategies/parallelization/simple_reextract_strategy.f90,distr_end_message,function,private,674
simple_reextract_strategy,../scripts/../src/main/strategies/parallelization/simple_reextract_strategy.f90,distr_execute,subroutine,private,566
simple_reextract_strategy,../scripts/../src/main/strategies/parallelization/simple_reextract_strategy.f90,distr_finalize_run,subroutine,private,647
simple_reextract_strategy,../scripts/../src/main/strategies/parallelization/simple_reextract_strategy.f90,distr_initialize,subroutine,private,505
simple_reextract_strategy,../scripts/../src/main/strategies/parallelization/simple_reextract_strategy.f90,endmsg_interface,function,private,90
simple_reextract_strategy,../scripts/../src/main/strategies/parallelization/simple_reextract_strategy.f90,exec_interface,subroutine,private,69
simple_reextract_strategy,../scripts/../src/main/strategies/parallelization/simple_reextract_strategy.f90,finalize_interface,subroutine,private,76
simple_reextract_strategy,../scripts/../src/main/strategies/parallelization/simple_reextract_strategy.f90,init_interface,subroutine,private,62
simple_reextract_strategy,../scripts/../src/main/strategies/parallelization/simple_reextract_strategy.f90,inmem_cleanup,subroutine,private,488
simple_reextract_strategy,../scripts/../src/main/strategies/parallelization/simple_reextract_strategy.f90,inmem_end_message,function,private,495
simple_reextract_strategy,../scripts/../src/main/strategies/parallelization/simple_reextract_strategy.f90,inmem_execute,subroutine,private,158
simple_reextract_strategy,../scripts/../src/main/strategies/parallelization/simple_reextract_strategy.f90,inmem_finalize_run,subroutine,private,481
simple_reextract_strategy,../scripts/../src/main/strategies/parallelization/simple_reextract_strategy.f90,inmem_initialize,subroutine,private,147
simple_reextract_strategy,../scripts/../src/main/strategies/parallelization/simple_reextract_strategy.f90,killimgbatch_local,subroutine,private,469
simple_reextract_strategy,../scripts/../src/main/strategies/parallelization/simple_reextract_strategy.f90,prepimgbatch_local,subroutine,private,444
simple_reextract_strategy,../scripts/../src/main/strategies/parallelization/simple_reextract_strategy.f90,reextract_distr_strategy,type,public,44
simple_reextract_strategy,../scripts/../src/main/strategies/parallelization/simple_reextract_strategy.f90,reextract_inmem_strategy,type,public,34
simple_reextract_strategy,../scripts/../src/main/strategies/parallelization/simple_reextract_strategy.f90,reextract_strategy,type,public,24
simple_reextract_strategy,../scripts/../src/main/strategies/parallelization/simple_reextract_strategy.f90,set_reextract_defaults,subroutine,private,133
simple_reextract_strategy,../scripts/../src/main/strategies/parallelization/simple_reextract_strategy.f90,validate_reextract_cline,subroutine,private,121
simple_refine3D_fnames,../scripts/../src/defs/simple_refine3D_fnames.f90,refine3D_partial_rec_glob,function,public,158
simple_refine3D_strategy,../scripts/../src/main/strategies/parallelization/simple_refine3D_strategy.f90,activate_ptcl3D_states_from_selection,subroutine,private,413
simple_refine3D_strategy,../scripts/../src/main/strategies/parallelization/simple_refine3D_strategy.f90,assemble_refine3D_pcg,subroutine,private,195
simple_refine3D_strategy,../scripts/../src/main/strategies/parallelization/simple_refine3D_strategy.f90,assert_multistate_populations,subroutine,private,459
simple_refine3D_strategy,../scripts/../src/main/strategies/parallelization/simple_refine3D_strategy.f90,carry_over_trail_rec_chains,subroutine,private,340
simple_refine3D_strategy,../scripts/../src/main/strategies/parallelization/simple_refine3D_strategy.f90,cleanup_interface,subroutine,private,132
simple_refine3D_strategy,../scripts/../src/main/strategies/parallelization/simple_refine3D_strategy.f90,create_refine3D_strategy,function,public,155
simple_refine3D_strategy,../scripts/../src/main/strategies/parallelization/simple_refine3D_strategy.f90,distr_cleanup,subroutine,private,1326
simple_refine3D_strategy,../scripts/../src/main/strategies/parallelization/simple_refine3D_strategy.f90,distr_execute_iteration,subroutine,private,1075
simple_refine3D_strategy,../scripts/../src/main/strategies/parallelization/simple_refine3D_strategy.f90,distr_finalize_iteration,subroutine,private,1306
simple_refine3D_strategy,../scripts/../src/main/strategies/parallelization/simple_refine3D_strategy.f90,distr_finalize_run,subroutine,private,1313
simple_refine3D_strategy,../scripts/../src/main/strategies/parallelization/simple_refine3D_strategy.f90,distr_initialize,subroutine,private,842
simple_refine3D_strategy,../scripts/../src/main/strategies/parallelization/simple_refine3D_strategy.f90,exec_iter_interface,subroutine,private,108
simple_refine3D_strategy,../scripts/../src/main/strategies/parallelization/simple_refine3D_strategy.f90,finalize_iter_interface,subroutine,private,117
simple_refine3D_strategy,../scripts/../src/main/strategies/parallelization/simple_refine3D_strategy.f90,finalize_run_interface,subroutine,private,124
simple_refine3D_strategy,../scripts/../src/main/strategies/parallelization/simple_refine3D_strategy.f90,init_interface,subroutine,private,100
simple_refine3D_strategy,../scripts/../src/main/strategies/parallelization/simple_refine3D_strategy.f90,inmem_cleanup,subroutine,private,832
simple_refine3D_strategy,../scripts/../src/main/strategies/parallelization/simple_refine3D_strategy.f90,inmem_execute_iteration,subroutine,private,632
simple_refine3D_strategy,../scripts/../src/main/strategies/parallelization/simple_refine3D_strategy.f90,inmem_finalize_iteration,subroutine,private,778
simple_refine3D_strategy,../scripts/../src/main/strategies/parallelization/simple_refine3D_strategy.f90,inmem_finalize_run,subroutine,private,788
simple_refine3D_strategy,../scripts/../src/main/strategies/parallelization/simple_refine3D_strategy.f90,inmem_initialize,subroutine,private,561
simple_refine3D_strategy,../scripts/../src/main/strategies/parallelization/simple_refine3D_strategy.f90,invalidate_fresh_start_refs_from_volumes,subroutine,private,237
simple_refine3D_strategy,../scripts/../src/main/strategies/parallelization/simple_refine3D_strategy.f90,materialize_reprojection_model,subroutine,private,474
simple_refine3D_strategy,../scripts/../src/main/strategies/parallelization/simple_refine3D_strategy.f90,prepare_assembly_cline,subroutine,private,167
simple_refine3D_strategy,../scripts/../src/main/strategies/parallelization/simple_refine3D_strategy.f90,refine3D_bench_state,type,private,37
simple_refine3D_strategy,../scripts/../src/main/strategies/parallelization/simple_refine3D_strategy.f90,refine3D_distr_strategy,type,public,75
simple_refine3D_strategy,../scripts/../src/main/strategies/parallelization/simple_refine3D_strategy.f90,refine3D_inmem_strategy,type,public,58
simple_refine3D_strategy,../scripts/../src/main/strategies/parallelization/simple_refine3D_strategy.f90,refine3D_strategy,type,public,28
simple_refine3D_strategy,../scripts/../src/main/strategies/parallelization/simple_refine3D_strategy.f90,refresh_matching_lp_from_project,subroutine,private,287
simple_refine3D_strategy,../scripts/../src/main/strategies/parallelization/simple_refine3D_strategy.f90,refresh_resolution_fields_from_fsc,subroutine,private,248
simple_refine3D_strategy,../scripts/../src/main/strategies/parallelization/simple_refine3D_strategy.f90,remove_partial_rec_files,subroutine,private,393
simple_refine3D_strategy,../scripts/../src/main/strategies/parallelization/simple_refine3D_strategy.f90,remove_pcg_raw_files,subroutine,private,220
simple_refine3D_strategy,../scripts/../src/main/strategies/parallelization/simple_refine3D_strategy.f90,reset_refine3D_bench,subroutine,private,504
simple_refine3D_strategy,../scripts/../src/main/strategies/parallelization/simple_refine3D_strategy.f90,seed_multistate_startup_labels,subroutine,private,437
simple_refine3D_strategy,../scripts/../src/main/strategies/parallelization/simple_refine3D_strategy.f90,strip_refine3D_search_only_args,subroutine,public,143
simple_refine3D_strategy,../scripts/../src/main/strategies/parallelization/simple_refine3D_strategy.f90,validate_refine3D_pcg_integration,subroutine,private,208
simple_refine3D_strategy,../scripts/../src/main/strategies/parallelization/simple_refine3D_strategy.f90,write_strategy_bench_report,subroutine,private,522
simple_relion,../scripts/../src/main/star/simple_relion.f90,allocate_opticsgroups,subroutine,private,617
simple_relion,../scripts/../src/main/star/simple_relion.f90,create,subroutine,private,665
simple_relion,../scripts/../src/main/star/simple_relion.f90,find_movienames,subroutine,private,410
simple_relion,../scripts/../src/main/star/simple_relion.f90,generate_epu_tiltgroups,subroutine,private,444
simple_relion,../scripts/../src/main/star/simple_relion.f90,generate_single_tiltgroup,subroutine,private,481
simple_relion,../scripts/../src/main/star/simple_relion.f90,generate_xml_tiltgroups,subroutine,private,492
simple_relion,../scripts/../src/main/star/simple_relion.f90,h_clust,subroutine,private,697
simple_relion,../scripts/../src/main/star/simple_relion.f90,write_corrected_micrographs_star,subroutine,private,33
simple_relion,../scripts/../src/main/star/simple_relion.f90,write_micrographs_star,subroutine,private,127
simple_relion,../scripts/../src/main/star/simple_relion.f90,write_particles2D_star,subroutine,private,245
simple_sigma2_binfile,../scripts/../src/fileio/simple_sigma2_binfile.f90,create_empty,subroutine,private,193
simple_sigma2_binfile,../scripts/../src/fileio/simple_sigma2_binfile.f90,get_resrange,subroutine,private,203
simple_sigma2_binfile,../scripts/../src/fileio/simple_sigma2_binfile.f90,kill,subroutine,private,211
simple_sigma2_binfile,../scripts/../src/fileio/simple_sigma2_binfile.f90,new,subroutine,private,39
simple_sigma2_binfile,../scripts/../src/fileio/simple_sigma2_binfile.f90,new_from_file,subroutine,private,57
simple_sigma2_binfile,../scripts/../src/fileio/simple_sigma2_binfile.f90,open_and_check_header,function,private,135
simple_sigma2_binfile,../scripts/../src/fileio/simple_sigma2_binfile.f90,read,subroutine,private,77
simple_sigma2_binfile,../scripts/../src/fileio/simple_sigma2_binfile.f90,read_header,subroutine,private,170
simple_sigma2_binfile,../scripts/../src/fileio/simple_sigma2_binfile.f90,write,subroutine,private,97
simple_sigma2_binfile,../scripts/../src/fileio/simple_sigma2_binfile.f90,write_info,subroutine,private,127
simple_sigma2_files,../scripts/../src/fileio/simple_sigma2_files.f90,carry_over_prior_sigma_files,subroutine,public,34
simple_sigma2_files,../scripts/../src/fileio/simple_sigma2_files.f90,copy_sigma_files_from_dir,subroutine,private,75
simple_sigma2_files,../scripts/../src/fileio/simple_sigma2_files.f90,load_sigma2_groups,subroutine,public,171
simple_sigma2_files,../scripts/../src/fileio/simple_sigma2_files.f90,pick_sigma_group_file,subroutine,public,106
simple_simple_volinterp,../scripts/../src/main/volume/simple_volinterp.f90,reproject,function,public,11
simple_simple_volinterp,../scripts/../src/main/volume/simple_volinterp.f90,rotvol,function,public,82
simple_simple_volinterp,../scripts/../src/main/volume/simple_volinterp.f90,rotvol_slim,subroutine,public,107
simple_simulator,../scripts/../src/main/simple_simulator.f90,simimg,subroutine,public,8
simple_socket_comm,../scripts/../src/utils/comm/simple_socket_comm.f90,accept,subroutine,private,204
simple_socket_comm,../scripts/../src/utils/comm/simple_socket_comm.f90,bind_any,subroutine,private,187
simple_socket_comm,../scripts/../src/utils/comm/simple_socket_comm.f90,c_accept,function,private,85
simple_socket_comm,../scripts/../src/utils/comm/simple_socket_comm.f90,c_bind,function,private,71
simple_socket_comm,../scripts/../src/utils/comm/simple_socket_comm.f90,c_close,function,private,100
simple_socket_comm,../scripts/../src/utils/comm/simple_socket_comm.f90,c_connect,function,private,92
simple_socket_comm,../scripts/../src/utils/comm/simple_socket_comm.f90,c_errno,function,private,135
simple_socket_comm,../scripts/../src/utils/comm/simple_socket_comm.f90,c_htons,function,private,122
simple_socket_comm,../scripts/../src/utils/comm/simple_socket_comm.f90,c_inet_pton,function,private,128
simple_socket_comm,../scripts/../src/utils/comm/simple_socket_comm.f90,c_listen,function,private,79
simple_socket_comm,../scripts/../src/utils/comm/simple_socket_comm.f90,c_read,function,private,114
simple_socket_comm,../scripts/../src/utils/comm/simple_socket_comm.f90,c_send,function,private,106
simple_socket_comm,../scripts/../src/utils/comm/simple_socket_comm.f90,c_setsockopt,function,private,64
simple_socket_comm,../scripts/../src/utils/comm/simple_socket_comm.f90,c_socket,function,private,58
simple_socket_comm,../scripts/../src/utils/comm/simple_socket_comm.f90,close_1,subroutine,private,277
simple_socket_comm,../scripts/../src/utils/comm/simple_socket_comm.f90,close_2,subroutine,private,287
simple_socket_comm,../scripts/../src/utils/comm/simple_socket_comm.f90,in_addr,type,private,28
simple_socket_comm,../scripts/../src/utils/comm/simple_socket_comm.f90,listen,subroutine,private,197
simple_socket_comm,../scripts/../src/utils/comm/simple_socket_comm.f90,open,subroutine,private,145
simple_socket_comm,../scripts/../src/utils/comm/simple_socket_comm.f90,read_1,subroutine,private,235
simple_socket_comm,../scripts/../src/utils/comm/simple_socket_comm.f90,read_2,subroutine,private,266
simple_socket_comm,../scripts/../src/utils/comm/simple_socket_comm.f90,send_1,subroutine,private,216
simple_socket_comm,../scripts/../src/utils/comm/simple_socket_comm.f90,set_options,subroutine,private,175
simple_socket_comm,../scripts/../src/utils/comm/simple_socket_comm.f90,simple_socket,type,public,38
simple_socket_comm,../scripts/../src/utils/comm/simple_socket_comm.f90,sockaddr_in,type,private,32
simple_socket_comm,../scripts/../src/utils/comm/simple_socket_comm.f90,timeval,type,private,23
simple_srchspace_map,../scripts/../src/utils/simple_srchspace_map.f90,get_full2sub_map,function,private,95
simple_srchspace_map,../scripts/../src/utils/simple_srchspace_map.f90,get_inds_in_full,function,private,72
simple_srchspace_map,../scripts/../src/utils/simple_srchspace_map.f90,get_sub2full_map,function,private,85
simple_srchspace_map,../scripts/../src/utils/simple_srchspace_map.f90,kill,subroutine,private,138
simple_srchspace_map,../scripts/../src/utils/simple_srchspace_map.f90,new_from_distmat,subroutine,private,33
simple_srchspace_map,../scripts/../src/utils/simple_srchspace_map.f90,new_from_maps,subroutine,private,50
simple_srchspace_map,../scripts/../src/utils/simple_srchspace_map.f90,srchspace_map,type,public,10
simple_srchspace_map2D_io,../scripts/../src/fileio/simple_srchspace_map2D_io.f90,read_srchspace_map2D,subroutine,public,87
simple_srchspace_map2D_io,../scripts/../src/fileio/simple_srchspace_map2D_io.f90,test_srchspace_map2D_io,subroutine,public,124
simple_srchspace_map2D_io,../scripts/../src/fileio/simple_srchspace_map2D_io.f90,write_srchspace_map2D,subroutine,public,20
simple_stack_io,../scripts/../src/fileio/simple_stack_io.f90,close,subroutine,private,238
simple_stack_io,../scripts/../src/fileio/simple_stack_io.f90,get_image,subroutine,private,142
simple_stack_io,../scripts/../src/fileio/simple_stack_io.f90,get_ldim,function,private,128
simple_stack_io,../scripts/../src/fileio/simple_stack_io.f90,get_nptcls,function,private,122
simple_stack_io,../scripts/../src/fileio/simple_stack_io.f90,open_1,subroutine,private,40
simple_stack_io,../scripts/../src/fileio/simple_stack_io.f90,open_2,subroutine,private,56
simple_stack_io,../scripts/../src/fileio/simple_stack_io.f90,read,subroutine,private,152
simple_stack_io,../scripts/../src/fileio/simple_stack_io.f90,read_whole,subroutine,private,181
simple_stack_io,../scripts/../src/fileio/simple_stack_io.f90,same_stk,function,private,134
simple_stack_io,../scripts/../src/fileio/simple_stack_io.f90,write,subroutine,private,193
simple_stack_io,../scripts/../src/fileio/simple_stack_io.f90,write_buffer,subroutine,private,228
simple_stackops,../scripts/../src/utils/simple_stackops.f90,acf_stack,subroutine,public,152
simple_stackops,../scripts/../src/utils/simple_stackops.f90,frameavg_stack,subroutine,public,117
simple_stackops,../scripts/../src/utils/simple_stackops.f90,make_avg_stack,subroutine,public,91
simple_stackops,../scripts/../src/utils/simple_stackops.f90,make_pcavec_stack,subroutine,public,30
simple_stackops,../scripts/../src/utils/simple_stackops.f90,prep_imgfile4movie,subroutine,public,204
simple_stackops,../scripts/../src/utils/simple_stackops.f90,raise_exception,subroutine,private,15
simple_stackops,../scripts/../src/utils/simple_stackops.f90,stats_imgfile,subroutine,public,171
simple_starfile,../scripts/../src/main/star/simple_starfile.f90,calc_part_boundaries,subroutine,private,81
simple_starfile,../scripts/../src/main/star/simple_starfile.f90,complete,subroutine,private,65
simple_starfile,../scripts/../src/main/star/simple_starfile.f90,get_relative_path_here,function,private,334
simple_starfile,../scripts/../src/main/star/simple_starfile.f90,get_relative_path_here,function,private,433
simple_starfile,../scripts/../src/main/star/simple_starfile.f90,get_relative_path_here,function,private,590
simple_starfile,../scripts/../src/main/star/simple_starfile.f90,init,subroutine,private,46
simple_starfile,../scripts/../src/main/star/simple_starfile.f90,write_mics_table,subroutine,private,215
simple_starfile,../scripts/../src/main/star/simple_starfile.f90,write_optics_table,subroutine,private,112
simple_starfile,../scripts/../src/main/star/simple_starfile.f90,write_ptcl2D_table,subroutine,private,355
simple_starfile,../scripts/../src/main/star/simple_starfile.f90,write_ptcl2D_table_parallel,subroutine,private,452
simple_starfile_tester,../scripts/../src/main/star/simple_starfile_tester.f90,fill_ptcl_stk,subroutine,private,647
simple_starfile_tester,../scripts/../src/main/star/simple_starfile_tester.f90,make_oris_n,subroutine,private,154
simple_starfile_tester,../scripts/../src/main/star/simple_starfile_tester.f90,run_all_starfile_tests,subroutine,public,25
simple_starfile_tester,../scripts/../src/main/star/simple_starfile_tester.f90,setup_tmpdir,subroutine,private,64
simple_starfile_tester,../scripts/../src/main/star/simple_starfile_tester.f90,test_complete_noop_without_tmp,subroutine,private,192
simple_starfile_tester,../scripts/../src/main/star/simple_starfile_tester.f90,test_complete_overwrites_existing,subroutine,private,203
simple_starfile_tester,../scripts/../src/main/star/simple_starfile_tester.f90,test_complete_renames_tmp,subroutine,private,178
simple_starfile_tester,../scripts/../src/main/star/simple_starfile_tester.f90,test_init_creates_no_files,subroutine,private,167
simple_starfile_tester,../scripts/../src/main/star/simple_starfile_tester.f90,test_init_removes_stale_tmp,subroutine,private,217
simple_starfile_tester,../scripts/../src/main/star/simple_starfile_tester.f90,test_verbose_flag_no_content_change,subroutine,private,667
simple_starfile_tester,../scripts/../src/main/star/simple_starfile_tester.f90,test_write_mics_table_all_fields,subroutine,private,391
simple_starfile_tester,../scripts/../src/main/star/simple_starfile_tester.f90,test_write_mics_table_basic,subroutine,private,332
simple_starfile_tester,../scripts/../src/main/star/simple_starfile_tester.f90,test_write_mics_table_empty,subroutine,private,375
simple_starfile_tester,../scripts/../src/main/star/simple_starfile_tester.f90,test_write_mics_table_state_filter,subroutine,private,352
simple_starfile_tester,../scripts/../src/main/star/simple_starfile_tester.f90,test_write_optics_table_all_fields,subroutine,private,297
simple_starfile_tester,../scripts/../src/main/star/simple_starfile_tester.f90,test_write_optics_table_basic,subroutine,private,241
simple_starfile_tester,../scripts/../src/main/star/simple_starfile_tester.f90,test_write_optics_table_empty,subroutine,private,281
simple_starfile_tester,../scripts/../src/main/star/simple_starfile_tester.f90,test_write_optics_table_state_filter,subroutine,private,260
simple_starfile_tester,../scripts/../src/main/star/simple_starfile_tester.f90,test_write_ptcl2D_parallel_basic,subroutine,private,556
simple_starfile_tester,../scripts/../src/main/star/simple_starfile_tester.f90,test_write_ptcl2D_parallel_count,subroutine,private,596
simple_starfile_tester,../scripts/../src/main/star/simple_starfile_tester.f90,test_write_ptcl2D_parallel_empty,subroutine,private,578
simple_starfile_tester,../scripts/../src/main/star/simple_starfile_tester.f90,test_write_ptcl2D_parallel_vs_serial,subroutine,private,618
simple_starfile_tester,../scripts/../src/main/star/simple_starfile_tester.f90,test_write_ptcl2D_table_bad_stkind,subroutine,private,469
simple_starfile_tester,../scripts/../src/main/star/simple_starfile_tester.f90,test_write_ptcl2D_table_basic,subroutine,private,419
simple_starfile_tester,../scripts/../src/main/star/simple_starfile_tester.f90,test_write_ptcl2D_table_indstk_explicit,subroutine,private,494
simple_starfile_tester,../scripts/../src/main/star/simple_starfile_tester.f90,test_write_ptcl2D_table_state_filter,subroutine,private,443
simple_starfile_tester,../scripts/../src/main/star/simple_starfile_tester.f90,test_write_ptcl2D_table_with_mics,subroutine,private,518
simple_starfile_tester,../scripts/../src/main/star/simple_starfile_tester.f90,tmp,function,private,72
simple_starfile_tester,../scripts/../src/main/star/simple_starfile_tester.f90,write_dummy_file,subroutine,private,228
simple_starfile_wrappers,../scripts/../src/main/star/simple_starfile_wrapper.f90,C_dealloc_str,subroutine,private,127
simple_starfile_wrappers,../scripts/../src/main/star/simple_starfile_wrapper.f90,C_print_pointer,subroutine,private,15
simple_starfile_wrappers,../scripts/../src/main/star/simple_starfile_wrapper.f90,C_starfile_table__addObject,subroutine,private,30
simple_starfile_wrappers,../scripts/../src/main/star/simple_starfile_wrapper.f90,C_starfile_table__append,subroutine,private,235
simple_starfile_wrappers,../scripts/../src/main/star/simple_starfile_wrapper.f90,C_starfile_table__clear,subroutine,private,132
simple_starfile_wrappers,../scripts/../src/main/star/simple_starfile_wrapper.f90,C_starfile_table__close_ofile,subroutine,private,158
simple_starfile_wrappers,../scripts/../src/main/star/simple_starfile_wrapper.f90,C_starfile_table__delete,subroutine,private,25
simple_starfile_wrappers,../scripts/../src/main/star/simple_starfile_wrapper.f90,C_starfile_table__firstobject,function,private,202
simple_starfile_wrappers,../scripts/../src/main/star/simple_starfile_wrapper.f90,C_starfile_table__getcomment,subroutine,private,182
simple_starfile_wrappers,../scripts/../src/main/star/simple_starfile_wrapper.f90,C_starfile_table__getnames_cnt,subroutine,private,220
simple_starfile_wrappers,../scripts/../src/main/star/simple_starfile_wrapper.f90,C_starfile_table__getnames_nr,subroutine,private,227
simple_starfile_wrappers,../scripts/../src/main/star/simple_starfile_wrapper.f90,C_starfile_table__getValue_bool,function,private,108
simple_starfile_wrappers,../scripts/../src/main/star/simple_starfile_wrapper.f90,C_starfile_table__getValue_double,function,private,81
simple_starfile_wrappers,../scripts/../src/main/star/simple_starfile_wrapper.f90,C_starfile_table__getValue_float,function,private,90
simple_starfile_wrappers,../scripts/../src/main/star/simple_starfile_wrapper.f90,C_starfile_table__getValue_int,function,private,99
simple_starfile_wrappers,../scripts/../src/main/star/simple_starfile_wrapper.f90,C_starfile_table__getValue_string,subroutine,private,117
simple_starfile_wrappers,../scripts/../src/main/star/simple_starfile_wrapper.f90,C_starfile_table__hascomment,function,private,189
simple_starfile_wrappers,../scripts/../src/main/star/simple_starfile_wrapper.f90,C_starfile_table__hasLabel,function,private,195
simple_starfile_wrappers,../scripts/../src/main/star/simple_starfile_wrapper.f90,C_starfile_table__new,function,private,20
simple_starfile_wrappers,../scripts/../src/main/star/simple_starfile_wrapper.f90,C_starfile_table__nextobject,function,private,214
simple_starfile_wrappers,../scripts/../src/main/star/simple_starfile_wrapper.f90,C_starfile_table__numberofobjects,function,private,208
simple_starfile_wrappers,../scripts/../src/main/star/simple_starfile_wrapper.f90,C_starfile_table__open_ofile,subroutine,private,137
simple_starfile_wrappers,../scripts/../src/main/star/simple_starfile_wrapper.f90,C_starfile_table__read,subroutine,private,163
simple_starfile_wrappers,../scripts/../src/main/star/simple_starfile_wrapper.f90,C_starfile_table__setcomment,subroutine,private,176
simple_starfile_wrappers,../scripts/../src/main/star/simple_starfile_wrapper.f90,C_starfile_table__setIsList,subroutine,private,35
simple_starfile_wrappers,../scripts/../src/main/star/simple_starfile_wrapper.f90,C_starfile_table__setname,subroutine,private,170
simple_starfile_wrappers,../scripts/../src/main/star/simple_starfile_wrapper.f90,C_starfile_table__setValue_bool,subroutine,private,65
simple_starfile_wrappers,../scripts/../src/main/star/simple_starfile_wrapper.f90,C_starfile_table__setValue_double,subroutine,private,41
simple_starfile_wrappers,../scripts/../src/main/star/simple_starfile_wrapper.f90,C_starfile_table__setValue_float,subroutine,private,49
simple_starfile_wrappers,../scripts/../src/main/star/simple_starfile_wrapper.f90,C_starfile_table__setValue_int,subroutine,private,57
simple_starfile_wrappers,../scripts/../src/main/star/simple_starfile_wrapper.f90,C_starfile_table__setValue_string,subroutine,private,73
simple_starfile_wrappers,../scripts/../src/main/star/simple_starfile_wrapper.f90,C_starfile_table__write_ofile,subroutine,private,144
simple_starfile_wrappers,../scripts/../src/main/star/simple_starfile_wrapper.f90,C_starfile_table__write_omem,subroutine,private,150
simple_starfile_wrappers,../scripts/../src/main/star/simple_starfile_wrapper.f90,starfile_table__addObject,subroutine,private,256
simple_starfile_wrappers,../scripts/../src/main/star/simple_starfile_wrapper.f90,starfile_table__append,subroutine,private,495
simple_starfile_wrappers,../scripts/../src/main/star/simple_starfile_wrapper.f90,starfile_table__clear,subroutine,private,433
simple_starfile_wrappers,../scripts/../src/main/star/simple_starfile_wrapper.f90,starfile_table__close_ofile,subroutine,private,490
simple_starfile_wrappers,../scripts/../src/main/star/simple_starfile_wrapper.f90,starfile_table__delete,subroutine,private,250
simple_starfile_wrappers,../scripts/../src/main/star/simple_starfile_wrapper.f90,starfile_table__firstobject,function,private,565
simple_starfile_wrappers,../scripts/../src/main/star/simple_starfile_wrapper.f90,starfile_table__getcomment,subroutine,private,532
simple_starfile_wrappers,../scripts/../src/main/star/simple_starfile_wrapper.f90,starfile_table__getnames,subroutine,private,583
simple_starfile_wrappers,../scripts/../src/main/star/simple_starfile_wrapper.f90,starfile_table__getValue_bool,function,private,388
simple_starfile_wrappers,../scripts/../src/main/star/simple_starfile_wrapper.f90,starfile_table__getValue_double,function,private,343
simple_starfile_wrappers,../scripts/../src/main/star/simple_starfile_wrapper.f90,starfile_table__getValue_float,function,private,358
simple_starfile_wrappers,../scripts/../src/main/star/simple_starfile_wrapper.f90,starfile_table__getValue_int,function,private,373
simple_starfile_wrappers,../scripts/../src/main/star/simple_starfile_wrapper.f90,starfile_table__getValue_string,function,private,403
simple_starfile_wrappers,../scripts/../src/main/star/simple_starfile_wrapper.f90,starfile_table__hascomment,function,private,548
simple_starfile_wrappers,../scripts/../src/main/star/simple_starfile_wrapper.f90,starfile_table__haslabel,function,private,556
simple_starfile_wrappers,../scripts/../src/main/star/simple_starfile_wrapper.f90,starfile_table__new,subroutine,private,245
simple_starfile_wrappers,../scripts/../src/main/star/simple_starfile_wrapper.f90,starfile_table__nextobject,function,private,577
simple_starfile_wrappers,../scripts/../src/main/star/simple_starfile_wrapper.f90,starfile_table__numberofobjects,function,private,571
simple_starfile_wrappers,../scripts/../src/main/star/simple_starfile_wrapper.f90,starfile_table__open_ofile,subroutine,private,438
simple_starfile_wrappers,../scripts/../src/main/star/simple_starfile_wrapper.f90,starfile_table__read,subroutine,private,501
simple_starfile_wrappers,../scripts/../src/main/star/simple_starfile_wrapper.f90,starfile_table__setcomment,subroutine,private,524
simple_starfile_wrappers,../scripts/../src/main/star/simple_starfile_wrapper.f90,starfile_table__setIsList,subroutine,private,261
simple_starfile_wrappers,../scripts/../src/main/star/simple_starfile_wrapper.f90,starfile_table__setname,subroutine,private,516
simple_starfile_wrappers,../scripts/../src/main/star/simple_starfile_wrapper.f90,starfile_table__setValue_bool,subroutine,private,311
simple_starfile_wrappers,../scripts/../src/main/star/simple_starfile_wrapper.f90,starfile_table__setValue_double,subroutine,private,269
simple_starfile_wrappers,../scripts/../src/main/star/simple_starfile_wrapper.f90,starfile_table__setValue_float,subroutine,private,283
simple_starfile_wrappers,../scripts/../src/main/star/simple_starfile_wrapper.f90,starfile_table__setValue_int,subroutine,private,297
simple_starfile_wrappers,../scripts/../src/main/star/simple_starfile_wrapper.f90,starfile_table__setValue_string,subroutine,private,327
simple_starfile_wrappers,../scripts/../src/main/star/simple_starfile_wrapper.f90,starfile_table__write_ofile,subroutine,private,453
simple_starfile_wrappers,../scripts/../src/main/star/simple_starfile_wrapper.f90,starfile_table__write_omem,subroutine,private,464
simple_starfile_wrappers,../scripts/../src/main/star/simple_starfile_wrapper.f90,starfile_table_type,type,public,8
simple_starproject,../scripts/../src/main/star/simple_starproject.f90,apply_optics_offset,subroutine,private,1537
simple_starproject,../scripts/../src/main/star/simple_starproject.f90,assign_initial_tiltgroups,subroutine,private,1166
simple_starproject,../scripts/../src/main/star/simple_starproject.f90,assign_optics,subroutine,private,1266
simple_starproject,../scripts/../src/main/star/simple_starproject.f90,assign_xml_tiltinfo,subroutine,private,1200
simple_starproject,../scripts/../src/main/star/simple_starproject.f90,check_stk_params,subroutine,private,630
simple_starproject,../scripts/../src/main/star/simple_starproject.f90,cluster_tiltinfo,subroutine,private,1223
simple_starproject,../scripts/../src/main/star/simple_starproject.f90,export_cls2D,subroutine,private,740
simple_starproject,../scripts/../src/main/star/simple_starproject.f90,export_iter3D,subroutine,private,781
simple_starproject,../scripts/../src/main/star/simple_starproject.f90,export_manifoldem_ptcls3D,subroutine,private,960
simple_starproject,../scripts/../src/main/star/simple_starproject.f90,export_mics,subroutine,private,714
simple_starproject,../scripts/../src/main/star/simple_starproject.f90,export_opticsgroups,subroutine,private,1471
simple_starproject,../scripts/../src/main/star/simple_starproject.f90,export_ptcls2D,subroutine,private,918
simple_starproject,../scripts/../src/main/star/simple_starproject.f90,export_ptcls3D,subroutine,private,939
simple_starproject,../scripts/../src/main/star/simple_starproject.f90,export_stardata,subroutine,private,1051
simple_starproject,../scripts/../src/main/star/simple_starproject.f90,export_stream2D,subroutine,private,894
simple_starproject,../scripts/../src/main/star/simple_starproject.f90,get_image_basename,subroutine,private,1604
simple_starproject,../scripts/../src/main/star/simple_starproject.f90,import_cls2D,subroutine,private,222
simple_starproject,../scripts/../src/main/star/simple_starproject.f90,import_mics,subroutine,private,174
simple_starproject,../scripts/../src/main/star/simple_starproject.f90,import_ptcls,subroutine,private,267
simple_starproject,../scripts/../src/main/star/simple_starproject.f90,import_ptcls2D,subroutine,private,198
simple_starproject,../scripts/../src/main/star/simple_starproject.f90,import_ptcls3D,subroutine,private,242
simple_starproject,../scripts/../src/main/star/simple_starproject.f90,import_stardata,subroutine,private,308
simple_starproject,../scripts/../src/main/star/simple_starproject.f90,initialise,subroutine,private,68
simple_starproject,../scripts/../src/main/star/simple_starproject.f90,kill,subroutine,private,1668
simple_starproject,../scripts/../src/main/star/simple_starproject.f90,plot_opticsgroups,subroutine,private,1434
simple_starproject,../scripts/../src/main/star/simple_starproject.f90,populate_opticsmap,subroutine,private,1413
simple_starproject,../scripts/../src/main/star/simple_starproject.f90,populate_stkmap,subroutine,private,414
simple_starproject,../scripts/../src/main/star/simple_starproject.f90,propagate_optics2D,subroutine,private,1570
simple_starproject,../scripts/../src/main/star/simple_starproject.f90,propagate_optics3D,subroutine,private,1587
simple_starproject,../scripts/../src/main/star/simple_starproject.f90,propagate_optics_box,subroutine,private,1546
simple_starproject,../scripts/../src/main/star/simple_starproject.f90,read_starheaders,subroutine,private,537
simple_starproject,../scripts/../src/main/star/simple_starproject.f90,set_verbose,subroutine,private,1663
simple_starproject,../scripts/../src/main/star/simple_starproject.f90,sort_optics_maxpop,subroutine,private,1516
simple_starproject_stream,../scripts/../src/main/star/simple_starproject_stream.f90,assign_optics,subroutine,private,584
simple_starproject_stream,../scripts/../src/main/star/simple_starproject_stream.f90,assign_optics_single,subroutine,private,560
simple_starproject_stream,../scripts/../src/main/star/simple_starproject_stream.f90,assign_shiftgroups,subroutine,private,641
simple_starproject_stream,../scripts/../src/main/star/simple_starproject_stream.f90,assign_tiltgroups,subroutine,private,622
simple_starproject_stream,../scripts/../src/main/star/simple_starproject_stream.f90,copy_micrographs_optics,subroutine,private,828
simple_starproject_stream,../scripts/../src/main/star/simple_starproject_stream.f90,copy_optics,subroutine,private,795
simple_starproject_stream,../scripts/../src/main/star/simple_starproject_stream.f90,get_relative_path_here,function,private,224
simple_starproject_stream,../scripts/../src/main/star/simple_starproject_stream.f90,get_relative_path_here,function,private,277
simple_starproject_stream,../scripts/../src/main/star/simple_starproject_stream.f90,get_relative_path_here,function,private,335
simple_starproject_stream,../scripts/../src/main/star/simple_starproject_stream.f90,get_relative_path_here,function,private,373
simple_starproject_stream,../scripts/../src/main/star/simple_starproject_stream.f90,h_clust,subroutine,private,692
simple_starproject_stream,../scripts/../src/main/star/simple_starproject_stream.f90,starfile_deinit,subroutine,private,88
simple_starproject_stream,../scripts/../src/main/star/simple_starproject_stream.f90,starfile_init,subroutine,private,66
simple_starproject_stream,../scripts/../src/main/star/simple_starproject_stream.f90,starfile_set_clusters2D_table,subroutine,private,344
simple_starproject_stream,../scripts/../src/main/star/simple_starproject_stream.f90,starfile_set_micrographs_table,subroutine,private,175
simple_starproject_stream,../scripts/../src/main/star/simple_starproject_stream.f90,starfile_set_optics_group_table,subroutine,private,136
simple_starproject_stream,../scripts/../src/main/star/simple_starproject_stream.f90,starfile_set_optics_table,subroutine,private,108
simple_starproject_stream,../scripts/../src/main/star/simple_starproject_stream.f90,starfile_set_particles2D_subtable,subroutine,private,286
simple_starproject_stream,../scripts/../src/main/star/simple_starproject_stream.f90,starfile_set_particles2D_table,subroutine,private,233
simple_starproject_stream,../scripts/../src/main/star/simple_starproject_stream.f90,starfile_set_pick_diameters_table,subroutine,private,158
simple_starproject_stream,../scripts/../src/main/star/simple_starproject_stream.f90,starfile_write_table,subroutine,private,97
simple_starproject_stream,../scripts/../src/main/star/simple_starproject_stream.f90,starpart,type,private,53
simple_starproject_stream,../scripts/../src/main/star/simple_starproject_stream.f90,stream_export_micrographs,subroutine,private,384
simple_starproject_stream,../scripts/../src/main/star/simple_starproject_stream.f90,stream_export_optics,subroutine,private,408
simple_starproject_stream,../scripts/../src/main/star/simple_starproject_stream.f90,stream_export_particles_2D,subroutine,private,431
simple_starproject_stream,../scripts/../src/main/star/simple_starproject_stream.f90,stream_export_pick_diameters,subroutine,private,526
simple_starproject_stream,../scripts/../src/main/star/simple_starproject_stream.f90,stream_export_picking_references,subroutine,private,542
simple_starproject_tester,../scripts/../src/main/star/simple_starproject_tester.f90,create_directory,subroutine,private,85
simple_starproject_tester,../scripts/../src/main/star/simple_starproject_tester.f90,delete_directory,subroutine,private,90
simple_starproject_tester,../scripts/../src/main/star/simple_starproject_tester.f90,force_openmp_threads,subroutine,private,96
simple_starproject_tester,../scripts/../src/main/star/simple_starproject_tester.f90,make_tiltinfo,function,private,120
simple_starproject_tester,../scripts/../src/main/star/simple_starproject_tester.f90,run_all_starproject_tests,subroutine,public,36
simple_starproject_tester,../scripts/../src/main/star/simple_starproject_tester.f90,setup_tmpdir,subroutine,private,76
simple_starproject_tester,../scripts/../src/main/star/simple_starproject_tester.f90,test_large_particle_table_export,subroutine,private,523
simple_starproject_tester,../scripts/../src/main/star/simple_starproject_tester.f90,test_optics_clustering_basic,subroutine,private,687
simple_starproject_tester,../scripts/../src/main/star/simple_starproject_tester.f90,test_particle_export_readback,subroutine,private,138
simple_starproject_tester,../scripts/../src/main/star/simple_starproject_tester.f90,test_relion_allocate_opticsgroups,subroutine,private,379
simple_starproject_tester,../scripts/../src/main/star/simple_starproject_tester.f90,test_relion_epu_tiltgroups,subroutine,private,330
simple_starproject_tester,../scripts/../src/main/star/simple_starproject_tester.f90,test_relion_find_movienames,subroutine,private,309
simple_starproject_tester,../scripts/../src/main/star/simple_starproject_tester.f90,test_relion_single_tiltgroup,subroutine,private,357
simple_starproject_tester,../scripts/../src/main/star/simple_starproject_tester.f90,test_relion_write_corrected_micrographs_star,subroutine,private,401
simple_starproject_tester,../scripts/../src/main/star/simple_starproject_tester.f90,test_relion_write_micrographs_star,subroutine,private,437
simple_starproject_tester,../scripts/../src/main/star/simple_starproject_tester.f90,test_relion_write_particles2D_star,subroutine,private,476
simple_starproject_tester,../scripts/../src/main/star/simple_starproject_tester.f90,test_relion_writer_micrographs,subroutine,private,752
simple_starproject_tester,../scripts/../src/main/star/simple_starproject_tester.f90,test_roundtrip_micrographs,subroutine,private,784
simple_starproject_tester,../scripts/../src/main/star/simple_starproject_tester.f90,test_star_export_micrographs,subroutine,private,652
simple_starproject_tester,../scripts/../src/main/star/simple_starproject_tester.f90,test_star_micrographs_readback,subroutine,private,590
simple_starproject_tester,../scripts/../src/main/star/simple_starproject_tester.f90,test_starfile_append_mode,subroutine,private,225
simple_starproject_tester,../scripts/../src/main/star/simple_starproject_tester.f90,test_starfile_basic_init,subroutine,private,171
simple_starproject_tester,../scripts/../src/main/star/simple_starproject_tester.f90,test_starfile_multiple_tables,subroutine,private,265
simple_starproject_tester,../scripts/../src/main/star/simple_starproject_tester.f90,test_starfile_write_and_readback,subroutine,private,188
simple_starproject_tester,../scripts/../src/main/star/simple_starproject_tester.f90,test_write_omem_parallel_stability,subroutine,private,558
simple_starproject_tester,../scripts/../src/main/star/simple_starproject_tester.f90,test_xml_tiltinfo,subroutine,private,713
simple_starproject_tester,../scripts/../src/main/star/simple_starproject_tester.f90,tmpfile,function,private,103
simple_starproject_tester,../scripts/../src/main/star/simple_starproject_tester.f90,write_textfile,subroutine,private,110
simple_starproject_utils,../scripts/../src/main/star/simple_starproject_utils.f90,center_boxes,subroutine,public,175
simple_starproject_utils,../scripts/../src/main/star/simple_starproject_utils.f90,enable_rlnflag,subroutine,public,80
simple_starproject_utils,../scripts/../src/main/star/simple_starproject_utils.f90,enable_splflag,subroutine,public,94
simple_starproject_utils,../scripts/../src/main/star/simple_starproject_utils.f90,enable_splflags,subroutine,public,109
simple_starproject_utils,../scripts/../src/main/star/simple_starproject_utils.f90,find_separators,subroutine,public,299
simple_starproject_utils,../scripts/../src/main/star/simple_starproject_utils.f90,get_rlnflagindex,subroutine,public,140
simple_starproject_utils,../scripts/../src/main/star/simple_starproject_utils.f90,h_clust,subroutine,public,194
simple_starproject_utils,../scripts/../src/main/star/simple_starproject_utils.f90,split_dataline,subroutine,public,154
simple_strategy2D,../scripts/../src/main/strategies/search/simple_strategy2D.f90,generic_kill,subroutine,private,42
simple_strategy2D,../scripts/../src/main/strategies/search/simple_strategy2D.f90,generic_new,subroutine,private,24
simple_strategy2D,../scripts/../src/main/strategies/search/simple_strategy2D.f90,generic_srch,subroutine,private,35
simple_strategy2D,../scripts/../src/main/strategies/search/simple_strategy2D.f90,strategy2D,type,public,13
simple_strategy2D,../scripts/../src/main/strategies/search/simple_strategy2D.f90,strategy2D_per_ptcl,type,public,52
simple_strategy2D_alloc,../scripts/../src/main/strategies/search/simple_strategy2D_alloc.f90,clean_strategy2D,subroutine,public,40
simple_strategy2D_alloc,../scripts/../src/main/strategies/search/simple_strategy2D_alloc.f90,prep_strategy2D_batch,subroutine,public,131
simple_strategy2D_alloc,../scripts/../src/main/strategies/search/simple_strategy2D_alloc.f90,prep_strategy2D_glob,subroutine,public,60
simple_strategy2D_alloc,../scripts/../src/main/strategies/search/simple_strategy2D_alloc.f90,prep_strategy2D_thread,subroutine,public,167
simple_strategy2D_alloc,../scripts/../src/main/strategies/search/simple_strategy2D_alloc.f90,set_strategy2D_stoch_bound,subroutine,public,52
simple_strategy2D_eval,../scripts/../src/main/strategies/search/simple_strategy2D_eval.f90,kill_eval,subroutine,private,55
simple_strategy2D_eval,../scripts/../src/main/strategies/search/simple_strategy2D_eval.f90,new_eval,subroutine,private,23
simple_strategy2D_eval,../scripts/../src/main/strategies/search/simple_strategy2D_eval.f90,srch_eval,subroutine,private,32
simple_strategy2D_eval,../scripts/../src/main/strategies/search/simple_strategy2D_eval.f90,strategy2D_eval,type,public,14
simple_strategy2D_greedy,../scripts/../src/main/strategies/search/simple_strategy2D_greedy.f90,kill_greedy,subroutine,private,82
simple_strategy2D_greedy,../scripts/../src/main/strategies/search/simple_strategy2D_greedy.f90,new_greedy,subroutine,private,26
simple_strategy2D_greedy,../scripts/../src/main/strategies/search/simple_strategy2D_greedy.f90,srch_greedy,subroutine,private,35
simple_strategy2D_greedy,../scripts/../src/main/strategies/search/simple_strategy2D_greedy.f90,strategy2D_greedy,type,public,17
simple_strategy2D_greedy_smpl,../scripts/../src/main/strategies/search/simple_strategy2D_greedy_smpl.f90,kill_greedy_smpl,subroutine,private,127
simple_strategy2D_greedy_smpl,../scripts/../src/main/strategies/search/simple_strategy2D_greedy_smpl.f90,new_greedy_smpl,subroutine,private,26
simple_strategy2D_greedy_smpl,../scripts/../src/main/strategies/search/simple_strategy2D_greedy_smpl.f90,srch_greedy_smpl,subroutine,private,35
simple_strategy2D_greedy_smpl,../scripts/../src/main/strategies/search/simple_strategy2D_greedy_smpl.f90,strategy2D_greedy_smpl,type,public,17
simple_strategy2D_inpl,../scripts/../src/main/strategies/search/simple_strategy2D_inpl.f90,kill_inpl,subroutine,private,56
simple_strategy2D_inpl,../scripts/../src/main/strategies/search/simple_strategy2D_inpl.f90,new_inpl,subroutine,private,23
simple_strategy2D_inpl,../scripts/../src/main/strategies/search/simple_strategy2D_inpl.f90,srch_inpl,subroutine,private,32
simple_strategy2D_inpl,../scripts/../src/main/strategies/search/simple_strategy2D_inpl.f90,strategy2D_inpl,type,public,14
simple_strategy2D_inpl_smpl,../scripts/../src/main/strategies/search/simple_strategy2D_inpl_smpl.f90,kill_inpl_smpl,subroutine,private,119
simple_strategy2D_inpl_smpl,../scripts/../src/main/strategies/search/simple_strategy2D_inpl_smpl.f90,new_inpl_smpl,subroutine,private,25
simple_strategy2D_inpl_smpl,../scripts/../src/main/strategies/search/simple_strategy2D_inpl_smpl.f90,srch_inpl_smpl,subroutine,private,34
simple_strategy2D_inpl_smpl,../scripts/../src/main/strategies/search/simple_strategy2D_inpl_smpl.f90,strategy2D_inpl_smpl,type,public,16
simple_strategy2D_matcher,../scripts/../src/main/strategies/search/simple_strategy2D_matcher.f90,allocate_strategy_for_particle,subroutine,private,370
simple_strategy2D_matcher,../scripts/../src/main/strategies/search/simple_strategy2D_matcher.f90,build_batch_particles_local,subroutine,private,363
simple_strategy2D_matcher,../scripts/../src/main/strategies/search/simple_strategy2D_matcher.f90,cleanup_search_state,subroutine,private,443
simple_strategy2D_matcher,../scripts/../src/main/strategies/search/simple_strategy2D_matcher.f90,cluster2D_ctrl,type,private,52
simple_strategy2D_matcher,../scripts/../src/main/strategies/search/simple_strategy2D_matcher.f90,cluster2D_exec,subroutine,public,89
simple_strategy2D_matcher,../scripts/../src/main/strategies/search/simple_strategy2D_matcher.f90,compute_neigh_frac,subroutine,private,313
simple_strategy2D_matcher,../scripts/../src/main/strategies/search/simple_strategy2D_matcher.f90,display,subroutine,private,566
simple_strategy2D_matcher,../scripts/../src/main/strategies/search/simple_strategy2D_matcher.f90,ensure_even_odd_partition,subroutine,private,335
simple_strategy2D_matcher,../scripts/../src/main/strategies/search/simple_strategy2D_matcher.f90,finalize_restoration_and_convergence,subroutine,private,470
simple_strategy2D_matcher,../scripts/../src/main/strategies/search/simple_strategy2D_matcher.f90,init_ctrl,subroutine,private,232
simple_strategy2D_matcher,../scripts/../src/main/strategies/search/simple_strategy2D_matcher.f90,maybe_write_bench,subroutine,private,521
simple_strategy2D_matcher,../scripts/../src/main/strategies/search/simple_strategy2D_matcher.f90,prepare_alignment_references,subroutine,private,352
simple_strategy2D_matcher,../scripts/../src/main/strategies/search/simple_strategy2D_matcher.f90,prepare_batches,subroutine,private,327
simple_strategy2D_matcher,../scripts/../src/main/strategies/search/simple_strategy2D_matcher.f90,prepare_class_averages_and_restoration,subroutine,private,343
simple_strategy2D_matcher,../scripts/../src/main/strategies/search/simple_strategy2D_matcher.f90,report_stream_batch,subroutine,private,584
simple_strategy2D_matcher,../scripts/../src/main/strategies/search/simple_strategy2D_matcher.f90,reset_sgd_stream_dispatch_count,subroutine,public,73
simple_strategy2D_matcher,../scripts/../src/main/strategies/search/simple_strategy2D_matcher.f90,restore_class_averages_for_batch,subroutine,private,435
simple_strategy2D_matcher,../scripts/../src/main/strategies/search/simple_strategy2D_matcher.f90,sample_particles_for_update,subroutine,private,302
simple_strategy2D_matcher,../scripts/../src/main/strategies/search/simple_strategy2D_matcher.f90,set_b_p_ptrs2D,subroutine,public,81
simple_strategy2D_matcher,../scripts/../src/main/strategies/search/simple_strategy2D_matcher.f90,write_orientations,subroutine,private,461
simple_strategy2D_prob,../scripts/../src/main/strategies/search/simple_strategy2D_prob.f90,kill_prob,subroutine,private,68
simple_strategy2D_prob,../scripts/../src/main/strategies/search/simple_strategy2D_prob.f90,new_prob,subroutine,private,26
simple_strategy2D_prob,../scripts/../src/main/strategies/search/simple_strategy2D_prob.f90,srch_prob,subroutine,private,35
simple_strategy2D_prob,../scripts/../src/main/strategies/search/simple_strategy2D_prob.f90,strategy2D_prob,type,public,17
simple_strategy2D_snhc,../scripts/../src/main/strategies/search/simple_strategy2D_snhc.f90,kill_snhc,subroutine,private,101
simple_strategy2D_snhc,../scripts/../src/main/strategies/search/simple_strategy2D_snhc.f90,new_snhc,subroutine,private,24
simple_strategy2D_snhc,../scripts/../src/main/strategies/search/simple_strategy2D_snhc.f90,srch_snhc,subroutine,private,33
simple_strategy2D_snhc,../scripts/../src/main/strategies/search/simple_strategy2D_snhc.f90,strategy2D_snhc,type,public,15
simple_strategy2D_snhc_smpl,../scripts/../src/main/strategies/search/simple_strategy2D_snhc_smpl.f90,kill_snhc_smpl,subroutine,private,154
simple_strategy2D_snhc_smpl,../scripts/../src/main/strategies/search/simple_strategy2D_snhc_smpl.f90,new_snhc_smpl,subroutine,private,25
simple_strategy2D_snhc_smpl,../scripts/../src/main/strategies/search/simple_strategy2D_snhc_smpl.f90,srch_snhc_smpl,subroutine,private,34
simple_strategy2D_snhc_smpl,../scripts/../src/main/strategies/search/simple_strategy2D_snhc_smpl.f90,strategy2D_snhc_smpl,type,public,16
simple_strategy2D_snhc_smpl_many,../scripts/../src/main/strategies/search/simple_strategy2D_snhc_smpl_many.f90,kill_snhc_smpl_many,subroutine,private,109
simple_strategy2D_snhc_smpl_many,../scripts/../src/main/strategies/search/simple_strategy2D_snhc_smpl_many.f90,new_snhc_smpl_many,subroutine,private,26
simple_strategy2D_snhc_smpl_many,../scripts/../src/main/strategies/search/simple_strategy2D_snhc_smpl_many.f90,srch_snhc_smpl_many,subroutine,private,35
simple_strategy2D_snhc_smpl_many,../scripts/../src/main/strategies/search/simple_strategy2D_snhc_smpl_many.f90,strategy2D_snhc_smpl_many,type,public,17
simple_strategy2D_srch,../scripts/../src/main/strategies/search/simple_strategy2D_srch.f90,assign_ori,subroutine,private,530
simple_strategy2D_srch,../scripts/../src/main/strategies/search/simple_strategy2D_srch.f90,get_continuous_route_status,subroutine,private,442
simple_strategy2D_srch,../scripts/../src/main/strategies/search/simple_strategy2D_srch.f90,inpl_srch,subroutine,private,284
simple_strategy2D_srch,../scripts/../src/main/strategies/search/simple_strategy2D_srch.f90,inpl_srch_first,subroutine,private,241
simple_strategy2D_srch,../scripts/../src/main/strategies/search/simple_strategy2D_srch.f90,inpl_srch_peaks,subroutine,private,451
simple_strategy2D_srch,../scripts/../src/main/strategies/search/simple_strategy2D_srch.f90,kill,subroutine,private,621
simple_strategy2D_srch,../scripts/../src/main/strategies/search/simple_strategy2D_srch.f90,new,subroutine,private,83
simple_strategy2D_srch,../scripts/../src/main/strategies/search/simple_strategy2D_srch.f90,prep4srch,subroutine,private,159
simple_strategy2D_srch,../scripts/../src/main/strategies/search/simple_strategy2D_srch.f90,refine_selected_continuously,subroutine,private,356
simple_strategy2D_srch,../scripts/../src/main/strategies/search/simple_strategy2D_srch.f90,store_continuous_e3,subroutine,private,419
simple_strategy2D_srch,../scripts/../src/main/strategies/search/simple_strategy2D_srch.f90,store_solution,subroutine,private,501
simple_strategy2D_tseries,../scripts/../src/main/strategies/search/simple_strategy2D_tseries.f90,kill_tseries,subroutine,private,97
simple_strategy2D_tseries,../scripts/../src/main/strategies/search/simple_strategy2D_tseries.f90,new_tseries,subroutine,private,26
simple_strategy2D_tseries,../scripts/../src/main/strategies/search/simple_strategy2D_tseries.f90,per_ref_srch,subroutine,private,77
simple_strategy2D_tseries,../scripts/../src/main/strategies/search/simple_strategy2D_tseries.f90,srch_tseries,subroutine,private,35
simple_strategy2D_tseries,../scripts/../src/main/strategies/search/simple_strategy2D_tseries.f90,strategy2D_tseries,type,public,17
simple_strategy2D_utils,../scripts/../src/main/strategies/search/simple_strategy2D_utils.f90,align_and_score_cavg_clusters,function,public,542
simple_strategy2D_utils,../scripts/../src/main/strategies/search/simple_strategy2D_utils.f90,align_clusters2medoids,function,private,644
simple_strategy2D_utils,../scripts/../src/main/strategies/search/simple_strategy2D_utils.f90,calc_cavg_offset,subroutine,public,1043
simple_strategy2D_utils,../scripts/../src/main/strategies/search/simple_strategy2D_utils.f90,calc_cavg_pairwise_algninfo,function,public,457
simple_strategy2D_utils,../scripts/../src/main/strategies/search/simple_strategy2D_utils.f90,calc_cavg_sigstats_components,subroutine,public,317
simple_strategy2D_utils,../scripts/../src/main/strategies/search/simple_strategy2D_utils.f90,calc_cc_and_res_dmats,subroutine,private,428
simple_strategy2D_utils,../scripts/../src/main/strategies/search/simple_strategy2D_utils.f90,calc_cc_and_res_dmats_ref,subroutine,private,469
simple_strategy2D_utils,../scripts/../src/main/strategies/search/simple_strategy2D_utils.f90,calc_cluster_cavgs_dmat,function,public,496
simple_strategy2D_utils,../scripts/../src/main/strategies/search/simple_strategy2D_utils.f90,calc_match_cavgs_dmat,function,public,519
simple_strategy2D_utils,../scripts/../src/main/strategies/search/simple_strategy2D_utils.f90,calc_scores,subroutine,private,577
simple_strategy2D_utils,../scripts/../src/main/strategies/search/simple_strategy2D_utils.f90,calc_sigstats_dmats,subroutine,private,305
simple_strategy2D_utils,../scripts/../src/main/strategies/search/simple_strategy2D_utils.f90,calc_sigstats_dmats_ref,subroutine,private,378
simple_strategy2D_utils,../scripts/../src/main/strategies/search/simple_strategy2D_utils.f90,cavg_sigstats_matrices,type,private,31
simple_strategy2D_utils,../scripts/../src/main/strategies/search/simple_strategy2D_utils.f90,flag_non_junk_cavgs,subroutine,public,229
simple_strategy2D_utils,../scripts/../src/main/strategies/search/simple_strategy2D_utils.f90,id_junk,subroutine,public,135
simple_strategy2D_utils,../scripts/../src/main/strategies/search/simple_strategy2D_utils.f90,id_junk_and_prep_cavgs4clust,subroutine,public,47
simple_strategy2D_utils,../scripts/../src/main/strategies/search/simple_strategy2D_utils.f90,identify_good_bad_clusters,subroutine,private,631
simple_strategy2D_utils,../scripts/../src/main/strategies/search/simple_strategy2D_utils.f90,kill_cavg_sigstats_matrices,subroutine,private,368
simple_strategy2D_utils,../scripts/../src/main/strategies/search/simple_strategy2D_utils.f90,match_imgs,function,private,860
simple_strategy2D_utils,../scripts/../src/main/strategies/search/simple_strategy2D_utils.f90,match_imgs2ref,function,private,729
simple_strategy2D_utils,../scripts/../src/main/strategies/search/simple_strategy2D_utils.f90,prep_cavgs4clust,subroutine,public,153
simple_strategy2D_utils,../scripts/../src/main/strategies/search/simple_strategy2D_utils.f90,rank_clusters,subroutine,private,612
simple_strategy2D_utils,../scripts/../src/main/strategies/search/simple_strategy2D_utils.f90,rtsq_imgs,subroutine,private,1021
simple_strategy2D_utils,../scripts/../src/main/strategies/search/simple_strategy2D_utils.f90,test_cavg_registration,subroutine,public,1082
simple_strategy2D_utils,../scripts/../src/main/strategies/search/simple_strategy2D_utils.f90,write_aligned_cavgs,subroutine,public,711
simple_strategy3D,../scripts/../src/main/strategies/search/simple_strategy3D.f90,generic_kill,subroutine,private,48
simple_strategy3D,../scripts/../src/main/strategies/search/simple_strategy3D.f90,generic_new,subroutine,private,24
simple_strategy3D,../scripts/../src/main/strategies/search/simple_strategy3D.f90,generic_oris_assign,subroutine,private,43
simple_strategy3D,../scripts/../src/main/strategies/search/simple_strategy3D.f90,generic_srch,subroutine,private,35
simple_strategy3D,../scripts/../src/main/strategies/search/simple_strategy3D.f90,strategy3D,type,public,12
simple_strategy3D_alloc,../scripts/../src/main/strategies/search/simple_strategy3D_alloc.f90,clean_strategy3D,subroutine,public,121
simple_strategy3D_alloc,../scripts/../src/main/strategies/search/simple_strategy3D_alloc.f90,prep_strategy3D,subroutine,public,36
simple_strategy3D_alloc,../scripts/../src/main/strategies/search/simple_strategy3D_alloc.f90,prep_strategy3D_thread,subroutine,public,107
simple_strategy3D_alloc,../scripts/../src/main/strategies/search/simple_strategy3D_alloc.f90,seed_continuous_inplane_candidate,subroutine,public,160
simple_strategy3D_eval,../scripts/../src/main/strategies/search/simple_strategy3D_eval.f90,kill_eval,subroutine,private,53
simple_strategy3D_eval,../scripts/../src/main/strategies/search/simple_strategy3D_eval.f90,new_eval,subroutine,private,24
simple_strategy3D_eval,../scripts/../src/main/strategies/search/simple_strategy3D_eval.f90,oris_assign_eval,subroutine,private,48
simple_strategy3D_eval,../scripts/../src/main/strategies/search/simple_strategy3D_eval.f90,srch_eval,subroutine,private,34
simple_strategy3D_eval,../scripts/../src/main/strategies/search/simple_strategy3D_eval.f90,strategy3D_eval,type,public,14
simple_strategy3D_greedy,../scripts/../src/main/strategies/search/simple_strategy3D_greedy.f90,kill_greedy,subroutine,private,79
simple_strategy3D_greedy,../scripts/../src/main/strategies/search/simple_strategy3D_greedy.f90,new_greedy,subroutine,private,26
simple_strategy3D_greedy,../scripts/../src/main/strategies/search/simple_strategy3D_greedy.f90,oris_assign_greedy,subroutine,private,74
simple_strategy3D_greedy,../scripts/../src/main/strategies/search/simple_strategy3D_greedy.f90,srch_greedy,subroutine,private,36
simple_strategy3D_greedy,../scripts/../src/main/strategies/search/simple_strategy3D_greedy.f90,strategy3D_greedy,type,public,16
simple_strategy3D_greedy_inpl,../scripts/../src/main/strategies/search/simple_strategy3D_greedy_inpl.f90,kill_greedy_inpl,subroutine,private,62
simple_strategy3D_greedy_inpl,../scripts/../src/main/strategies/search/simple_strategy3D_greedy_inpl.f90,new_greedy_inpl,subroutine,private,26
simple_strategy3D_greedy_inpl,../scripts/../src/main/strategies/search/simple_strategy3D_greedy_inpl.f90,oris_assign_greedy_inpl,subroutine,private,57
simple_strategy3D_greedy_inpl,../scripts/../src/main/strategies/search/simple_strategy3D_greedy_inpl.f90,srch_greedy_inpl,subroutine,private,36
simple_strategy3D_greedy_inpl,../scripts/../src/main/strategies/search/simple_strategy3D_greedy_inpl.f90,strategy3D_greedy_inpl,type,public,16
simple_strategy3D_greedy_smpl,../scripts/../src/main/strategies/search/simple_strategy3D_greedy_smpl.f90,kill_greedy_smpl,subroutine,private,99
simple_strategy3D_greedy_smpl,../scripts/../src/main/strategies/search/simple_strategy3D_greedy_smpl.f90,new_greedy_smpl,subroutine,private,27
simple_strategy3D_greedy_smpl,../scripts/../src/main/strategies/search/simple_strategy3D_greedy_smpl.f90,oris_assign_greedy_smpl,subroutine,private,94
simple_strategy3D_greedy_smpl,../scripts/../src/main/strategies/search/simple_strategy3D_greedy_smpl.f90,srch_greedy_smpl,subroutine,private,37
simple_strategy3D_greedy_smpl,../scripts/../src/main/strategies/search/simple_strategy3D_greedy_smpl.f90,strategy3D_greedy_smpl,type,public,17
simple_strategy3D_greedy_sub,../scripts/../src/main/strategies/search/simple_strategy3D_greedy_sub.f90,kill_greedy_sub,subroutine,private,151
simple_strategy3D_greedy_sub,../scripts/../src/main/strategies/search/simple_strategy3D_greedy_sub.f90,new_greedy_sub,subroutine,private,27
simple_strategy3D_greedy_sub,../scripts/../src/main/strategies/search/simple_strategy3D_greedy_sub.f90,oris_assign_greedy_sub,subroutine,private,146
simple_strategy3D_greedy_sub,../scripts/../src/main/strategies/search/simple_strategy3D_greedy_sub.f90,srch_greedy_sub,subroutine,private,37
simple_strategy3D_greedy_sub,../scripts/../src/main/strategies/search/simple_strategy3D_greedy_sub.f90,strategy3D_greedy_sub,type,public,17
simple_strategy3D_matcher,../scripts/../src/main/strategies/search/simple_strategy3D_matcher.f90,build_batch_particles_local,subroutine,private,341
simple_strategy3D_matcher,../scripts/../src/main/strategies/search/simple_strategy3D_matcher.f90,choose_and_run_strategy,subroutine,private,348
simple_strategy3D_matcher,../scripts/../src/main/strategies/search/simple_strategy3D_matcher.f90,ensure_even_odd_partition,subroutine,private,286
simple_strategy3D_matcher,../scripts/../src/main/strategies/search/simple_strategy3D_matcher.f90,init_ctrl,subroutine,private,263
simple_strategy3D_matcher,../scripts/../src/main/strategies/search/simple_strategy3D_matcher.f90,maybe_write_orientations,subroutine,private,412
simple_strategy3D_matcher,../scripts/../src/main/strategies/search/simple_strategy3D_matcher.f90,prepare_particles_batches,subroutine,private,314
simple_strategy3D_matcher,../scripts/../src/main/strategies/search/simple_strategy3D_matcher.f90,prepare_refs_sigmas_and_pftc,subroutine,private,322
simple_strategy3D_matcher,../scripts/../src/main/strategies/search/simple_strategy3D_matcher.f90,print_flags,subroutine,private,435
simple_strategy3D_matcher,../scripts/../src/main/strategies/search/simple_strategy3D_matcher.f90,refine3D_ctrl,type,private,37
simple_strategy3D_matcher,../scripts/../src/main/strategies/search/simple_strategy3D_matcher.f90,refine3D_exec,subroutine,public,53
simple_strategy3D_matcher,../scripts/../src/main/strategies/search/simple_strategy3D_matcher.f90,sample_particles_for_update,subroutine,private,294
simple_strategy3D_matcher,../scripts/../src/main/strategies/search/simple_strategy3D_matcher.f90,strategy3D_per_ptcl,type,private,63
simple_strategy3D_prob,../scripts/../src/main/strategies/search/simple_strategy3D_prob.f90,assign_state_fixed,subroutine,private,88
simple_strategy3D_prob,../scripts/../src/main/strategies/search/simple_strategy3D_prob.f90,kill_prob,subroutine,private,112
simple_strategy3D_prob,../scripts/../src/main/strategies/search/simple_strategy3D_prob.f90,new_prob,subroutine,private,27
simple_strategy3D_prob,../scripts/../src/main/strategies/search/simple_strategy3D_prob.f90,oris_assign_prob,subroutine,private,108
simple_strategy3D_prob,../scripts/../src/main/strategies/search/simple_strategy3D_prob.f90,srch_prob,subroutine,private,37
simple_strategy3D_prob,../scripts/../src/main/strategies/search/simple_strategy3D_prob.f90,strategy3D_prob,type,public,17
simple_strategy3D_shc,../scripts/../src/main/strategies/search/simple_strategy3D_shc.f90,kill_shc,subroutine,private,86
simple_strategy3D_shc,../scripts/../src/main/strategies/search/simple_strategy3D_shc.f90,new_shc,subroutine,private,26
simple_strategy3D_shc,../scripts/../src/main/strategies/search/simple_strategy3D_shc.f90,oris_assign_shc,subroutine,private,81
simple_strategy3D_shc,../scripts/../src/main/strategies/search/simple_strategy3D_shc.f90,srch_shc,subroutine,private,36
simple_strategy3D_shc,../scripts/../src/main/strategies/search/simple_strategy3D_shc.f90,strategy3D_shc,type,public,16
simple_strategy3D_shc_smpl,../scripts/../src/main/strategies/search/simple_strategy3D_shc_smpl.f90,kill_shc_smpl,subroutine,private,105
simple_strategy3D_shc_smpl,../scripts/../src/main/strategies/search/simple_strategy3D_shc_smpl.f90,new_shc_smpl,subroutine,private,27
simple_strategy3D_shc_smpl,../scripts/../src/main/strategies/search/simple_strategy3D_shc_smpl.f90,oris_assign_shc_smpl,subroutine,private,100
simple_strategy3D_shc_smpl,../scripts/../src/main/strategies/search/simple_strategy3D_shc_smpl.f90,srch_shc_smpl,subroutine,private,37
simple_strategy3D_shc_smpl,../scripts/../src/main/strategies/search/simple_strategy3D_shc_smpl.f90,strategy3D_shc_smpl,type,public,17
simple_strategy3D_snhc_smpl,../scripts/../src/main/strategies/search/simple_strategy3D_snhc_smpl.f90,kill_snhc_smpl,subroutine,private,126
simple_strategy3D_snhc_smpl,../scripts/../src/main/strategies/search/simple_strategy3D_snhc_smpl.f90,new_snhc_smpl,subroutine,private,29
simple_strategy3D_snhc_smpl,../scripts/../src/main/strategies/search/simple_strategy3D_snhc_smpl.f90,oris_assign_snhc_smpl,subroutine,private,121
simple_strategy3D_snhc_smpl,../scripts/../src/main/strategies/search/simple_strategy3D_snhc_smpl.f90,srch_snhc_smpl,subroutine,private,39
simple_strategy3D_snhc_smpl,../scripts/../src/main/strategies/search/simple_strategy3D_snhc_smpl.f90,strategy3D_snhc_smpl,type,public,19
simple_strategy3D_srch,../scripts/../src/main/strategies/search/simple_strategy3D_srch.f90,get_continuous_route_status,subroutine,private,524
simple_strategy3D_srch,../scripts/../src/main/strategies/search/simple_strategy3D_srch.f90,inpl_srch,subroutine,private,253
simple_strategy3D_srch,../scripts/../src/main/strategies/search/simple_strategy3D_srch.f90,inpl_srch_first,subroutine,private,233
simple_strategy3D_srch,../scripts/../src/main/strategies/search/simple_strategy3D_srch.f90,inpl_srch_peaks,subroutine,private,282
simple_strategy3D_srch,../scripts/../src/main/strategies/search/simple_strategy3D_srch.f90,kill,subroutine,private,534
simple_strategy3D_srch,../scripts/../src/main/strategies/search/simple_strategy3D_srch.f90,new,subroutine,private,90
simple_strategy3D_srch,../scripts/../src/main/strategies/search/simple_strategy3D_srch.f90,prep4prob,subroutine,private,158
simple_strategy3D_srch,../scripts/../src/main/strategies/search/simple_strategy3D_srch.f90,prep4srch,subroutine,private,180
simple_strategy3D_srch,../scripts/../src/main/strategies/search/simple_strategy3D_srch.f90,refine_assignment_continuously,subroutine,private,407
simple_strategy3D_srch,../scripts/../src/main/strategies/search/simple_strategy3D_srch.f90,refine_selected_continuously,subroutine,private,336
simple_strategy3D_srch,../scripts/../src/main/strategies/search/simple_strategy3D_srch.f90,store_continuous_solution,subroutine,private,486
simple_strategy3D_srch,../scripts/../src/main/strategies/search/simple_strategy3D_srch.f90,store_discrete_seed_solution,subroutine,private,501
simple_strategy3D_srch,../scripts/../src/main/strategies/search/simple_strategy3D_srch.f90,store_solution,subroutine,private,306
simple_strategy3D_utils,../scripts/../src/main/strategies/search/simple_strategy3D_utils.f90,assign_ori,subroutine,public,29
simple_strategy3D_utils,../scripts/../src/main/strategies/search/simple_strategy3D_utils.f90,extract_peak_ori,subroutine,public,146
simple_strategy3D_utils,../scripts/../src/main/strategies/search/simple_strategy3D_utils.f90,extract_peak_oris,subroutine,public,169
simple_stream_abinitio2D_chunks,../scripts/../src/main/stream/simple_stream_abinitio2D_chunks.f90,analyze_first_available_chunk,subroutine,public,146
simple_stream_abinitio2D_chunks,../scripts/../src/main/stream/simple_stream_abinitio2D_chunks.f90,exec_stream_abinitio2D_chunks,subroutine,public,31
simple_stream_abinitio2D_chunks,../scripts/../src/main/stream/simple_stream_abinitio2D_chunks.f90,flag_converged_chunks,subroutine,public,164
simple_stream_abinitio2D_chunks,../scripts/../src/main/stream/simple_stream_abinitio2D_chunks.f90,generate_chunk_projects,subroutine,public,175
simple_stream_abinitio2D_chunks,../scripts/../src/main/stream/simple_stream_abinitio2D_chunks.f90,init_one_chunk,subroutine,public,135
simple_stream_abinitio2D_chunks,../scripts/../src/main/stream/simple_stream_abinitio2D_chunks.f90,stream_abinitio2D_chunks,type,public,24
simple_stream_chunk,../scripts/../src/main/stream/simple_stream_chunk.f90,analyze2D,subroutine,private,189
simple_stream_chunk,../scripts/../src/main/stream/simple_stream_chunk.f90,assign,subroutine,private,141
simple_stream_chunk,../scripts/../src/main/stream/simple_stream_chunk.f90,average_into,subroutine,private,325
simple_stream_chunk,../scripts/../src/main/stream/simple_stream_chunk.f90,calc_sigma2,subroutine,private,248
simple_stream_chunk,../scripts/../src/main/stream/simple_stream_chunk.f90,copy,subroutine,private,120
simple_stream_chunk,../scripts/../src/main/stream/simple_stream_chunk.f90,debug_print,subroutine,private,63
simple_stream_chunk,../scripts/../src/main/stream/simple_stream_chunk.f90,display_iter,subroutine,private,442
simple_stream_chunk,../scripts/../src/main/stream/simple_stream_chunk.f90,gen_final_cavgs,subroutine,private,379
simple_stream_chunk,../scripts/../src/main/stream/simple_stream_chunk.f90,generate,subroutine,private,147
simple_stream_chunk,../scripts/../src/main/stream/simple_stream_chunk.f90,get_projfile_fname,function,private,182
simple_stream_chunk,../scripts/../src/main/stream/simple_stream_chunk.f90,init_chunk,subroutine,private,72
simple_stream_chunk,../scripts/../src/main/stream/simple_stream_chunk.f90,is_available,function,private,170
simple_stream_chunk,../scripts/../src/main/stream/simple_stream_chunk.f90,kill,subroutine,private,501
simple_stream_chunk,../scripts/../src/main/stream/simple_stream_chunk.f90,print_info,subroutine,private,490
simple_stream_chunk,../scripts/../src/main/stream/simple_stream_chunk.f90,read,subroutine,private,301
simple_stream_chunk,../scripts/../src/main/stream/simple_stream_chunk.f90,remove_folder,subroutine,private,411
simple_stream_chunk,../scripts/../src/main/stream/simple_stream_chunk.f90,split_sigmas_into,subroutine,private,351
simple_stream_chunk,../scripts/../src/main/stream/simple_stream_chunk.f90,terminate_chunk,subroutine,private,420
simple_stream_chunk,../scripts/../src/main/stream/simple_stream_chunk.f90,to_analyze2D,function,private,176
simple_stream_chunk2D_utils,../scripts/../src/main/stream/simple_stream_chunk2D_utils.f90,analyze2D_new_chunks,subroutine,public,139
simple_stream_chunk2D_utils,../scripts/../src/main/stream/simple_stream_chunk2D_utils.f90,init_chunk_clustering,subroutine,public,31
simple_stream_chunk2D_utils,../scripts/../src/main/stream/simple_stream_chunk2D_utils.f90,memoize_chunks,subroutine,public,220
simple_stream_chunk2D_utils,../scripts/../src/main/stream/simple_stream_chunk2D_utils.f90,set_chunk_dimensions,subroutine,private,275
simple_stream_chunk2D_utils,../scripts/../src/main/stream/simple_stream_chunk2D_utils.f90,update_chunks,subroutine,public,293
simple_stream_cluster2D_utils,../scripts/../src/main/stream/simple_stream_cluster2D_utils.f90,apply_snapshot_selection,subroutine,private,45
simple_stream_cluster2D_utils,../scripts/../src/main/stream/simple_stream_cluster2D_utils.f90,cleanup_root_folder,subroutine,public,92
simple_stream_cluster2D_utils,../scripts/../src/main/stream/simple_stream_cluster2D_utils.f90,consolidate_sigmas,subroutine,public,124
simple_stream_cluster2D_utils,../scripts/../src/main/stream/simple_stream_cluster2D_utils.f90,debug_print,subroutine,private,161
simple_stream_cluster2D_utils,../scripts/../src/main/stream/simple_stream_cluster2D_utils.f90,get_latest_optics_map,subroutine,private,390
simple_stream_cluster2D_utils,../scripts/../src/main/stream/simple_stream_cluster2D_utils.f90,get_latest_optics_map,subroutine,private,740
simple_stream_cluster2D_utils,../scripts/../src/main/stream/simple_stream_cluster2D_utils.f90,log_rss,subroutine,private,714
simple_stream_cluster2D_utils,../scripts/../src/main/stream/simple_stream_cluster2D_utils.f90,rank_cavgs,subroutine,private,182
simple_stream_cluster2D_utils,../scripts/../src/main/stream/simple_stream_cluster2D_utils.f90,rescale_cavgs,subroutine,private,196
simple_stream_cluster2D_utils,../scripts/../src/main/stream/simple_stream_cluster2D_utils.f90,rescale_refs,subroutine,private,763
simple_stream_cluster2D_utils,../scripts/../src/main/stream/simple_stream_cluster2D_utils.f90,set_dimensions,subroutine,private,237
simple_stream_cluster2D_utils,../scripts/../src/main/stream/simple_stream_cluster2D_utils.f90,set_resolution_limits,subroutine,private,259
simple_stream_cluster2D_utils,../scripts/../src/main/stream/simple_stream_cluster2D_utils.f90,set_snapshot_time,subroutine,private,727
simple_stream_cluster2D_utils,../scripts/../src/main/stream/simple_stream_cluster2D_utils.f90,setup_downscaling,subroutine,public,297
simple_stream_cluster2D_utils,../scripts/../src/main/stream/simple_stream_cluster2D_utils.f90,terminate_chunks,subroutine,public,319
simple_stream_cluster2D_utils,../scripts/../src/main/stream/simple_stream_cluster2D_utils.f90,terminate_stream2D,subroutine,public,328
simple_stream_cluster2D_utils,../scripts/../src/main/stream/simple_stream_cluster2D_utils.f90,tidy_2Dstream_iter,subroutine,public,419
simple_stream_cluster2D_utils,../scripts/../src/main/stream/simple_stream_cluster2D_utils.f90,update_user_params2D,subroutine,public,434
simple_stream_cluster2D_utils,../scripts/../src/main/stream/simple_stream_cluster2D_utils.f90,write_project_stream2D,subroutine,public,563
simple_stream_cluster2D_utils,../scripts/../src/main/stream/simple_stream_cluster2D_utils.f90,write_raw_project,subroutine,private,370
simple_stream_cluster2D_utils,../scripts/../src/main/stream/simple_stream_cluster2D_utils.f90,write_repick_refs,subroutine,public,779
simple_stream_communicator,../scripts/../src/utils/comm/simple_stream_communicator.f90,add_to_json_1,subroutine,private,379
simple_stream_communicator,../scripts/../src/utils/comm/simple_stream_communicator.f90,add_to_json_2,subroutine,private,386
simple_stream_communicator,../scripts/../src/utils/comm/simple_stream_communicator.f90,add_to_json_3,subroutine,private,393
simple_stream_communicator,../scripts/../src/utils/comm/simple_stream_communicator.f90,add_to_json_4,subroutine,private,399
simple_stream_communicator,../scripts/../src/utils/comm/simple_stream_communicator.f90,add_to_json_5,subroutine,private,405
simple_stream_communicator,../scripts/../src/utils/comm/simple_stream_communicator.f90,background_heartbeat,subroutine,private,150
simple_stream_communicator,../scripts/../src/utils/comm/simple_stream_communicator.f90,create,subroutine,private,58
simple_stream_communicator,../scripts/../src/utils/comm/simple_stream_communicator.f90,curl_request,subroutine,private,222
simple_stream_communicator,../scripts/../src/utils/comm/simple_stream_communicator.f90,destroy_arg,subroutine,private,340
simple_stream_communicator,../scripts/../src/utils/comm/simple_stream_communicator.f90,evaluate_checksum,function,private,284
simple_stream_communicator,../scripts/../src/utils/comm/simple_stream_communicator.f90,get_json_arg_1,subroutine,private,420
simple_stream_communicator,../scripts/../src/utils/comm/simple_stream_communicator.f90,get_json_arg_2,subroutine,private,428
simple_stream_communicator,../scripts/../src/utils/comm/simple_stream_communicator.f90,get_json_arg_3,subroutine,private,436
simple_stream_communicator,../scripts/../src/utils/comm/simple_stream_communicator.f90,get_json_arg_4,subroutine,private,444
simple_stream_communicator,../scripts/../src/utils/comm/simple_stream_communicator.f90,get_json_arg_5,subroutine,private,452
simple_stream_communicator,../scripts/../src/utils/comm/simple_stream_communicator.f90,join_background_heartbeat,subroutine,private,199
simple_stream_communicator,../scripts/../src/utils/comm/simple_stream_communicator.f90,remove_from_json_if_present,subroutine,private,412
simple_stream_communicator,../scripts/../src/utils/comm/simple_stream_communicator.f90,send_heartbeat,subroutine,private,111
simple_stream_communicator,../scripts/../src/utils/comm/simple_stream_communicator.f90,send_jobstats,subroutine,private,124
simple_stream_communicator,../scripts/../src/utils/comm/simple_stream_communicator.f90,stream_http_communicator,type,public,13
simple_stream_communicator,../scripts/../src/utils/comm/simple_stream_communicator.f90,term,subroutine,private,85
simple_stream_communicator,../scripts/../src/utils/comm/simple_stream_communicator.f90,update_json_1,subroutine,private,348
simple_stream_communicator,../scripts/../src/utils/comm/simple_stream_communicator.f90,update_json_2,subroutine,private,355
simple_stream_communicator,../scripts/../src/utils/comm/simple_stream_communicator.f90,update_json_3,subroutine,private,363
simple_stream_communicator,../scripts/../src/utils/comm/simple_stream_communicator.f90,update_json_4,subroutine,private,371
simple_stream_p00_master,../scripts/../src/main/stream/simple_stream_p00_master.f90,append_pending,subroutine,private,962
simple_stream_p00_master,../scripts/../src/main/stream/simple_stream_p00_master.f90,assign_optics_fork,type,private,53
simple_stream_p00_master,../scripts/../src/main/stream/simple_stream_p00_master.f90,close_child_pipe_fds,subroutine,private,153
simple_stream_p00_master,../scripts/../src/main/stream/simple_stream_p00_master.f90,close_fd_silent,subroutine,private,183
simple_stream_p00_master,../scripts/../src/main/stream/simple_stream_p00_master.f90,close_pipe_except_fd,subroutine,private,170
simple_stream_p00_master,../scripts/../src/main/stream/simple_stream_p00_master.f90,drain_and_reset_pipe_state,subroutine,private,1385
simple_stream_p00_master,../scripts/../src/main/stream/simple_stream_p00_master.f90,exec_stream_p00_master,subroutine,private,192
simple_stream_p00_master,../scripts/../src/main/stream/simple_stream_p00_master.f90,init_cline_assign_optics,subroutine,private,1091
simple_stream_p00_master,../scripts/../src/main/stream/simple_stream_p00_master.f90,init_cline_opening2D,subroutine,private,1110
simple_stream_p00_master,../scripts/../src/main/stream/simple_stream_p00_master.f90,init_cline_particle_sieving,subroutine,private,1164
simple_stream_p00_master,../scripts/../src/main/stream/simple_stream_p00_master.f90,init_cline_pool2D,subroutine,private,1195
simple_stream_p00_master,../scripts/../src/main/stream/simple_stream_p00_master.f90,init_cline_preprocess,subroutine,private,1046
simple_stream_p00_master,../scripts/../src/main/stream/simple_stream_p00_master.f90,init_cline_reference_picking,subroutine,private,1136
simple_stream_p00_master,../scripts/../src/main/stream/simple_stream_p00_master.f90,init_ipc_pipe,subroutine,private,1225
simple_stream_p00_master,../scripts/../src/main/stream/simple_stream_p00_master.f90,init_metadata_assign_optics,subroutine,private,1104
simple_stream_p00_master,../scripts/../src/main/stream/simple_stream_p00_master.f90,init_metadata_opening2D,subroutine,private,1125
simple_stream_p00_master,../scripts/../src/main/stream/simple_stream_p00_master.f90,init_metadata_particle_sieving,subroutine,private,1189
simple_stream_p00_master,../scripts/../src/main/stream/simple_stream_p00_master.f90,init_metadata_pool2D,subroutine,private,1217
simple_stream_p00_master,../scripts/../src/main/stream/simple_stream_p00_master.f90,init_metadata_preprocess,subroutine,private,1066
simple_stream_p00_master,../scripts/../src/main/stream/simple_stream_p00_master.f90,init_metadata_reference_picking,subroutine,private,1158
simple_stream_p00_master,../scripts/../src/main/stream/simple_stream_p00_master.f90,initial_analysis_fork,type,private,58
simple_stream_p00_master,../scripts/../src/main/stream/simple_stream_p00_master.f90,kill_ipc_pipe,subroutine,private,1242
simple_stream_p00_master,../scripts/../src/main/stream/simple_stream_p00_master.f90,log_master_memory_state,subroutine,private,605
simple_stream_p00_master,../scripts/../src/main/stream/simple_stream_p00_master.f90,metadata_listener,subroutine,private,666
simple_stream_p00_master,../scripts/../src/main/stream/simple_stream_p00_master.f90,particle_sieving_fork,type,private,68
simple_stream_p00_master,../scripts/../src/main/stream/simple_stream_p00_master.f90,pool2D_fork,type,private,73
simple_stream_p00_master,../scripts/../src/main/stream/simple_stream_p00_master.f90,preprocess_fork,type,private,48
simple_stream_p00_master,../scripts/../src/main/stream/simple_stream_p00_master.f90,reference_picking_fork,type,private,63
simple_stream_p00_master,../scripts/../src/main/stream/simple_stream_p00_master.f90,safe_destroy_json_ptr,subroutine,private,599
simple_stream_p00_master,../scripts/../src/main/stream/simple_stream_p00_master.f90,send_framed_to_pipe,subroutine,private,1272
simple_stream_p00_master,../scripts/../src/main/stream/simple_stream_p00_master.f90,send_update_to_stage_pipes,subroutine,private,1258
simple_stream_p00_master,../scripts/../src/main/stream/simple_stream_p00_master.f90,sigint_handler,subroutine,private,654
simple_stream_p00_master,../scripts/../src/main/stream/simple_stream_p00_master.f90,sigterm_handler,subroutine,private,594
simple_stream_p00_master,../scripts/../src/main/stream/simple_stream_p00_master.f90,stream_p00_master,type,public,95
simple_stream_p00_master,../scripts/../src/main/stream/simple_stream_p00_master.f90,trim_pending_capacity,subroutine,private,1023
simple_stream_p00_master,../scripts/../src/main/stream/simple_stream_p00_master.f90,try_extract_framed_message,subroutine,private,987
simple_stream_p00_master,../scripts/../src/main/stream/simple_stream_p00_master.f90,try_read_from_fd,subroutine,private,942
simple_stream_p00_master,../scripts/../src/main/stream/simple_stream_p00_master.f90,xassign_optics,subroutine,private,113
simple_stream_p00_master,../scripts/../src/main/stream/simple_stream_p00_master.f90,xinitial_analysis,subroutine,private,121
simple_stream_p00_master,../scripts/../src/main/stream/simple_stream_p00_master.f90,xparticle_sieving,subroutine,private,137
simple_stream_p00_master,../scripts/../src/main/stream/simple_stream_p00_master.f90,xpool2D,subroutine,private,145
simple_stream_p00_master,../scripts/../src/main/stream/simple_stream_p00_master.f90,xpreprocess,subroutine,private,105
simple_stream_p00_master,../scripts/../src/main/stream/simple_stream_p00_master.f90,xreference_picking,subroutine,private,129
simple_stream_p01_preprocess_new,../scripts/../src/main/stream/simple_stream_p01_preprocess_new.f90,auto_detect_gain_flip,subroutine,private,562
simple_stream_p01_preprocess_new,../scripts/../src/main/stream/simple_stream_p01_preprocess_new.f90,create_movies_set_project,subroutine,private,931
simple_stream_p01_preprocess_new,../scripts/../src/main/stream/simple_stream_p01_preprocess_new.f90,exec_stream_p01_preprocess,subroutine,private,47
simple_stream_p01_preprocess_new,../scripts/../src/main/stream/simple_stream_p01_preprocess_new.f90,generate_gain_from_movies,subroutine,private,665
simple_stream_p01_preprocess_new,../scripts/../src/main/stream/simple_stream_p01_preprocess_new.f90,import_previous_projects,subroutine,private,986
simple_stream_p01_preprocess_new,../scripts/../src/main/stream/simple_stream_p01_preprocess_new.f90,mics_window_stats,subroutine,private,755
simple_stream_p01_preprocess_new,../scripts/../src/main/stream/simple_stream_p01_preprocess_new.f90,send_to_preprocess_in_pipe,subroutine,private,1062
simple_stream_p01_preprocess_new,../scripts/../src/main/stream/simple_stream_p01_preprocess_new.f90,set_stat_thresholds,subroutine,private,765
simple_stream_p01_preprocess_new,../scripts/../src/main/stream/simple_stream_p01_preprocess_new.f90,sigterm_handler,subroutine,private,1057
simple_stream_p01_preprocess_new,../scripts/../src/main/stream/simple_stream_p01_preprocess_new.f90,stream_p01_preprocess,type,public,40
simple_stream_p01_preprocess_new,../scripts/../src/main/stream/simple_stream_p01_preprocess_new.f90,test_stat_thresholds,subroutine,private,782
simple_stream_p01_preprocess_new,../scripts/../src/main/stream/simple_stream_p01_preprocess_new.f90,update_projects_list,subroutine,private,843
simple_stream_p01_preprocess_new,../scripts/../src/main/stream/simple_stream_p01_preprocess_new.f90,write_mic_star_and_field,subroutine,private,823
simple_stream_p02_assign_optics_new,../scripts/../src/main/stream/simple_stream_p02_assign_optics_new.f90,exec_stream_p02_assign_optics,subroutine,private,38
simple_stream_p02_assign_optics_new,../scripts/../src/main/stream/simple_stream_p02_assign_optics_new.f90,send_to_assign_optics_in_pipe,subroutine,private,228
simple_stream_p02_assign_optics_new,../scripts/../src/main/stream/simple_stream_p02_assign_optics_new.f90,sigterm_handler,subroutine,private,224
simple_stream_p02_assign_optics_new,../scripts/../src/main/stream/simple_stream_p02_assign_optics_new.f90,stream_p02_assign_optics,type,public,29
simple_stream_p02_assign_optics_new,../scripts/../src/main/stream/simple_stream_p02_assign_optics_new.f90,wait_for_stream_folder,subroutine,private,207
simple_stream_p03_initial_analysis,../scripts/../src/main/stream/simple_stream_p03_initial_analysis.f90,balance_classes,subroutine,private,1067
simple_stream_p03_initial_analysis,../scripts/../src/main/stream/simple_stream_p03_initial_analysis.f90,duplicate_balanced_stack,subroutine,private,1206
simple_stream_p03_initial_analysis,../scripts/../src/main/stream/simple_stream_p03_initial_analysis.f90,exec_stream_p03_initial_analysis,subroutine,private,80
simple_stream_p03_initial_analysis,../scripts/../src/main/stream/simple_stream_p03_initial_analysis.f90,finish_abinitio2D,subroutine,private,623
simple_stream_p03_initial_analysis,../scripts/../src/main/stream/simple_stream_p03_initial_analysis.f90,finish_abinitio3D,subroutine,private,673
simple_stream_p03_initial_analysis,../scripts/../src/main/stream/simple_stream_p03_initial_analysis.f90,finish_extract,subroutine,private,545
simple_stream_p03_initial_analysis,../scripts/../src/main/stream/simple_stream_p03_initial_analysis.f90,micimporter,subroutine,private,772
simple_stream_p03_initial_analysis,../scripts/../src/main/stream/simple_stream_p03_initial_analysis.f90,run_cavg_quality_selection,subroutine,private,840
simple_stream_p03_initial_analysis,../scripts/../src/main/stream/simple_stream_p03_initial_analysis.f90,run_cavg_quality_selection_2,subroutine,private,911
simple_stream_p03_initial_analysis,../scripts/../src/main/stream/simple_stream_p03_initial_analysis.f90,run_cavg_size_selection,subroutine,private,993
simple_stream_p03_initial_analysis,../scripts/../src/main/stream/simple_stream_p03_initial_analysis.f90,send_available_cavgs2D,subroutine,private,1429
simple_stream_p03_initial_analysis,../scripts/../src/main/stream/simple_stream_p03_initial_analysis.f90,send_cavg2D_meta,subroutine,private,1400
simple_stream_p03_initial_analysis,../scripts/../src/main/stream/simple_stream_p03_initial_analysis.f90,send_meta,subroutine,private,1270
simple_stream_p03_initial_analysis,../scripts/../src/main/stream/simple_stream_p03_initial_analysis.f90,send_meta2D,subroutine,private,1291
simple_stream_p03_initial_analysis,../scripts/../src/main/stream/simple_stream_p03_initial_analysis.f90,send_micrograph_meta,subroutine,private,1315
simple_stream_p03_initial_analysis,../scripts/../src/main/stream/simple_stream_p03_initial_analysis.f90,send_micrograph_meta_part,subroutine,private,1359
simple_stream_p03_initial_analysis,../scripts/../src/main/stream/simple_stream_p03_initial_analysis.f90,send_pickref_meta,subroutine,private,1463
simple_stream_p03_initial_analysis,../scripts/../src/main/stream/simple_stream_p03_initial_analysis.f90,send_selected_pickrefs,subroutine,private,1489
simple_stream_p03_initial_analysis,../scripts/../src/main/stream/simple_stream_p03_initial_analysis.f90,send_to_initial_analysis_in_pipe,subroutine,private,1528
simple_stream_p03_initial_analysis,../scripts/../src/main/stream/simple_stream_p03_initial_analysis.f90,sigterm_handler,subroutine,private,1523
simple_stream_p03_initial_analysis,../scripts/../src/main/stream/simple_stream_p03_initial_analysis.f90,start_abinitio2D,subroutine,private,584
simple_stream_p03_initial_analysis,../scripts/../src/main/stream/simple_stream_p03_initial_analysis.f90,start_abinitio3D,subroutine,private,634
simple_stream_p03_initial_analysis,../scripts/../src/main/stream/simple_stream_p03_initial_analysis.f90,start_extract,subroutine,private,513
simple_stream_p03_initial_analysis,../scripts/../src/main/stream/simple_stream_p03_initial_analysis.f90,stream_p03_initial_analysis,type,public,73
simple_stream_p03_initial_analysis,../scripts/../src/main/stream/simple_stream_p03_initial_analysis.f90,update_os_out_stk,subroutine,private,1228
simple_stream_p03_initial_analysis,../scripts/../src/main/stream/simple_stream_p03_initial_analysis.f90,write_quality_stack,subroutine,private,1246
simple_stream_p04_refpick_extract_new,../scripts/../src/main/stream/simple_stream_p04_refpick_extract_new.f90,create_individual_project,subroutine,private,596
simple_stream_p04_refpick_extract_new,../scripts/../src/main/stream/simple_stream_p04_refpick_extract_new.f90,exec_stream_pick_extract,subroutine,private,53
simple_stream_p04_refpick_extract_new,../scripts/../src/main/stream/simple_stream_p04_refpick_extract_new.f90,import_previous_mics,subroutine,private,684
simple_stream_p04_refpick_extract_new,../scripts/../src/main/stream/simple_stream_p04_refpick_extract_new.f90,send_cavg2D_meta,subroutine,private,832
simple_stream_p04_refpick_extract_new,../scripts/../src/main/stream/simple_stream_p04_refpick_extract_new.f90,send_meta,subroutine,private,775
simple_stream_p04_refpick_extract_new,../scripts/../src/main/stream/simple_stream_p04_refpick_extract_new.f90,send_micrograph_meta,subroutine,private,791
simple_stream_p04_refpick_extract_new,../scripts/../src/main/stream/simple_stream_p04_refpick_extract_new.f90,send_pickrefs,subroutine,private,855
simple_stream_p04_refpick_extract_new,../scripts/../src/main/stream/simple_stream_p04_refpick_extract_new.f90,send_to_refpick_in_pipe,subroutine,private,871
simple_stream_p04_refpick_extract_new,../scripts/../src/main/stream/simple_stream_p04_refpick_extract_new.f90,sigterm_handler,subroutine,private,938
simple_stream_p04_refpick_extract_new,../scripts/../src/main/stream/simple_stream_p04_refpick_extract_new.f90,stream_p04_refpick_extract,type,public,46
simple_stream_p04_refpick_extract_new,../scripts/../src/main/stream/simple_stream_p04_refpick_extract_new.f90,update_projects_list,subroutine,private,523
simple_stream_p04_refpick_extract_new,../scripts/../src/main/stream/simple_stream_p04_refpick_extract_new.f90,validate_ptcl2D_star_inputs,subroutine,private,480
simple_stream_p04_refpick_extract_new,../scripts/../src/main/stream/simple_stream_p04_refpick_extract_new.f90,write_micrographs_starfile,subroutine,private,375
simple_stream_p04_refpick_extract_new,../scripts/../src/main/stream/simple_stream_p04_refpick_extract_new.f90,write_project,subroutine,private,392
simple_stream_p05_sieve_cavgs_new,../scripts/../src/main/stream/simple_stream_p05_sieve_cavgs_new.f90,exec_stream_p05_sieve_cavgs,subroutine,private,77
simple_stream_p05_sieve_cavgs_new,../scripts/../src/main/stream/simple_stream_p05_sieve_cavgs_new.f90,send_cavg2D_meta,subroutine,private,252
simple_stream_p05_sieve_cavgs_new,../scripts/../src/main/stream/simple_stream_p05_sieve_cavgs_new.f90,send_cavgs2D_batch,subroutine,private,288
simple_stream_p05_sieve_cavgs_new,../scripts/../src/main/stream/simple_stream_p05_sieve_cavgs_new.f90,send_meta,subroutine,private,230
simple_stream_p05_sieve_cavgs_new,../scripts/../src/main/stream/simple_stream_p05_sieve_cavgs_new.f90,send_to_sieve_cavgs_in_pipe,subroutine,private,306
simple_stream_p05_sieve_cavgs_new,../scripts/../src/main/stream/simple_stream_p05_sieve_cavgs_new.f90,sigterm_handler,subroutine,private,373
simple_stream_p05_sieve_cavgs_new,../scripts/../src/main/stream/simple_stream_p05_sieve_cavgs_new.f90,stream_p05_sieve_cavgs,type,public,65
simple_stream_p06_pool2D_new,../scripts/../src/main/stream/simple_stream_p06_pool2D_new.f90,cleanup4restart,subroutine,private,552
simple_stream_p06_pool2D_new,../scripts/../src/main/stream/simple_stream_p06_pool2D_new.f90,exec_stream_p06_pool2D,subroutine,private,72
simple_stream_p06_pool2D_new,../scripts/../src/main/stream/simple_stream_p06_pool2D_new.f90,import_sets_into_pool,subroutine,private,364
simple_stream_p06_pool2D_new,../scripts/../src/main/stream/simple_stream_p06_pool2D_new.f90,send_cavg2D_meta,subroutine,private,608
simple_stream_p06_pool2D_new,../scripts/../src/main/stream/simple_stream_p06_pool2D_new.f90,send_cavgs2D,subroutine,private,635
simple_stream_p06_pool2D_new,../scripts/../src/main/stream/simple_stream_p06_pool2D_new.f90,send_meta,subroutine,private,578
simple_stream_p06_pool2D_new,../scripts/../src/main/stream/simple_stream_p06_pool2D_new.f90,send_meta_snapshot2D,subroutine,private,596
simple_stream_p06_pool2D_new,../scripts/../src/main/stream/simple_stream_p06_pool2D_new.f90,send_to_pool2D_in_pipe,subroutine,private,657
simple_stream_p06_pool2D_new,../scripts/../src/main/stream/simple_stream_p06_pool2D_new.f90,sigterm_handler,subroutine,private,786
simple_stream_p06_pool2D_new,../scripts/../src/main/stream/simple_stream_p06_pool2D_new.f90,stream_p06_pool2D,type,public,63
simple_stream_p06_pool2D_new,../scripts/../src/main/stream/simple_stream_p06_pool2D_new.f90,unpause_pool,subroutine,private,357
simple_stream_pool2D_utils,../scripts/../src/main/stream/simple_stream_pool2D_utils.f90,biased_stack_sampling,subroutine,private,423
simple_stream_pool2D_utils,../scripts/../src/main/stream/simple_stream_pool2D_utils.f90,generate_pool_jpeg,subroutine,private,905
simple_stream_pool2D_utils,../scripts/../src/main/stream/simple_stream_pool2D_utils.f90,generate_pool_stats,subroutine,public,978
simple_stream_pool2D_utils,../scripts/../src/main/stream/simple_stream_pool2D_utils.f90,get_pool_ptr,subroutine,public,506
simple_stream_pool2D_utils,../scripts/../src/main/stream/simple_stream_pool2D_utils.f90,init_pool_clustering,subroutine,public,60
simple_stream_pool2D_utils,../scripts/../src/main/stream/simple_stream_pool2D_utils.f90,iterate_pool,subroutine,public,193
simple_stream_pool2D_utils,../scripts/../src/main/stream/simple_stream_pool2D_utils.f90,set_iteration_time,subroutine,private,1019
simple_stream_pool2D_utils,../scripts/../src/main/stream/simple_stream_pool2D_utils.f90,set_lpthres_type,subroutine,public,527
simple_stream_pool2D_utils,../scripts/../src/main/stream/simple_stream_pool2D_utils.f90,set_pool_dimensions,subroutine,private,532
simple_stream_pool2D_utils,../scripts/../src/main/stream/simple_stream_pool2D_utils.f90,set_pool_resolution_limits,subroutine,public,550
simple_stream_pool2D_utils,../scripts/../src/main/stream/simple_stream_pool2D_utils.f90,uniform_stack_sampling,subroutine,private,400
simple_stream_pool2D_utils,../scripts/../src/main/stream/simple_stream_pool2D_utils.f90,update_match_class_states,subroutine,public,590
simple_stream_pool2D_utils,../scripts/../src/main/stream/simple_stream_pool2D_utils.f90,update_match_class_states_in_pool,subroutine,private,618
simple_stream_pool2D_utils,../scripts/../src/main/stream/simple_stream_pool2D_utils.f90,update_mskdiam,subroutine,public,576
simple_stream_pool2D_utils,../scripts/../src/main/stream/simple_stream_pool2D_utils.f90,update_pool,subroutine,public,646
simple_stream_pool2D_utils,../scripts/../src/main/stream/simple_stream_pool2D_utils.f90,update_pool_aln_params,subroutine,public,761
simple_stream_pool2D_utils,../scripts/../src/main/stream/simple_stream_pool2D_utils.f90,update_pool_dims,subroutine,private,794
simple_stream_pool2D_utils,../scripts/../src/main/stream/simple_stream_pool2D_utils.f90,update_pool_for_gui,subroutine,private,875
simple_stream_pool2D_utils,../scripts/../src/main/stream/simple_stream_pool2D_utils.f90,update_pool_status,subroutine,public,892
simple_stream_utils,../scripts/../src/main/stream/simple_stream_utils.f90,create_stream_project,subroutine,public,29
simple_stream_utils,../scripts/../src/main/stream/simple_stream_utils.f90,get_latest_optics_map_id,function,public,598
simple_stream_utils,../scripts/../src/main/stream/simple_stream_utils.f90,import_new_projects,subroutine,public,56
simple_stream_utils,../scripts/../src/main/stream/simple_stream_utils.f90,init_stream_qenv,subroutine,public,42
simple_stream_utils,../scripts/../src/main/stream/simple_stream_utils.f90,process_selected_refs,subroutine,public,363
simple_stream_utils,../scripts/../src/main/stream/simple_stream_utils.f90,process_selected_refs_2,subroutine,public,471
simple_stream_utils,../scripts/../src/main/stream/simple_stream_utils.f90,stream_datestr,function,public,349
simple_stream_utils,../scripts/../src/main/stream/simple_stream_utils.f90,terminate_stream,subroutine,public,21
simple_stream_utils,../scripts/../src/main/stream/simple_stream_utils.f90,update_user_params,subroutine,public,105
simple_stream_utils,../scripts/../src/main/stream/simple_stream_utils.f90,wait_for_folder,subroutine,public,306
simple_stream_utils,../scripts/../src/main/stream/simple_stream_utils.f90,wait_for_folder2,subroutine,public,333
simple_string_tester,../scripts/../src/utils/simple_string_tester.f90,run_all_string_tests,subroutine,public,12
simple_string_tester,../scripts/../src/utils/simple_string_tester.f90,test_append_operator,subroutine,private,88
simple_string_tester,../scripts/../src/utils/simple_string_tester.f90,test_assign_and_ctor,subroutine,private,59
simple_string_tester,../scripts/../src/utils/simple_string_tester.f90,test_default_and_kill,subroutine,private,40
simple_string_tester,../scripts/../src/utils/simple_string_tester.f90,test_ends_with,subroutine,private,209
simple_string_tester,../scripts/../src/utils/simple_string_tester.f90,test_equality_operators,subroutine,private,274
simple_string_tester,../scripts/../src/utils/simple_string_tester.f90,test_has_substr,subroutine,private,178
simple_string_tester,../scripts/../src/utils/simple_string_tester.f90,test_is_blank_and_is_allocated,subroutine,private,259
simple_string_tester,../scripts/../src/utils/simple_string_tester.f90,test_numeric_conversion,subroutine,private,144
simple_string_tester,../scripts/../src/utils/simple_string_tester.f90,test_readfile,subroutine,private,464
simple_string_tester,../scripts/../src/utils/simple_string_tester.f90,test_readline_empty_line,subroutine,private,365
simple_string_tester,../scripts/../src/utils/simple_string_tester.f90,test_readline_eof_behavior,subroutine,private,427
simple_string_tester,../scripts/../src/utils/simple_string_tester.f90,test_readline_long_line,subroutine,private,401
simple_string_tester,../scripts/../src/utils/simple_string_tester.f90,test_readline_multiple_lines,subroutine,private,326
simple_string_tester,../scripts/../src/utils/simple_string_tester.f90,test_readline_writeline,subroutine,private,306
simple_string_tester,../scripts/../src/utils/simple_string_tester.f90,test_strlen,subroutine,private,107
simple_string_tester,../scripts/../src/utils/simple_string_tester.f90,test_substr_ind,subroutine,private,220
simple_string_tester,../scripts/../src/utils/simple_string_tester.f90,test_substr_remove,subroutine,private,190
simple_string_tester,../scripts/../src/utils/simple_string_tester.f90,test_substr_replace,subroutine,private,240
simple_string_tester,../scripts/../src/utils/simple_string_tester.f90,test_to_char,subroutine,private,117
simple_string_tester,../scripts/../src/utils/simple_string_tester.f90,test_to_fnv1a_hash64,subroutine,private,134
simple_string_tester,../scripts/../src/utils/simple_string_tester.f90,test_writeline_unallocated,subroutine,private,451
simple_symanalyzer,../scripts/../src/main/simple_symanalyzer.f90,eval_point_groups,subroutine,private,264
simple_symanalyzer,../scripts/../src/main/simple_symanalyzer.f90,find_symaxis,subroutine,private,336
simple_symanalyzer,../scripts/../src/main/simple_symanalyzer.f90,print_subgroups,subroutine,public,101
simple_symanalyzer,../scripts/../src/main/simple_symanalyzer.f90,symaverage,subroutine,private,345
simple_symanalyzer,../scripts/../src/main/simple_symanalyzer.f90,symmetrize_map,subroutine,public,31
simple_symanalyzer,../scripts/../src/main/simple_symanalyzer.f90,symmetry_tester,subroutine,public,139
simple_syslib,../scripts/../src/fileio/simple_syslib.f90,del_file,subroutine,public,1027
simple_syslib,../scripts/../src/fileio/simple_syslib.f90,exec_cmdline,subroutine,public,243
simple_syslib,../scripts/../src/fileio/simple_syslib.f90,find_next_int_dir_prefix,function,public,841
simple_syslib,../scripts/../src/fileio/simple_syslib.f90,fs_avail_bytes,function,public,379
simple_syslib,../scripts/../src/fileio/simple_syslib.f90,fs_avail_bytes_c,function,public,155
simple_syslib,../scripts/../src/fileio/simple_syslib.f90,fs_is_rotational,function,public,363
simple_syslib,../scripts/../src/fileio/simple_syslib.f90,fs_is_rotational_c,function,public,147
simple_syslib,../scripts/../src/fileio/simple_syslib.f90,fsync,function,public,58
simple_syslib,../scripts/../src/fileio/simple_syslib.f90,get_absolute_pathname,function,public,126
simple_syslib,../scripts/../src/fileio/simple_syslib.f90,get_current_rss_bytes,function,public,169
simple_syslib,../scripts/../src/fileio/simple_syslib.f90,get_peak_rss_bytes,function,public,163
simple_syslib,../scripts/../src/fileio/simple_syslib.f90,get_sysinfo,function,public,136
simple_syslib,../scripts/../src/fileio/simple_syslib.f90,io_name_of,function,public,473
simple_syslib,../scripts/../src/fileio/simple_syslib.f90,io_nstreams_for_device,function,public,416
simple_syslib,../scripts/../src/fileio/simple_syslib.f90,io_read_nstreams,function,public,404
simple_syslib,../scripts/../src/fileio/simple_syslib.f90,isdir,function,public,77
simple_syslib,../scripts/../src/fileio/simple_syslib.f90,list_dirs,function,public,100
simple_syslib,../scripts/../src/fileio/simple_syslib.f90,makedir,function,public,84
simple_syslib,../scripts/../src/fileio/simple_syslib.f90,memory_monitor_report_c,function,public,184
simple_syslib,../scripts/../src/fileio/simple_syslib.f90,memory_monitor_start_c,function,public,175
simple_syslib,../scripts/../src/fileio/simple_syslib.f90,memory_monitor_stop_c,function,public,195
simple_syslib,../scripts/../src/fileio/simple_syslib.f90,mkdir,function,public,39
simple_syslib,../scripts/../src/fileio/simple_syslib.f90,print_slurm_env,subroutine,public,1097
simple_syslib,../scripts/../src/fileio/simple_syslib.f90,raise_sys_error,subroutine,public,283
simple_syslib,../scripts/../src/fileio/simple_syslib.f90,redirect_stdout_stderr,subroutine,public,303
simple_syslib,../scripts/../src/fileio/simple_syslib.f90,regexp_match,function,public,218
simple_syslib,../scripts/../src/fileio/simple_syslib.f90,removedir,function,public,91
simple_syslib,../scripts/../src/fileio/simple_syslib.f90,restore_stdout_stderr,subroutine,public,325
simple_syslib,../scripts/../src/fileio/simple_syslib.f90,rmdir,function,public,18
simple_syslib,../scripts/../src/fileio/simple_syslib.f90,safe_flush,subroutine,public,334
simple_syslib,../scripts/../src/fileio/simple_syslib.f90,simple_abspath,function,public,1054
simple_syslib,../scripts/../src/fileio/simple_syslib.f90,simple_chdir,subroutine,public,680
simple_syslib,../scripts/../src/fileio/simple_syslib.f90,simple_chmod,function,public,570
simple_syslib,../scripts/../src/fileio/simple_syslib.f90,simple_file_stat,subroutine,public,587
simple_syslib,../scripts/../src/fileio/simple_syslib.f90,simple_getcwd,subroutine,public,666
simple_syslib,../scripts/../src/fileio/simple_syslib.f90,simple_getenv,function,public,341
simple_syslib,../scripts/../src/fileio/simple_syslib.f90,simple_list_dirs,function,public,882
simple_syslib,../scripts/../src/fileio/simple_syslib.f90,simple_list_files,subroutine,public,914
simple_syslib,../scripts/../src/fileio/simple_syslib.f90,simple_list_files_regexp,subroutine,public,965
simple_syslib,../scripts/../src/fileio/simple_syslib.f90,simple_mkdir,subroutine,public,711
simple_syslib,../scripts/../src/fileio/simple_syslib.f90,simple_redirect_output_c,function,public,204
simple_syslib,../scripts/../src/fileio/simple_syslib.f90,simple_rename,subroutine,public,534
simple_syslib,../scripts/../src/fileio/simple_syslib.f90,simple_restore_output_c,function,public,212
simple_syslib,../scripts/../src/fileio/simple_syslib.f90,simple_rmdir,subroutine,public,759
simple_syslib,../scripts/../src/fileio/simple_syslib.f90,simple_rmfile,subroutine,public,797
simple_syslib,../scripts/../src/fileio/simple_syslib.f90,simple_touch,subroutine,public,486
simple_syslib,../scripts/../src/fileio/simple_syslib.f90,sscanf,function,public,65
simple_syslib,../scripts/../src/fileio/simple_syslib.f90,symlink,function,public,49
simple_syslib,../scripts/../src/fileio/simple_syslib.f90,syslib_c2fortran_string,subroutine,public,832
simple_syslib,../scripts/../src/fileio/simple_syslib.f90,syslib_symlink,subroutine,public,503
simple_syslib,../scripts/../src/fileio/simple_syslib.f90,touch,function,public,118
simple_syslib,../scripts/../src/fileio/simple_syslib.f90,unlink,function,public,27
simple_syslib,../scripts/../src/fileio/simple_syslib.f90,wait_pid,function,public,111
simple_syslib_tester,../scripts/../src/fileio/simple_syslib_tester.f90,run_all_syslib_tests,subroutine,public,15
simple_syslib_tester,../scripts/../src/fileio/simple_syslib_tester.f90,setup_test_env,subroutine,private,45
simple_syslib_tester,../scripts/../src/fileio/simple_syslib_tester.f90,teardown_test_env,subroutine,private,61
simple_syslib_tester,../scripts/../src/fileio/simple_syslib_tester.f90,test_exec_cmdline,subroutine,private,336
simple_syslib_tester,../scripts/../src/fileio/simple_syslib_tester.f90,test_find_next_int_dir_prefix,subroutine,private,403
simple_syslib_tester,../scripts/../src/fileio/simple_syslib_tester.f90,test_get_current_rss_bytes,subroutine,private,376
simple_syslib_tester,../scripts/../src/fileio/simple_syslib_tester.f90,test_get_peak_rss_bytes,subroutine,private,364
simple_syslib_tester,../scripts/../src/fileio/simple_syslib_tester.f90,test_get_process_id,subroutine,private,357
simple_syslib_tester,../scripts/../src/fileio/simple_syslib_tester.f90,test_getenv_wrapper,subroutine,private,322
simple_syslib_tester,../scripts/../src/fileio/simple_syslib_tester.f90,test_is_file_open,subroutine,private,188
simple_syslib_tester,../scripts/../src/fileio/simple_syslib_tester.f90,test_is_io_and_is_open,subroutine,private,171
simple_syslib_tester,../scripts/../src/fileio/simple_syslib_tester.f90,test_print_slurm_env_smoke,subroutine,private,422
simple_syslib_tester,../scripts/../src/fileio/simple_syslib_tester.f90,test_simple_abspath,subroutine,private,307
simple_syslib_tester,../scripts/../src/fileio/simple_syslib_tester.f90,test_simple_file_stat,subroutine,private,154
simple_syslib_tester,../scripts/../src/fileio/simple_syslib_tester.f90,test_simple_getcwd_and_chdir,subroutine,private,204
simple_syslib_tester,../scripts/../src/fileio/simple_syslib_tester.f90,test_simple_list_dirs,subroutine,private,224
simple_syslib_tester,../scripts/../src/fileio/simple_syslib_tester.f90,test_simple_list_files,subroutine,private,245
simple_syslib_tester,../scripts/../src/fileio/simple_syslib_tester.f90,test_simple_list_files_regexp,subroutine,private,284
simple_syslib_tester,../scripts/../src/fileio/simple_syslib_tester.f90,test_simple_mkdir_dir_exists_rmdir,subroutine,private,87
simple_syslib_tester,../scripts/../src/fileio/simple_syslib_tester.f90,test_simple_rename_and_del_file,subroutine,private,102
simple_syslib_tester,../scripts/../src/fileio/simple_syslib_tester.f90,test_simple_rmfile,subroutine,private,119
simple_syslib_tester,../scripts/../src/fileio/simple_syslib_tester.f90,test_simple_touch_and_file_exists,subroutine,private,74
simple_syslib_tester,../scripts/../src/fileio/simple_syslib_tester.f90,test_syslib_c2fortran_string,subroutine,private,391
simple_syslib_tester,../scripts/../src/fileio/simple_syslib_tester.f90,test_syslib_symlink,subroutine,private,135
simple_tent_smooth,../scripts/../src/utils/filter/simple_tent_smooth.f90,box_filter_1d,subroutine,public,113
simple_tent_smooth,../scripts/../src/utils/filter/simple_tent_smooth.f90,box_filter_x,subroutine,public,51
simple_tent_smooth,../scripts/../src/utils/filter/simple_tent_smooth.f90,box_filter_y,subroutine,public,68
simple_tent_smooth,../scripts/../src/utils/filter/simple_tent_smooth.f90,box_filter_z,subroutine,public,87
simple_tent_smooth,../scripts/../src/utils/filter/simple_tent_smooth.f90,tent_smooth_3d,subroutine,public,24
simple_test_exec_class,../scripts/../src/main/exec/simple_test_exec_class.f90,exec_test_class_commander,subroutine,public,15
simple_test_exec_fft,../scripts/../src/main/exec/simple_test_exec_fft.f90,exec_test_fft_commander,subroutine,public,25
simple_test_exec_geometry,../scripts/../src/main/exec/simple_test_exec_geometry.f90,exec_test_geometry_commander,subroutine,public,21
simple_test_exec_highlevel,../scripts/../src/main/exec/simple_test_exec_highlevel.f90,exec_test_highlevel_commander,subroutine,public,27
simple_test_exec_io,../scripts/../src/main/exec/simple_test_exec_io.f90,exec_test_io_commander,subroutine,public,26
simple_test_exec_masks,../scripts/../src/main/exec/simple_test_exec_masks.f90,exec_test_masks_commander,subroutine,public,25
simple_test_exec_network,../scripts/../src/main/exec/simple_test_exec_network.f90,exec_test_network_commander,subroutine,public,19
simple_test_exec_numerics,../scripts/../src/main/exec/simple_test_exec_numerics.f90,exec_test_numerics_commander,subroutine,public,20
simple_test_exec_optimize,../scripts/../src/main/exec/simple_test_exec_optimize.f90,exec_test_optimize_commander,subroutine,public,20
simple_test_exec_parallel,../scripts/../src/main/exec/simple_test_exec_parallel.f90,exec_test_parallel_commander,subroutine,public,18
simple_test_exec_single,../scripts/../src/main/exec/simple_test_exec_single.f90,exec_test_single_commander,subroutine,public,17
simple_test_exec_stats,../scripts/../src/main/exec/simple_test_exec_stats.f90,exec_test_stats_commander,subroutine,public,26
simple_test_exec_stream,../scripts/../src/main/exec/simple_test_exec_stream.f90,exec_test_stream_commander,subroutine,public,22
simple_test_exec_utils,../scripts/../src/main/exec/simple_test_exec_utils.f90,exec_test_utils_commander,subroutine,public,33
simple_test_ui_class,../scripts/../src/main/ui/simple_test/simple_test_ui_class.f90,construct_test_class_programs,subroutine,public,12
simple_test_ui_class,../scripts/../src/main/ui/simple_test/simple_test_ui_class.f90,new_ui_hash_test,subroutine,public,18
simple_test_ui_class,../scripts/../src/main/ui/simple_test/simple_test_ui_class.f90,new_units,subroutine,public,46
simple_test_ui_fft,../scripts/../src/main/ui/simple_test/simple_test_ui_fft.f90,construct_test_fft_programs,subroutine,public,18
simple_test_ui_fft,../scripts/../src/main/ui/simple_test/simple_test_ui_fft.f90,new_corrs2weights_test,subroutine,public,30
simple_test_ui_fft,../scripts/../src/main/ui/simple_test/simple_test_ui_fft.f90,new_eval_polarftcc,subroutine,public,42
simple_test_ui_fft,../scripts/../src/main/ui/simple_test/simple_test_ui_fft.f90,new_ft_expanded,subroutine,public,70
simple_test_ui_fft,../scripts/../src/main/ui/simple_test/simple_test_ui_fft.f90,new_gencorrs_fft,subroutine,public,98
simple_test_ui_fft,../scripts/../src/main/ui/simple_test/simple_test_ui_fft.f90,new_order_corr,subroutine,public,127
simple_test_ui_fft,../scripts/../src/main/ui/simple_test/simple_test_ui_fft.f90,new_phasecorr,subroutine,public,155
simple_test_ui_fft,../scripts/../src/main/ui/simple_test/simple_test_ui_fft.f90,new_rank_weights,subroutine,public,183
simple_test_ui_fft,../scripts/../src/main/ui/simple_test/simple_test_ui_fft.f90,new_rotate_ref,subroutine,public,211
simple_test_ui_geometry,../scripts/../src/main/ui/simple_test/simple_test_ui_geometry.f90,construct_test_geometry_programs,subroutine,public,16
simple_test_ui_geometry,../scripts/../src/main/ui/simple_test/simple_test_ui_geometry.f90,new_angres,subroutine,public,26
simple_test_ui_geometry,../scripts/../src/main/ui/simple_test/simple_test_ui_geometry.f90,new_ori_test,subroutine,public,54
simple_test_ui_geometry,../scripts/../src/main/ui/simple_test/simple_test_ui_geometry.f90,new_oris_test,subroutine,public,82
simple_test_ui_geometry,../scripts/../src/main/ui/simple_test/simple_test_ui_geometry.f90,new_sym_test,subroutine,public,110
simple_test_ui_geometry,../scripts/../src/main/ui/simple_test/simple_test_ui_geometry.f90,new_uniform_euler,subroutine,public,138
simple_test_ui_geometry,../scripts/../src/main/ui/simple_test/simple_test_ui_geometry.f90,new_uniform_rot,subroutine,public,166
simple_test_ui_highlevel,../scripts/../src/main/ui/simple_test/simple_test_ui_highlevel.f90,construct_test_highlevel_programs,subroutine,public,20
simple_test_ui_highlevel,../scripts/../src/main/ui/simple_test/simple_test_ui_highlevel.f90,new_mini_stream,subroutine,public,50
simple_test_ui_highlevel,../scripts/../src/main/ui/simple_test/simple_test_ui_highlevel.f90,new_pcg_frac_update,subroutine,public,188
simple_test_ui_highlevel,../scripts/../src/main/ui/simple_test/simple_test_ui_highlevel.f90,new_pcg_priors,subroutine,public,222
simple_test_ui_highlevel,../scripts/../src/main/ui/simple_test/simple_test_ui_highlevel.f90,new_pcg_recon,subroutine,public,167
simple_test_ui_highlevel,../scripts/../src/main/ui/simple_test/simple_test_ui_highlevel.f90,new_ptcls_ppca_subproject_distr,subroutine,public,150
simple_test_ui_highlevel,../scripts/../src/main/ui/simple_test/simple_test_ui_highlevel.f90,new_rec3D_backends,subroutine,public,238
simple_test_ui_highlevel,../scripts/../src/main/ui/simple_test/simple_test_ui_highlevel.f90,new_reproject,subroutine,public,78
simple_test_ui_highlevel,../scripts/../src/main/ui/simple_test/simple_test_ui_highlevel.f90,new_simulate_particles,subroutine,public,91
simple_test_ui_highlevel,../scripts/../src/main/ui/simple_test/simple_test_ui_highlevel.f90,new_simulated_workflow,subroutine,public,104
simple_test_ui_highlevel,../scripts/../src/main/ui/simple_test/simple_test_ui_highlevel.f90,new_subproject_distr,subroutine,public,137
simple_test_ui_highlevel,../scripts/../src/main/ui/simple_test/simple_test_ui_highlevel.f90,print_test_highlevel_programs,subroutine,public,34
simple_test_ui_io,../scripts/../src/main/ui/simple_test/simple_test_ui_io.f90,construct_test_io_programs,subroutine,public,19
simple_test_ui_io,../scripts/../src/main/ui/simple_test/simple_test_ui_io.f90,new_imgfile,subroutine,public,47
simple_test_ui_io,../scripts/../src/main/ui/simple_test/simple_test_ui_io.f90,new_inside_write,subroutine,public,75
simple_test_ui_io,../scripts/../src/main/ui/simple_test/simple_test_ui_io.f90,new_io,subroutine,public,103
simple_test_ui_io,../scripts/../src/main/ui/simple_test/simple_test_ui_io.f90,new_io_parallel,subroutine,public,131
simple_test_ui_io,../scripts/../src/main/ui/simple_test/simple_test_ui_io.f90,new_mrc2jpeg,subroutine,public,159
simple_test_ui_io,../scripts/../src/main/ui/simple_test/simple_test_ui_io.f90,new_mrc_validate,subroutine,public,187
simple_test_ui_io,../scripts/../src/main/ui/simple_test/simple_test_ui_io.f90,new_stack_io,subroutine,public,218
simple_test_ui_io,../scripts/../src/main/ui/simple_test/simple_test_ui_io.f90,new_star_export,subroutine,public,246
simple_test_ui_io,../scripts/../src/main/ui/simple_test/simple_test_ui_io.f90,new_starfile_test,subroutine,public,274
simple_test_ui_io,../scripts/../src/main/ui/simple_test/simple_test_ui_io.f90,print_test_io_programs,subroutine,public,32
simple_test_ui_masks,../scripts/../src/main/ui/simple_test/simple_test_ui_masks.f90,construct_test_masks_programs,subroutine,public,18
simple_test_ui_masks,../scripts/../src/main/ui/simple_test/simple_test_ui_masks.f90,new_bounds_from_mask3D_test,subroutine,public,30
simple_test_ui_masks,../scripts/../src/main/ui/simple_test/simple_test_ui_masks.f90,new_graphene_mask,subroutine,public,58
simple_test_ui_masks,../scripts/../src/main/ui/simple_test/simple_test_ui_masks.f90,new_image_bin,subroutine,public,86
simple_test_ui_masks,../scripts/../src/main/ui/simple_test/simple_test_ui_masks.f90,new_mask,subroutine,public,114
simple_test_ui_masks,../scripts/../src/main/ui/simple_test/simple_test_ui_masks.f90,new_msk_routines,subroutine,public,142
simple_test_ui_masks,../scripts/../src/main/ui/simple_test/simple_test_ui_masks.f90,new_nano_mask,subroutine,public,170
simple_test_ui_masks,../scripts/../src/main/ui/simple_test/simple_test_ui_masks.f90,new_otsu_test,subroutine,public,199
simple_test_ui_masks,../scripts/../src/main/ui/simple_test/simple_test_ui_masks.f90,new_ptcl_center,subroutine,public,227
simple_test_ui_network,../scripts/../src/main/ui/simple_test/simple_test_ui_network.f90,construct_test_network_programs,subroutine,public,14
simple_test_ui_network,../scripts/../src/main/ui/simple_test/simple_test_ui_network.f90,new_socket_client,subroutine,public,22
simple_test_ui_network,../scripts/../src/main/ui/simple_test/simple_test_ui_network.f90,new_socket_comm_distr,subroutine,public,50
simple_test_ui_network,../scripts/../src/main/ui/simple_test/simple_test_ui_network.f90,new_socket_io,subroutine,public,78
simple_test_ui_network,../scripts/../src/main/ui/simple_test/simple_test_ui_network.f90,new_socket_server,subroutine,public,106
simple_test_ui_numerics,../scripts/../src/main/ui/simple_test/simple_test_ui_numerics.f90,construct_test_numerics_programs,subroutine,public,15
simple_test_ui_numerics,../scripts/../src/main/ui/simple_test/simple_test_ui_numerics.f90,new_eigh_test,subroutine,public,24
simple_test_ui_numerics,../scripts/../src/main/ui/simple_test/simple_test_ui_numerics.f90,new_kbinterpol_fast,subroutine,public,52
simple_test_ui_numerics,../scripts/../src/main/ui/simple_test/simple_test_ui_numerics.f90,new_maxnloc_test,subroutine,public,80
simple_test_ui_numerics,../scripts/../src/main/ui/simple_test/simple_test_ui_numerics.f90,new_neigh,subroutine,public,108
simple_test_ui_numerics,../scripts/../src/main/ui/simple_test/simple_test_ui_numerics.f90,new_trail_rec_blend,subroutine,public,136
simple_test_ui_optimize,../scripts/../src/main/ui/simple_test/simple_test_ui_optimize.f90,construct_test_optimize_programs,subroutine,public,15
simple_test_ui_optimize,../scripts/../src/main/ui/simple_test/simple_test_ui_optimize.f90,new_lbfgsb,subroutine,public,24
simple_test_ui_optimize,../scripts/../src/main/ui/simple_test/simple_test_ui_optimize.f90,new_lbfgsb_cosine,subroutine,public,52
simple_test_ui_optimize,../scripts/../src/main/ui/simple_test/simple_test_ui_optimize.f90,new_lplims,subroutine,public,80
simple_test_ui_optimize,../scripts/../src/main/ui/simple_test/simple_test_ui_optimize.f90,new_lpstages_test,subroutine,public,108
simple_test_ui_optimize,../scripts/../src/main/ui/simple_test/simple_test_ui_optimize.f90,new_opt_lp,subroutine,public,136
simple_test_ui_parallel,../scripts/../src/main/ui/simple_test/simple_test_ui_parallel.f90,construct_test_parallel_programs,subroutine,public,14
simple_test_ui_parallel,../scripts/../src/main/ui/simple_test/simple_test_ui_parallel.f90,new_coarrays,subroutine,public,22
simple_test_ui_parallel,../scripts/../src/main/ui/simple_test/simple_test_ui_parallel.f90,new_openacc,subroutine,public,53
simple_test_ui_parallel,../scripts/../src/main/ui/simple_test/simple_test_ui_parallel.f90,new_openmp,subroutine,public,81
simple_test_ui_parallel,../scripts/../src/main/ui/simple_test/simple_test_ui_parallel.f90,new_simd,subroutine,public,109
simple_test_ui_single,../scripts/../src/main/ui/simple_test/simple_test_ui_single.f90,construct_test_single_programs,subroutine,public,14
simple_test_ui_single,../scripts/../src/main/ui/simple_test/simple_test_ui_single.f90,new_atoms_stats,subroutine,public,22
simple_test_ui_single,../scripts/../src/main/ui/simple_test/simple_test_ui_single.f90,new_detect_atoms,subroutine,public,52
simple_test_ui_single,../scripts/../src/main/ui/simple_test/simple_test_ui_single.f90,new_simulate_nanoparticle,subroutine,public,82
simple_test_ui_single,../scripts/../src/main/ui/simple_test/simple_test_ui_single.f90,new_single_workflow,subroutine,public,112
simple_test_ui_stats,../scripts/../src/main/ui/simple_test/simple_test_ui_stats.f90,construct_test_stats_programs,subroutine,public,19
simple_test_ui_stats,../scripts/../src/main/ui/simple_test/simple_test_ui_stats.f90,new_class_sample_test,subroutine,public,32
simple_test_ui_stats,../scripts/../src/main/ui/simple_test/simple_test_ui_stats.f90,new_clustering,subroutine,public,60
simple_test_ui_stats,../scripts/../src/main/ui/simple_test/simple_test_ui_stats.f90,new_ctf_test,subroutine,public,88
simple_test_ui_stats,../scripts/../src/main/ui/simple_test/simple_test_ui_stats.f90,new_eo_diff,subroutine,public,116
simple_test_ui_stats,../scripts/../src/main/ui/simple_test/simple_test_ui_stats.f90,new_extr_frac,subroutine,public,144
simple_test_ui_stats,../scripts/../src/main/ui/simple_test/simple_test_ui_stats.f90,new_multinomal_test,subroutine,public,172
simple_test_ui_stats,../scripts/../src/main/ui/simple_test/simple_test_ui_stats.f90,new_pca_all,subroutine,public,200
simple_test_ui_stats,../scripts/../src/main/ui/simple_test/simple_test_ui_stats.f90,new_pca_imgvar,subroutine,public,228
simple_test_ui_stats,../scripts/../src/main/ui/simple_test/simple_test_ui_stats.f90,new_sp_project,subroutine,public,256
simple_test_ui_stream,../scripts/../src/main/ui/simple_test/simple_test_ui_stream.f90,construct_test_stream_programs,subroutine,public,17
simple_test_ui_stream,../scripts/../src/main/ui/simple_test/simple_test_ui_stream.f90,new_abinitio2D_stream,subroutine,public,28
simple_test_ui_stream,../scripts/../src/main/ui/simple_test/simple_test_ui_stream.f90,new_assign_optics,subroutine,public,36
simple_test_ui_stream,../scripts/../src/main/ui/simple_test/simple_test_ui_stream.f90,new_gen_pickrefs,subroutine,public,44
simple_test_ui_stream,../scripts/../src/main/ui/simple_test/simple_test_ui_stream.f90,new_master,subroutine,public,52
simple_test_ui_stream,../scripts/../src/main/ui/simple_test/simple_test_ui_stream.f90,new_pick_extract,subroutine,public,60
simple_test_ui_stream,../scripts/../src/main/ui/simple_test/simple_test_ui_stream.f90,new_preproc,subroutine,public,68
simple_test_ui_stream,../scripts/../src/main/ui/simple_test/simple_test_ui_stream.f90,new_sieve_cavgs,subroutine,public,76
simple_test_ui_utils,../scripts/../src/main/ui/simple_test/simple_test_ui_utils.f90,construct_test_utils_programs,subroutine,public,23
simple_test_ui_utils,../scripts/../src/main/ui/simple_test/simple_test_ui_utils.f90,new_ansi_colors,subroutine,public,40
simple_test_ui_utils,../scripts/../src/main/ui/simple_test/simple_test_ui_utils.f90,new_binoris_io_test,subroutine,public,96
simple_test_ui_utils,../scripts/../src/main/ui/simple_test/simple_test_ui_utils.f90,new_binoris_test,subroutine,public,68
simple_test_ui_utils,../scripts/../src/main/ui/simple_test/simple_test_ui_utils.f90,new_cavg_registration,subroutine,public,124
simple_test_ui_utils,../scripts/../src/main/ui/simple_test/simple_test_ui_utils.f90,new_cif2mrc,subroutine,public,135
simple_test_ui_utils,../scripts/../src/main/ui/simple_test/simple_test_ui_utils.f90,new_cif2pdb,subroutine,public,163
simple_test_ui_utils,../scripts/../src/main/ui/simple_test/simple_test_ui_utils.f90,new_cmdline,subroutine,public,191
simple_test_ui_utils,../scripts/../src/main/ui/simple_test/simple_test_ui_utils.f90,new_install,subroutine,public,219
simple_test_ui_utils,../scripts/../src/main/ui/simple_test/simple_test_ui_utils.f90,new_nice,subroutine,public,247
simple_test_ui_utils,../scripts/../src/main/ui/simple_test/simple_test_ui_utils.f90,new_pdb2mrc,subroutine,public,275
simple_test_ui_utils,../scripts/../src/main/ui/simple_test/simple_test_ui_utils.f90,new_peak_thres_fdr,subroutine,public,331
simple_test_ui_utils,../scripts/../src/main/ui/simple_test/simple_test_ui_utils.f90,new_serialize,subroutine,public,303
simple_test_ui_utils,../scripts/../src/main/ui/simple_test/simple_test_ui_utils.f90,new_stringmatch,subroutine,public,344
simple_test_utils,../scripts/../src/utils/simple_test_utils.f90,assert_char,subroutine,public,44
simple_test_utils,../scripts/../src/utils/simple_test_utils.f90,assert_double,subroutine,public,68
simple_test_utils,../scripts/../src/utils/simple_test_utils.f90,assert_false,subroutine,public,90
simple_test_utils,../scripts/../src/utils/simple_test_utils.f90,assert_int,subroutine,public,24
simple_test_utils,../scripts/../src/utils/simple_test_utils.f90,assert_real,subroutine,public,34
simple_test_utils,../scripts/../src/utils/simple_test_utils.f90,assert_string_eq,subroutine,public,54
simple_test_utils,../scripts/../src/utils/simple_test_utils.f90,assert_true,subroutine,public,14
simple_test_utils,../scripts/../src/utils/simple_test_utils.f90,report_summary,subroutine,public,101
simple_testfuns,../scripts/../src/utils/math/simple_testfuns.f90,get_testfun,subroutine,public,26
simple_testfuns,../scripts/../src/utils/math/simple_testfuns.f90,testfun,function,public,15
simple_testfuns,../scripts/../src/utils/math/simple_testfuns.f90,testfun1,function,public,319
simple_testfuns,../scripts/../src/utils/math/simple_testfuns.f90,testfun10,function,public,474
simple_testfuns,../scripts/../src/utils/math/simple_testfuns.f90,testfun11,function,public,498
simple_testfuns,../scripts/../src/utils/math/simple_testfuns.f90,testfun12,function,public,520
simple_testfuns,../scripts/../src/utils/math/simple_testfuns.f90,testfun13,function,public,537
simple_testfuns,../scripts/../src/utils/math/simple_testfuns.f90,testfun14,function,public,557
simple_testfuns,../scripts/../src/utils/math/simple_testfuns.f90,testfun15,function,public,578
simple_testfuns,../scripts/../src/utils/math/simple_testfuns.f90,testfun16,function,public,594
simple_testfuns,../scripts/../src/utils/math/simple_testfuns.f90,testfun17,function,public,611
simple_testfuns,../scripts/../src/utils/math/simple_testfuns.f90,testfun18,function,public,644
simple_testfuns,../scripts/../src/utils/math/simple_testfuns.f90,testfun19,function,public,667
simple_testfuns,../scripts/../src/utils/math/simple_testfuns.f90,testfun2,function,public,337
simple_testfuns,../scripts/../src/utils/math/simple_testfuns.f90,testfun20,function,public,687
simple_testfuns,../scripts/../src/utils/math/simple_testfuns.f90,testfun21,function,public,700
simple_testfuns,../scripts/../src/utils/math/simple_testfuns.f90,testfun22,function,public,714
simple_testfuns,../scripts/../src/utils/math/simple_testfuns.f90,testfun23,function,public,727
simple_testfuns,../scripts/../src/utils/math/simple_testfuns.f90,testfun24,function,public,741
simple_testfuns,../scripts/../src/utils/math/simple_testfuns.f90,testfun25,function,public,752
simple_testfuns,../scripts/../src/utils/math/simple_testfuns.f90,testfun26,function,public,763
simple_testfuns,../scripts/../src/utils/math/simple_testfuns.f90,testfun27,function,public,784
simple_testfuns,../scripts/../src/utils/math/simple_testfuns.f90,testfun28,function,public,795
simple_testfuns,../scripts/../src/utils/math/simple_testfuns.f90,testfun29,function,public,808
simple_testfuns,../scripts/../src/utils/math/simple_testfuns.f90,testfun3,function,public,355
simple_testfuns,../scripts/../src/utils/math/simple_testfuns.f90,testfun30,function,public,820
simple_testfuns,../scripts/../src/utils/math/simple_testfuns.f90,testfun31,function,public,837
simple_testfuns,../scripts/../src/utils/math/simple_testfuns.f90,testfun32,function,public,849
simple_testfuns,../scripts/../src/utils/math/simple_testfuns.f90,testfun4,function,public,378
simple_testfuns,../scripts/../src/utils/math/simple_testfuns.f90,testfun5,function,public,394
simple_testfuns,../scripts/../src/utils/math/simple_testfuns.f90,testfun6,function,public,411
simple_testfuns,../scripts/../src/utils/math/simple_testfuns.f90,testfun7,function,public,429
simple_testfuns,../scripts/../src/utils/math/simple_testfuns.f90,testfun8,function,public,444
simple_testfuns,../scripts/../src/utils/math/simple_testfuns.f90,testfun9,function,public,459
simple_tifflib,../scripts/../src/fileio/simple_tifflib.f90,TIFFAllocateStripBuffer,function,public,193
simple_tifflib,../scripts/../src/fileio/simple_tifflib.f90,TIFFClose,subroutine,public,107
simple_tifflib,../scripts/../src/fileio/simple_tifflib.f90,TIFFCurrentDirectory,function,public,84
simple_tifflib,../scripts/../src/fileio/simple_tifflib.f90,TIFFfree,function,public,186
simple_tifflib,../scripts/../src/fileio/simple_tifflib.f90,TIFFGetBitsPerSample,function,public,156
simple_tifflib,../scripts/../src/fileio/simple_tifflib.f90,TIFFGetCompression,function,public,133
simple_tifflib,../scripts/../src/fileio/simple_tifflib.f90,TIFFGetField,function,public,13
simple_tifflib,../scripts/../src/fileio/simple_tifflib.f90,TIFFGetLength,function,public,128
simple_tifflib,../scripts/../src/fileio/simple_tifflib.f90,TIFFGetMaxVal,function,public,174
simple_tifflib,../scripts/../src/fileio/simple_tifflib.f90,TIFFGetMinVal,function,public,168
simple_tifflib,../scripts/../src/fileio/simple_tifflib.f90,TIFFGetRowsPerStrip,function,public,162
simple_tifflib,../scripts/../src/fileio/simple_tifflib.f90,TIFFGetSampleFormat,function,public,144
simple_tifflib,../scripts/../src/fileio/simple_tifflib.f90,TIFFGetSamplesPerPixel,function,public,150
simple_tifflib,../scripts/../src/fileio/simple_tifflib.f90,TIFFGetVersion,function,public,28
simple_tifflib,../scripts/../src/fileio/simple_tifflib.f90,TIFFGetWidth,function,public,123
simple_tifflib,../scripts/../src/fileio/simple_tifflib.f90,TIFFIsTiled,function,public,61
simple_tifflib,../scripts/../src/fileio/simple_tifflib.f90,TIFFLastDirectory,function,public,55
simple_tifflib,../scripts/../src/fileio/simple_tifflib.f90,TIFFmalloc,function,public,180
simple_tifflib,../scripts/../src/fileio/simple_tifflib.f90,TIFFMuteWarnings,subroutine,public,204
simple_tifflib,../scripts/../src/fileio/simple_tifflib.f90,TIFFNumberOfStrips,function,public,69
simple_tifflib,../scripts/../src/fileio/simple_tifflib.f90,TIFFNumDirectories,function,public,138
simple_tifflib,../scripts/../src/fileio/simple_tifflib.f90,TIFFOpen,function,public,21
simple_tifflib,../scripts/../src/fileio/simple_tifflib.f90,TIFFPrintInfo,subroutine,public,199
simple_tifflib,../scripts/../src/fileio/simple_tifflib.f90,TIFFRawStripSizer,function,public,116
simple_tifflib,../scripts/../src/fileio/simple_tifflib.f90,TIFFReadDirectory,function,public,101
simple_tifflib,../scripts/../src/fileio/simple_tifflib.f90,TIFFReadEncodedStrip,function,public,37
simple_tifflib,../scripts/../src/fileio/simple_tifflib.f90,TIFFReadRawStrip,function,public,46
simple_tifflib,../scripts/../src/fileio/simple_tifflib.f90,TIFFSetDirectory,function,public,92
simple_tifflib,../scripts/../src/fileio/simple_tifflib.f90,TIFFStripSize,function,public,77
simple_tifflib,../scripts/../src/fileio/simple_tifflib.f90,TIFFUnMuteWarnings,subroutine,public,207
simple_timer,../scripts/../src/utils/simple_timer.f90,cast_time_char,function,public,66
simple_timer,../scripts/../src/utils/simple_timer.f90,now,subroutine,public,143
simple_timer,../scripts/../src/utils/simple_timer.f90,reset_timer,subroutine,public,74
simple_timer,../scripts/../src/utils/simple_timer.f90,timer_loop_end,subroutine,public,183
simple_timer,../scripts/../src/utils/simple_timer.f90,timer_loop_start,subroutine,public,169
simple_timer,../scripts/../src/utils/simple_timer.f90,timer_profile_break,subroutine,public,372
simple_timer,../scripts/../src/utils/simple_timer.f90,timer_profile_report,subroutine,public,410
simple_timer,../scripts/../src/utils/simple_timer.f90,timer_profile_setup,subroutine,public,222
simple_timer,../scripts/../src/utils/simple_timer.f90,timer_profile_start,subroutine,public,352
simple_timer,../scripts/../src/utils/simple_timer.f90,tocprint,subroutine,public,125
simple_timer_omp,../scripts/../src/utils/simple_timer_omp.f90,now_omp,subroutine,public,65
simple_timer_omp,../scripts/../src/utils/simple_timer_omp.f90,reset_timer_omp,subroutine,public,17
simple_tseries_graphene_subtr,../scripts/../src/main/nano/simple_tseries_graphene_subtr.f90,calc_3bands_mask,function,private,312
simple_tseries_graphene_subtr,../scripts/../src/main/nano/simple_tseries_graphene_subtr.f90,calc_peaks,subroutine,public,138
simple_tseries_graphene_subtr,../scripts/../src/main/nano/simple_tseries_graphene_subtr.f90,init_graphene_subtr,subroutine,public,25
simple_tseries_graphene_subtr,../scripts/../src/main/nano/simple_tseries_graphene_subtr.f90,interp_peak,subroutine,private,215
simple_tseries_graphene_subtr,../scripts/../src/main/nano/simple_tseries_graphene_subtr.f90,kill_graphene_subtr,subroutine,public,343
simple_tseries_graphene_subtr,../scripts/../src/main/nano/simple_tseries_graphene_subtr.f90,obscure_peak,subroutine,private,286
simple_tseries_graphene_subtr,../scripts/../src/main/nano/simple_tseries_graphene_subtr.f90,range_convention,subroutine,private,204
simple_tseries_graphene_subtr,../scripts/../src/main/nano/simple_tseries_graphene_subtr.f90,remove_lattice,subroutine,private,255
simple_tseries_graphene_subtr,../scripts/../src/main/nano/simple_tseries_graphene_subtr.f90,remove_lattices,subroutine,public,236
simple_ui,../scripts/../src/main/ui/simple_ui.f90,get_prg_ptr,subroutine,public,57
simple_ui,../scripts/../src/main/ui/simple_ui.f90,get_test_prg_ptr,subroutine,public,144
simple_ui,../scripts/../src/main/ui/simple_ui.f90,list_simple_prgs_in_ui,subroutine,public,151
simple_ui,../scripts/../src/main/ui/simple_ui.f90,list_simple_test_prgs_in_ui,subroutine,public,155
simple_ui,../scripts/../src/main/ui/simple_ui.f90,list_single_prgs_in_ui,subroutine,public,163
simple_ui,../scripts/../src/main/ui/simple_ui.f90,list_stream_prgs_in_ui,subroutine,public,159
simple_ui,../scripts/../src/main/ui/simple_ui.f90,make_test_ui,subroutine,public,49
simple_ui,../scripts/../src/main/ui/simple_ui.f90,make_ui,subroutine,public,36
simple_ui,../scripts/../src/main/ui/simple_ui.f90,print_registered_programs,subroutine,private,167
simple_ui,../scripts/../src/main/ui/simple_ui.f90,print_stream_ui_json,subroutine,public,281
simple_ui,../scripts/../src/main/ui/simple_ui.f90,print_ui_json,subroutine,public,234
simple_ui,../scripts/../src/main/ui/simple_ui.f90,validate_category_metadata,subroutine,private,110
simple_ui,../scripts/../src/main/ui/simple_ui.f90,validate_input_list,subroutine,private,88
simple_ui,../scripts/../src/main/ui/simple_ui.f90,validate_ui_json,subroutine,public,492
simple_ui,../scripts/../src/main/ui/simple_ui.f90,validate_ui_presentation,subroutine,public,64
simple_ui,../scripts/../src/main/ui/simple_ui.f90,write_ui_json,subroutine,public,257
simple_ui_abinitio3D,../scripts/../src/main/ui/simple/simple_ui_abinitio3D.f90,construct_abinitio3D_programs,subroutine,public,14
simple_ui_abinitio3D,../scripts/../src/main/ui/simple/simple_ui_abinitio3D.f90,new_abinitio3D,subroutine,public,22
simple_ui_abinitio3D,../scripts/../src/main/ui/simple/simple_ui_abinitio3D.f90,new_abinitio3D_cavgs,subroutine,public,164
simple_ui_abinitio3D,../scripts/../src/main/ui/simple/simple_ui_abinitio3D.f90,new_estimate_lpstages,subroutine,public,229
simple_ui_abinitio3D,../scripts/../src/main/ui/simple/simple_ui_abinitio3D.f90,new_noisevol,subroutine,public,260
simple_ui_cavgproc,../scripts/../src/main/ui/simple/simple_ui_cavgproc.f90,construct_cavgproc_programs,subroutine,public,17
simple_ui_cavgproc,../scripts/../src/main/ui/simple/simple_ui_cavgproc.f90,new_cluster_cavgs,subroutine,public,28
simple_ui_cavgproc,../scripts/../src/main/ui/simple/simple_ui_cavgproc.f90,new_cluster_cavgs_selection,subroutine,public,128
simple_ui_cavgproc,../scripts/../src/main/ui/simple/simple_ui_cavgproc.f90,new_cluster_stack,subroutine,public,165
simple_ui_cavgproc,../scripts/../src/main/ui/simple/simple_ui_cavgproc.f90,new_match_cavgs,subroutine,public,204
simple_ui_cavgproc,../scripts/../src/main/ui/simple/simple_ui_cavgproc.f90,new_match_stacks,subroutine,public,245
simple_ui_cavgproc,../scripts/../src/main/ui/simple/simple_ui_cavgproc.f90,new_model_cavgs_rejection,subroutine,public,71
simple_ui_cavgproc,../scripts/../src/main/ui/simple/simple_ui_cavgproc.f90,new_select_clusters,subroutine,public,285
simple_ui_cluster2D,../scripts/../src/main/ui/simple/simple_ui_cluster2D.f90,add_abinitio2d_sgd_inputs,subroutine,public,147
simple_ui_cluster2D,../scripts/../src/main/ui/simple/simple_ui_cluster2D.f90,construct_cluster2D_programs,subroutine,public,20
simple_ui_cluster2D,../scripts/../src/main/ui/simple/simple_ui_cluster2D.f90,new_abinitio2D,subroutine,public,33
simple_ui_cluster2D,../scripts/../src/main/ui/simple/simple_ui_cluster2D.f90,new_abinitio2D_chunks,subroutine,public,169
simple_ui_cluster2D,../scripts/../src/main/ui/simple/simple_ui_cluster2D.f90,new_abinitio2D_descriptor,subroutine,public,53
simple_ui_cluster2D,../scripts/../src/main/ui/simple/simple_ui_cluster2D.f90,new_abinitio2d_sgd,subroutine,public,42
simple_ui_cluster2D,../scripts/../src/main/ui/simple/simple_ui_cluster2D.f90,new_bootstrap_cavgs,subroutine,public,272
simple_ui_cluster2D,../scripts/../src/main/ui/simple/simple_ui_cluster2D.f90,new_make_cavgs,subroutine,public,230
simple_ui_cluster2D,../scripts/../src/main/ui/simple/simple_ui_cluster2D.f90,new_map_cavgs_selection,subroutine,public,347
simple_ui_cluster2D,../scripts/../src/main/ui/simple/simple_ui_cluster2D.f90,new_sample_classes,subroutine,public,380
simple_ui_cluster2D,../scripts/../src/main/ui/simple/simple_ui_cluster2D.f90,new_unbootstrap_cavgs,subroutine,public,314
simple_ui_cluster2D,../scripts/../src/main/ui/simple/simple_ui_cluster2D.f90,new_write_classes,subroutine,public,424
simple_ui_denoise,../scripts/../src/main/ui/simple/simple_ui_denoise.f90,construct_denoise_programs,subroutine,public,19
simple_ui_denoise,../scripts/../src/main/ui/simple/simple_ui_denoise.f90,new_cls_split,subroutine,public,263
simple_ui_denoise,../scripts/../src/main/ui/simple/simple_ui_denoise.f90,new_denoise_project,subroutine,public,336
simple_ui_denoise,../scripts/../src/main/ui/simple/simple_ui_denoise.f90,new_flex_pca,subroutine,public,406
simple_ui_denoise,../scripts/../src/main/ui/simple/simple_ui_denoise.f90,new_icm2D,subroutine,public,32
simple_ui_denoise,../scripts/../src/main/ui/simple/simple_ui_denoise.f90,new_icm3D,subroutine,public,67
simple_ui_denoise,../scripts/../src/main/ui/simple/simple_ui_denoise.f90,new_map_params_from_den,subroutine,public,388
simple_ui_denoise,../scripts/../src/main/ui/simple/simple_ui_denoise.f90,new_ppca_denoise,subroutine,public,103
simple_ui_denoise,../scripts/../src/main/ui/simple/simple_ui_denoise.f90,new_ppca_denoise_classes,subroutine,public,177
simple_ui_denoise,../scripts/../src/main/ui/simple/simple_ui_denoise.f90,new_ppca_volvar,subroutine,public,228
simple_ui_descriptor_types,../scripts/../src/main/ui/simple_ui_descriptor_types.f90,ui_choice,type,private,7
simple_ui_descriptor_types,../scripts/../src/main/ui/simple_ui_descriptor_types.f90,ui_choices,function,public,17
simple_ui_dock,../scripts/../src/main/ui/simple/simple_ui_dock.f90,construct_dock_programs,subroutine,public,13
simple_ui_dock,../scripts/../src/main/ui/simple/simple_ui_dock.f90,new_dock_volpair,subroutine,public,20
simple_ui_dock,../scripts/../src/main/ui/simple/simple_ui_dock.f90,new_volanalyze,subroutine,public,65
simple_ui_dock,../scripts/../src/main/ui/simple/simple_ui_dock.f90,new_volcluster,subroutine,public,105
simple_ui_filter,../scripts/../src/main/ui/simple/simple_ui_filter.f90,construct_filter_programs,subroutine,public,15
simple_ui_filter,../scripts/../src/main/ui/simple/simple_ui_filter.f90,new_filter,subroutine,public,24
simple_ui_filter,../scripts/../src/main/ui/simple/simple_ui_filter.f90,new_nu_filt3D,subroutine,public,171
simple_ui_filter,../scripts/../src/main/ui/simple/simple_ui_filter.f90,new_postprocess_nu,subroutine,public,223
simple_ui_filter,../scripts/../src/main/ui/simple/simple_ui_filter.f90,new_uniform_filter2D,subroutine,public,91
simple_ui_filter,../scripts/../src/main/ui/simple/simple_ui_filter.f90,new_uniform_filter3D,subroutine,public,129
simple_ui_hash,../scripts/../src/main/ui/simple_ui_hash.f90,get_ref_ui_param_char,subroutine,private,54
simple_ui_hash,../scripts/../src/main/ui/simple_ui_hash.f90,get_ref_ui_param_str,subroutine,private,77
simple_ui_hash,../scripts/../src/main/ui/simple_ui_hash.f90,get_ref_ui_program_char,subroutine,private,122
simple_ui_hash,../scripts/../src/main/ui/simple_ui_hash.f90,get_ref_ui_program_str,subroutine,private,144
simple_ui_hash,../scripts/../src/main/ui/simple_ui_hash.f90,set_ref_ui_param_char,subroutine,private,31
simple_ui_hash,../scripts/../src/main/ui/simple_ui_hash.f90,set_ref_ui_param_str,subroutine,private,43
simple_ui_hash,../scripts/../src/main/ui/simple_ui_hash.f90,set_ref_ui_program_char,subroutine,private,100
simple_ui_hash,../scripts/../src/main/ui/simple_ui_hash.f90,set_ref_ui_program_str,subroutine,private,111
simple_ui_hash,../scripts/../src/main/ui/simple_ui_hash.f90,test_ui_hash,subroutine,public,167
simple_ui_hash,../scripts/../src/main/ui/simple_ui_hash.f90,ui_hash,type,public,13
simple_ui_image,../scripts/../src/main/ui/simple/simple_ui_image.f90,construct_image_programs,subroutine,public,18
simple_ui_image,../scripts/../src/main/ui/simple/simple_ui_image.f90,new_binarize,subroutine,public,30
simple_ui_image,../scripts/../src/main/ui/simple/simple_ui_image.f90,new_convert,subroutine,public,72
simple_ui_image,../scripts/../src/main/ui/simple/simple_ui_image.f90,new_ctf_correct,subroutine,public,110
simple_ui_image,../scripts/../src/main/ui/simple/simple_ui_image.f90,new_ctfops,subroutine,public,147
simple_ui_image,../scripts/../src/main/ui/simple/simple_ui_image.f90,new_normalize,subroutine,public,191
simple_ui_image,../scripts/../src/main/ui/simple/simple_ui_image.f90,new_scale,subroutine,public,233
simple_ui_image,../scripts/../src/main/ui/simple/simple_ui_image.f90,new_stack,subroutine,public,291
simple_ui_image,../scripts/../src/main/ui/simple/simple_ui_image.f90,new_stackops,subroutine,public,327
simple_ui_mask,../scripts/../src/main/ui/simple/simple_ui_mask.f90,construct_mask_programs,subroutine,public,13
simple_ui_mask,../scripts/../src/main/ui/simple/simple_ui_mask.f90,new_auto_spher_mask,subroutine,public,20
simple_ui_mask,../scripts/../src/main/ui/simple/simple_ui_mask.f90,new_automask2D,subroutine,public,53
simple_ui_mask,../scripts/../src/main/ui/simple/simple_ui_mask.f90,new_mask,subroutine,public,101
simple_ui_ori,../scripts/../src/main/ui/simple/simple_ui_ori.f90,construct_ori_programs,subroutine,public,14
simple_ui_ori,../scripts/../src/main/ui/simple/simple_ui_ori.f90,new_make_oris,subroutine,public,22
simple_ui_ori,../scripts/../src/main/ui/simple/simple_ui_ori.f90,new_oriops,subroutine,public,75
simple_ui_ori,../scripts/../src/main/ui/simple/simple_ui_ori.f90,new_oristats,subroutine,public,153
simple_ui_ori,../scripts/../src/main/ui/simple/simple_ui_ori.f90,new_vizoris,subroutine,public,205
simple_ui_other,../scripts/../src/main/ui/simple/simple_ui_other.f90,construct_other_programs,subroutine,public,14
simple_ui_other,../scripts/../src/main/ui/simple/simple_ui_other.f90,new_cif2pdb,subroutine,public,22
simple_ui_other,../scripts/../src/main/ui/simple/simple_ui_other.f90,new_fractionate_movies,subroutine,public,49
simple_ui_other,../scripts/../src/main/ui/simple/simple_ui_other.f90,new_split_,subroutine,public,91
simple_ui_other,../scripts/../src/main/ui/simple/simple_ui_other.f90,new_split_stack,subroutine,public,121
simple_ui_param,../scripts/../src/main/ui/simple_ui_param.f90,finalize,subroutine,public,386
simple_ui_param,../scripts/../src/main/ui/simple_ui_param.f90,infer_units,function,public,347
simple_ui_param,../scripts/../src/main/ui/simple_ui_param.f90,normalize_numeric_example,function,public,336
simple_ui_param,../scripts/../src/main/ui/simple_ui_param.f90,set_choices,subroutine,public,80
simple_ui_param,../scripts/../src/main/ui/simple_ui_param.f90,set_generated_default,subroutine,public,128
simple_ui_param,../scripts/../src/main/ui/simple_ui_param.f90,set_param_1,subroutine,public,40
simple_ui_param,../scripts/../src/main/ui/simple_ui_param.f90,set_param_2,subroutine,public,57
simple_ui_param,../scripts/../src/main/ui/simple_ui_param.f90,set_placeholder,subroutine,public,95
simple_ui_param,../scripts/../src/main/ui/simple_ui_param.f90,standardize_placeholder,function,public,174
simple_ui_params_common,../scripts/../src/main/ui/simple_ui_params_common.f90,set_ui_params,subroutine,public,191
simple_ui_preproc,../scripts/../src/main/ui/simple/simple_ui_preproc.f90,construct_preproc_programs,subroutine,public,19
simple_ui_preproc,../scripts/../src/main/ui/simple/simple_ui_preproc.f90,new_assign_optics_groups,subroutine,public,32
simple_ui_preproc,../scripts/../src/main/ui/simple/simple_ui_preproc.f90,new_ctf_estimate,subroutine,public,74
simple_ui_preproc,../scripts/../src/main/ui/simple/simple_ui_preproc.f90,new_extract,subroutine,public,125
simple_ui_preproc,../scripts/../src/main/ui/simple/simple_ui_preproc.f90,new_gen_pspecs_and_thumbs,subroutine,public,165
simple_ui_preproc,../scripts/../src/main/ui/simple/simple_ui_preproc.f90,new_motion_correct,subroutine,public,198
simple_ui_preproc,../scripts/../src/main/ui/simple/simple_ui_preproc.f90,new_particle_sieving,subroutine,public,271
simple_ui_preproc,../scripts/../src/main/ui/simple/simple_ui_preproc.f90,new_pick,subroutine,public,334
simple_ui_preproc,../scripts/../src/main/ui/simple/simple_ui_preproc.f90,new_preprocess,subroutine,public,394
simple_ui_preproc,../scripts/../src/main/ui/simple/simple_ui_preproc.f90,new_reextract,subroutine,public,488
simple_ui_print,../scripts/../src/main/ui/simple/simple_ui_print.f90,construct_print_programs,subroutine,public,15
simple_ui_print,../scripts/../src/main/ui/simple/simple_ui_print.f90,new_info_image,subroutine,public,24
simple_ui_print,../scripts/../src/main/ui/simple/simple_ui_print.f90,new_info_stktab,subroutine,public,60
simple_ui_print,../scripts/../src/main/ui/simple/simple_ui_print.f90,new_print_dose_weights,subroutine,public,92
simple_ui_print,../scripts/../src/main/ui/simple/simple_ui_print.f90,new_print_fsc,subroutine,public,130
simple_ui_print,../scripts/../src/main/ui/simple/simple_ui_print.f90,new_print_magic_boxes,subroutine,public,167
simple_ui_program,../scripts/../src/main/ui/simple_ui_program.f90,add_input_num,subroutine,public,149
simple_ui_program,../scripts/../src/main/ui/simple_ui_program.f90,add_input_param,subroutine,public,189
simple_ui_program,../scripts/../src/main/ui/simple_ui_program.f90,add_input_str,subroutine,public,169
simple_ui_program,../scripts/../src/main/ui/simple_ui_program.f90,add_program_groups_json,subroutine,public,418
simple_ui_program,../scripts/../src/main/ui/simple_ui_program.f90,add_program_input_json,subroutine,public,437
simple_ui_program,../scripts/../src/main/ui/simple_ui_program.f90,add_program_requirements_json,subroutine,public,934
simple_ui_program,../scripts/../src/main/ui/simple_ui_program.f90,add_requirement,subroutine,public,303
simple_ui_program,../scripts/../src/main/ui/simple_ui_program.f90,append_input,subroutine,public,287
simple_ui_program,../scripts/../src/main/ui/simple_ui_program.f90,append_required_keys_from_list,subroutine,public,1129
simple_ui_program,../scripts/../src/main/ui/simple_ui_program.f90,apply_generated_default,subroutine,public,221
simple_ui_program,../scripts/../src/main/ui/simple_ui_program.f90,bind_input,subroutine,public,255
simple_ui_program,../scripts/../src/main/ui/simple_ui_program.f90,cardinality_text,function,public,1097
simple_ui_program,../scripts/../src/main/ui/simple_ui_program.f90,category_descriptor,type,public,22
simple_ui_program,../scripts/../src/main/ui/simple_ui_program.f90,create_json_entry,subroutine,public,612
simple_ui_program,../scripts/../src/main/ui/simple_ui_program.f90,create_section_from_list,subroutine,public,904
simple_ui_program,../scripts/../src/main/ui/simple_ui_program.f90,find_input_text,subroutine,public,1069
simple_ui_program,../scripts/../src/main/ui/simple_ui_program.f90,get_category,function,public,654
simple_ui_program,../scripts/../src/main/ui/simple_ui_program.f90,get_display_name,function,public,660
simple_ui_program,../scripts/../src/main/ui/simple_ui_program.f90,get_executable,function,public,666
simple_ui_program,../scripts/../src/main/ui/simple_ui_program.f90,get_name,function,public,648
simple_ui_program,../scripts/../src/main/ui/simple_ui_program.f90,get_required_keys,function,public,700
simple_ui_program,../scripts/../src/main/ui/simple_ui_program.f90,group_label,function,public,397
simple_ui_program,../scripts/../src/main/ui/simple_ui_program.f90,input_text_for_key,function,public,1052
simple_ui_program,../scripts/../src/main/ui/simple_ui_program.f90,kill,subroutine,public,725
simple_ui_program,../scripts/../src/main/ui/simple_ui_program.f90,new,subroutine,public,113
simple_ui_program,../scripts/../src/main/ui/simple_ui_program.f90,print_cmdline,subroutine,public,543
simple_ui_program,../scripts/../src/main/ui/simple_ui_program.f90,print_help,subroutine,public,591
simple_ui_program,../scripts/../src/main/ui/simple_ui_program.f90,print_param_hash,subroutine,public,793
simple_ui_program,../scripts/../src/main/ui/simple_ui_program.f90,print_param_list,subroutine,public,752
simple_ui_program,../scripts/../src/main/ui/simple_ui_program.f90,print_requirement_groups,subroutine,public,961
simple_ui_program,../scripts/../src/main/ui/simple_ui_program.f90,print_requirement_inputs,subroutine,public,1038
simple_ui_program,../scripts/../src/main/ui/simple_ui_program.f90,print_ui,subroutine,public,489
simple_ui_program,../scripts/../src/main/ui/simple_ui_program.f90,register_group,subroutine,public,369
simple_ui_program,../scripts/../src/main/ui/simple_ui_program.f90,set_category,subroutine,public,672
simple_ui_program,../scripts/../src/main/ui/simple_ui_program.f90,ui_activation,type,public,34
simple_ui_program,../scripts/../src/main/ui/simple_ui_program.f90,ui_activation_equals_any,function,public,234
simple_ui_program,../scripts/../src/main/ui/simple_ui_program.f90,ui_cli_param_choices,function,public,865
simple_ui_program,../scripts/../src/main/ui/simple_ui_program.f90,ui_cli_param_summary,function,public,887
simple_ui_program,../scripts/../src/main/ui/simple_ui_program.f90,ui_input_group,type,public,28
simple_ui_program,../scripts/../src/main/ui/simple_ui_program.f90,ui_program,type,public,57
simple_ui_program,../scripts/../src/main/ui/simple_ui_program.f90,ui_program_input,type,public,48
simple_ui_program,../scripts/../src/main/ui/simple_ui_program.f90,ui_requirement_group,type,public,39
simple_ui_program,../scripts/../src/main/ui/simple_ui_program.f90,write2json,subroutine,public,596
simple_ui_project,../scripts/../src/main/ui/simple/simple_ui_project.f90,construct_project_programs,subroutine,public,32
simple_ui_project,../scripts/../src/main/ui/simple/simple_ui_project.f90,new_export_manifoldem_starproject,subroutine,public,126
simple_ui_project,../scripts/../src/main/ui/simple/simple_ui_project.f90,new_export_relion,subroutine,public,58
simple_ui_project,../scripts/../src/main/ui/simple/simple_ui_project.f90,new_export_starproject,subroutine,public,99
simple_ui_project,../scripts/../src/main/ui/simple/simple_ui_project.f90,new_extract_subproj,subroutine,public,155
simple_ui_project,../scripts/../src/main/ui/simple/simple_ui_project.f90,new_import_boxes,subroutine,public,193
simple_ui_project,../scripts/../src/main/ui/simple/simple_ui_project.f90,new_import_cavgs,subroutine,public,224
simple_ui_project,../scripts/../src/main/ui/simple/simple_ui_project.f90,new_import_movies,subroutine,public,244
simple_ui_project,../scripts/../src/main/ui/simple/simple_ui_project.f90,new_import_particles,subroutine,public,292
simple_ui_project,../scripts/../src/main/ui/simple/simple_ui_project.f90,new_import_starproject,subroutine,public,378
simple_ui_project,../scripts/../src/main/ui/simple/simple_ui_project.f90,new_merge_projects,subroutine,public,411
simple_ui_project,../scripts/../src/main/ui/simple/simple_ui_project.f90,new_new_project,subroutine,public,518
simple_ui_project,../scripts/../src/main/ui/simple/simple_ui_project.f90,new_print_project_field,subroutine,public,578
simple_ui_project,../scripts/../src/main/ui/simple/simple_ui_project.f90,new_print_project_info,subroutine,public,617
simple_ui_project,../scripts/../src/main/ui/simple/simple_ui_project.f90,new_prune_project,subroutine,public,645
simple_ui_project,../scripts/../src/main/ui/simple/simple_ui_project.f90,new_ptcl3D_state_consensus,subroutine,public,446
simple_ui_project,../scripts/../src/main/ui/simple/simple_ui_project.f90,new_reimport_particles,subroutine,public,359
simple_ui_project,../scripts/../src/main/ui/simple/simple_ui_project.f90,new_replace_project_field,subroutine,public,675
simple_ui_project,../scripts/../src/main/ui/simple/simple_ui_project.f90,new_selection,subroutine,public,708
simple_ui_project,../scripts/../src/main/ui/simple/simple_ui_project.f90,new_update_project,subroutine,public,778
simple_ui_project,../scripts/../src/main/ui/simple/simple_ui_project.f90,new_validate_projfile,subroutine,public,488
simple_ui_project,../scripts/../src/main/ui/simple/simple_ui_project.f90,new_write_mic_filetab,subroutine,public,887
simple_ui_project,../scripts/../src/main/ui/simple/simple_ui_project.f90,new_zero_project_shifts,subroutine,public,859
simple_ui_refine3D,../scripts/../src/main/ui/simple/simple_ui_refine3D.f90,construct_refine3D_programs,subroutine,public,18
simple_ui_refine3D,../scripts/../src/main/ui/simple/simple_ui_refine3D.f90,new_automask,subroutine,public,30
simple_ui_refine3D,../scripts/../src/main/ui/simple/simple_ui_refine3D.f90,new_bootstrap_rec3D,subroutine,public,194
simple_ui_refine3D,../scripts/../src/main/ui/simple/simple_ui_refine3D.f90,new_postprocess,subroutine,public,74
simple_ui_refine3D,../scripts/../src/main/ui/simple/simple_ui_refine3D.f90,new_reconstruct3D,subroutine,public,119
simple_ui_refine3D,../scripts/../src/main/ui/simple/simple_ui_refine3D.f90,new_refine3D,subroutine,public,241
simple_ui_refine3D,../scripts/../src/main/ui/simple/simple_ui_refine3D.f90,new_refine3D_auto,subroutine,public,385
simple_ui_refine3D,../scripts/../src/main/ui/simple/simple_ui_refine3D.f90,new_refine3D_het,subroutine,public,578
simple_ui_refine3D,../scripts/../src/main/ui/simple/simple_ui_refine3D.f90,new_refine3D_multi,subroutine,public,479
simple_ui_res,../scripts/../src/main/ui/simple/simple_ui_res.f90,construct_res_programs,subroutine,public,12
simple_ui_res,../scripts/../src/main/ui/simple/simple_ui_res.f90,new_fsc,subroutine,public,18
simple_ui_res,../scripts/../src/main/ui/simple/simple_ui_res.f90,new_fsc_area_score,subroutine,public,58
simple_ui_sim,../scripts/../src/main/ui/simple/simple_ui_sim.f90,construct_sim_programs,subroutine,public,15
simple_ui_sim,../scripts/../src/main/ui/simple/simple_ui_sim.f90,new_cif2mrc,subroutine,public,24
simple_ui_sim,../scripts/../src/main/ui/simple/simple_ui_sim.f90,new_pdb2mrc,subroutine,public,51
simple_ui_sim,../scripts/../src/main/ui/simple/simple_ui_sim.f90,new_simulate_movie,subroutine,public,86
simple_ui_sim,../scripts/../src/main/ui/simple/simple_ui_sim.f90,new_simulate_noise,subroutine,public,140
simple_ui_sim,../scripts/../src/main/ui/simple/simple_ui_sim.f90,new_simulate_particles,subroutine,public,172
simple_ui_simple_group,../scripts/../src/main/ui/simple_ui_simple_group.f90,add_simple_programs,subroutine,public,32
simple_ui_single_group,../scripts/../src/main/ui/simple_ui_single_group.f90,add_single_programs,subroutine,public,18
simple_ui_stream,../scripts/../src/main/ui/simple/simple_ui_stream.f90,construct_stream_programs,subroutine,public,17
simple_ui_stream,../scripts/../src/main/ui/simple/simple_ui_stream.f90,new_abinitio2D_stream,subroutine,public,28
simple_ui_stream,../scripts/../src/main/ui/simple/simple_ui_stream.f90,new_assign_optics,subroutine,public,72
simple_ui_stream,../scripts/../src/main/ui/simple/simple_ui_stream.f90,new_gen_pickrefs,subroutine,public,102
simple_ui_stream,../scripts/../src/main/ui/simple/simple_ui_stream.f90,new_master,subroutine,public,151
simple_ui_stream,../scripts/../src/main/ui/simple/simple_ui_stream.f90,new_pick_extract,subroutine,public,208
simple_ui_stream,../scripts/../src/main/ui/simple/simple_ui_stream.f90,new_preproc,subroutine,public,271
simple_ui_stream,../scripts/../src/main/ui/simple/simple_ui_stream.f90,new_sieve_cavgs,subroutine,public,374
simple_ui_stream_group,../scripts/../src/main/ui/simple_ui_stream_group.f90,add_stream_programs,subroutine,public,12
simple_ui_sym,../scripts/../src/main/ui/simple/simple_ui_sym.f90,construct_symmetry_programs,subroutine,public,13
simple_ui_sym,../scripts/../src/main/ui/simple/simple_ui_sym.f90,new_symaxis_search,subroutine,public,20
simple_ui_sym,../scripts/../src/main/ui/simple/simple_ui_sym.f90,new_symmetrize_map,subroutine,public,68
simple_ui_sym,../scripts/../src/main/ui/simple/simple_ui_sym.f90,new_symmetry_test,subroutine,public,117
simple_ui_test_group,../scripts/../src/main/ui/simple_ui_test_group.f90,add_test_programs,subroutine,public,25
simple_ui_utils,../scripts/../src/main/ui/simple_ui_utils.f90,add_ui_program,subroutine,public,11
simple_ui_validate,../scripts/../src/main/ui/simple/simple_ui_validation.f90,construct_validate_programs,subroutine,public,13
simple_ui_validate,../scripts/../src/main/ui/simple/simple_ui_validation.f90,new_check_refpick,subroutine,public,20
simple_ui_validate,../scripts/../src/main/ui/simple/simple_ui_validation.f90,new_mini_stream,subroutine,public,87
simple_ui_validate,../scripts/../src/main/ui/simple/simple_ui_validation.f90,new_model_validate,subroutine,public,151
simple_ui_visibility,../scripts/../src/main/ui/simple_ui_visibility.f90,ui_visibility_name,function,public,22
simple_ui_volume,../scripts/../src/main/ui/simple/simple_ui_volume.f90,construct_volume_programs,subroutine,public,13
simple_ui_volume,../scripts/../src/main/ui/simple/simple_ui_volume.f90,new_center,subroutine,public,20
simple_ui_volume,../scripts/../src/main/ui/simple/simple_ui_volume.f90,new_reproject,subroutine,public,61
simple_ui_volume,../scripts/../src/main/ui/simple/simple_ui_volume.f90,new_volops,subroutine,public,111
simple_vol_pproc_policy,../scripts/../src/main/volume/simple_vol_pproc_policy.f90,plan_state_postprocess,subroutine,public,31
simple_vol_pproc_policy,../scripts/../src/main/volume/simple_vol_pproc_policy.f90,state_mask_is_compatible,subroutine,public,52
simple_vol_pproc_policy,../scripts/../src/main/volume/simple_vol_pproc_policy.f90,vol_pproc_plan,type,public,20
simple_volanalyzer,../scripts/../src/main/volume/simple_volanalyzer.f90,calc_volpair_corrmat,subroutine,public,56
simple_volanalyzer,../scripts/../src/main/volume/simple_volanalyzer.f90,dock_compare_volumes,subroutine,public,87
simple_volanalyzer,../scripts/../src/main/volume/simple_volanalyzer.f90,init_volanalyzer,subroutine,public,24
simple_volcluster,../scripts/../src/main/volume/simple_volcluster.f90,calc_volcluster_dmat,function,public,45
simple_volcluster,../scripts/../src/main/volume/simple_volcluster.f90,kill_volumes,subroutine,private,90
simple_volcluster,../scripts/../src/main/volume/simple_volcluster.f90,read_volcluster_volumes,subroutine,public,14
simple_volcluster,../scripts/../src/main/volume/simple_volcluster.f90,write_volcluster_report,subroutine,public,69
simple_volpft_corrcalc,../scripts/../src/main/volume/simple_volpft_corrcalc.f90,corr_1,function,private,205
simple_volpft_corrcalc,../scripts/../src/main/volume/simple_volpft_corrcalc.f90,corr_2,function,private,215
simple_volpft_corrcalc,../scripts/../src/main/volume/simple_volpft_corrcalc.f90,corr_mag,function,private,195
simple_volpft_corrcalc,../scripts/../src/main/volume/simple_volpft_corrcalc.f90,extract_ref,subroutine,private,149
simple_volpft_corrcalc,../scripts/../src/main/volume/simple_volpft_corrcalc.f90,extract_target_1,subroutine,private,162
simple_volpft_corrcalc,../scripts/../src/main/volume/simple_volpft_corrcalc.f90,extract_target_2,subroutine,private,178
simple_volpft_corrcalc,../scripts/../src/main/volume/simple_volpft_corrcalc.f90,get_kfromto,function,private,139
simple_volpft_corrcalc,../scripts/../src/main/volume/simple_volpft_corrcalc.f90,get_nspace,function,private,127
simple_volpft_corrcalc,../scripts/../src/main/volume/simple_volpft_corrcalc.f90,get_nspace_nonred,function,private,133
simple_volpft_corrcalc,../scripts/../src/main/volume/simple_volpft_corrcalc.f90,kill,subroutine,private,226
simple_volpft_corrcalc,../scripts/../src/main/volume/simple_volpft_corrcalc.f90,new,subroutine,private,49
simple_volpft_corrcalc,../scripts/../src/main/volume/simple_volpft_corrcalc.f90,volpft_corrcalc,type,public,11
simple_volpft_symsrch,../scripts/../src/main/volume/simple_volpft_symsrch.f90,volpft_srch4symaxis,subroutine,public,87
simple_volpft_symsrch,../scripts/../src/main/volume/simple_volpft_symsrch.f90,volpft_symsrch_costfun,function,private,169
simple_volpft_symsrch,../scripts/../src/main/volume/simple_volpft_symsrch.f90,volpft_symsrch_init,subroutine,public,33
simple_volpft_symsrch,../scripts/../src/main/volume/simple_volpft_symsrch.f90,volpft_symsrch_kill,subroutine,private,206
simple_volpft_symsrch,../scripts/../src/main/volume/simple_volpft_symsrch.f90,volpft_symsrch_scorefun,function,private,178
simple_vrefhash,../scripts/../src/utils/structs/simple_vrefhash.f90,clear,subroutine,private,163
simple_vrefhash,../scripts/../src/utils/structs/simple_vrefhash.f90,del_char,subroutine,private,330
simple_vrefhash,../scripts/../src/utils/structs/simple_vrefhash.f90,del_str,subroutine,private,351
simple_vrefhash,../scripts/../src/utils/structs/simple_vrefhash.f90,destroy,subroutine,private,181
simple_vrefhash,../scripts/../src/utils/structs/simple_vrefhash.f90,finalize_node,subroutine,private,92
simple_vrefhash,../scripts/../src/utils/structs/simple_vrefhash.f90,find_node,subroutine,private,125
simple_vrefhash,../scripts/../src/utils/structs/simple_vrefhash.f90,get_ref_char,subroutine,private,286
simple_vrefhash,../scripts/../src/utils/structs/simple_vrefhash.f90,get_ref_str,subroutine,private,306
simple_vrefhash,../scripts/../src/utils/structs/simple_vrefhash.f90,init,subroutine,private,144
simple_vrefhash,../scripts/../src/utils/structs/simple_vrefhash.f90,keys,function,private,376
simple_vrefhash,../scripts/../src/utils/structs/simple_vrefhash.f90,keys_sorted,function,private,401
simple_vrefhash,../scripts/../src/utils/structs/simple_vrefhash.f90,set_ref_char,subroutine,private,234
simple_vrefhash,../scripts/../src/utils/structs/simple_vrefhash.f90,set_ref_str,subroutine,private,259
simple_vrefhash,../scripts/../src/utils/structs/simple_vrefhash.f90,vrefhash,type,public,54
simple_vrefhash,../scripts/../src/utils/structs/simple_vrefhash.f90,vrefhash_bucket,type,public,47
simple_vrefhash,../scripts/../src/utils/structs/simple_vrefhash.f90,vrefhash_node,type,public,39
simple_vrefhash_tester,../scripts/../src/utils/structs/simple_vrefhash_tester.f90,inc,subroutine,private,23
simple_vrefhash_tester,../scripts/../src/utils/structs/simple_vrefhash_tester.f90,my_cfg,type,private,10
simple_vrefhash_tester,../scripts/../src/utils/structs/simple_vrefhash_tester.f90,my_obj,type,private,15
simple_vrefhash_tester,../scripts/../src/utils/structs/simple_vrefhash_tester.f90,run_all_vrefhash_tests,subroutine,public,29
simple_vrefhash_tester,../scripts/../src/utils/structs/simple_vrefhash_tester.f90,test_collision_sanity_many_keys,subroutine,private,262
simple_vrefhash_tester,../scripts/../src/utils/structs/simple_vrefhash_tester.f90,test_delete,subroutine,private,224
simple_vrefhash_tester,../scripts/../src/utils/structs/simple_vrefhash_tester.f90,test_init_clear_destroy_and_count,subroutine,private,46
simple_vrefhash_tester,../scripts/../src/utils/structs/simple_vrefhash_tester.f90,test_keys_returns_all_keys,subroutine,private,296
simple_vrefhash_tester,../scripts/../src/utils/structs/simple_vrefhash_tester.f90,test_keys_sorted_returns_sorted_keys,subroutine,private,324
simple_vrefhash_tester,../scripts/../src/utils/structs/simple_vrefhash_tester.f90,test_missing_key_get_ref_returns_null,subroutine,private,248
simple_vrefhash_tester,../scripts/../src/utils/structs/simple_vrefhash_tester.f90,test_reference_semantics_updates_visible,subroutine,private,103
simple_vrefhash_tester,../scripts/../src/utils/structs/simple_vrefhash_tester.f90,test_replace_pointer_on_same_key,subroutine,private,131
simple_vrefhash_tester,../scripts/../src/utils/structs/simple_vrefhash_tester.f90,test_set_get_has_key_with_char_and_string_keys,subroutine,private,67
simple_vrefhash_tester,../scripts/../src/utils/structs/simple_vrefhash_tester.f90,test_store_multiple_dynamic_types,subroutine,private,175
simple_winfuns,../scripts/../src/main/interp/simple_winfuns.f90,ifun,function,private,51
simple_winfuns,../scripts/../src/main/interp/simple_winfuns.f90,wfun,function,private,41
simple_winfuns,../scripts/../src/main/interp/simple_winfuns.f90,winfuns,type,public,9
single_commanders_experimental,../scripts/../src/main/commanders/single/single_commanders_experimental.f90,commander_cavgseoproc_nano,type,public,13
single_commanders_experimental,../scripts/../src/main/commanders/single/single_commanders_experimental.f90,commander_cavgsproc_nano,type,public,8
single_commanders_experimental,../scripts/../src/main/commanders/single/single_commanders_experimental.f90,commander_ptclsproc_nano,type,public,18
single_commanders_experimental,../scripts/../src/main/commanders/single/single_commanders_experimental.f90,commander_trajectory_make_projavgs,type,public,28
single_commanders_experimental,../scripts/../src/main/commanders/single/single_commanders_experimental.f90,commander_tsegmaps_core_finder,type,public,23
single_commanders_experimental,../scripts/../src/main/commanders/single/single_commanders_experimental.f90,commander_validate_cavgs_vs_model,type,public,33
single_commanders_experimental,../scripts/../src/main/commanders/single/single_commanders_experimental.f90,exec_cavgseoproc_nano,subroutine,public,162
single_commanders_experimental,../scripts/../src/main/commanders/single/single_commanders_experimental.f90,exec_cavgsproc_nano,subroutine,public,40
single_commanders_experimental,../scripts/../src/main/commanders/single/single_commanders_experimental.f90,exec_ptclsproc_nano,subroutine,public,231
single_commanders_experimental,../scripts/../src/main/commanders/single/single_commanders_experimental.f90,exec_trajectory_make_projavgs,subroutine,public,360
single_commanders_experimental,../scripts/../src/main/commanders/single/single_commanders_experimental.f90,exec_tsegmaps_core_finder,subroutine,public,288
single_commanders_experimental,../scripts/../src/main/commanders/single/single_commanders_experimental.f90,exec_validate_cavgs_vs_model,subroutine,public,507
single_commanders_nano2D,../scripts/../src/main/commanders/single/single_commanders_nano2D.f90,commander_analysis2D_nano,type,public,19
single_commanders_nano2D,../scripts/../src/main/commanders/single/single_commanders_nano2D.f90,commander_center2D_nano,type,public,9
single_commanders_nano2D,../scripts/../src/main/commanders/single/single_commanders_nano2D.f90,commander_cluster2D_nano,type,public,14
single_commanders_nano2D,../scripts/../src/main/commanders/single/single_commanders_nano2D.f90,exec_analysis2D_nano,subroutine,public,146
single_commanders_nano2D,../scripts/../src/main/commanders/single/single_commanders_nano2D.f90,exec_center2D_nano,subroutine,public,26
single_commanders_nano2D,../scripts/../src/main/commanders/single/single_commanders_nano2D.f90,exec_cluster2D_nano,subroutine,public,97
single_commanders_nano3D,../scripts/../src/main/commanders/single/single_commanders_nano3D.f90,commander_abinitio3D_nano,type,public,24
single_commanders_nano3D,../scripts/../src/main/commanders/single/single_commanders_nano3D.f90,commander_autorefine3D_nano,type,public,14
single_commanders_nano3D,../scripts/../src/main/commanders/single/single_commanders_nano3D.f90,commander_refine3D_nano,type,public,19
single_commanders_nano3D,../scripts/../src/main/commanders/single/single_commanders_nano3D.f90,commander_trajectory_reconstruct3D_distr,type,public,29
single_commanders_nano3D,../scripts/../src/main/commanders/single/single_commanders_nano3D.f90,exec_abinitio3D_nano,subroutine,public,36
single_commanders_nano3D,../scripts/../src/main/commanders/single/single_commanders_nano3D.f90,exec_autorefine3D_nano,subroutine,public,53
single_commanders_nano3D,../scripts/../src/main/commanders/single/single_commanders_nano3D.f90,exec_commander_trajectory_reconstruct3D_distr,subroutine,public,303
single_commanders_nano3D,../scripts/../src/main/commanders/single/single_commanders_nano3D.f90,exec_refine3D_nano,subroutine,public,275
single_commanders_trajectory,../scripts/../src/main/commanders/single/single_commanders_trajectory.f90,commander_extract_substk,type,public,42
single_commanders_trajectory,../scripts/../src/main/commanders/single/single_commanders_trajectory.f90,commander_graphene_subtr,type,public,22
single_commanders_trajectory,../scripts/../src/main/commanders/single/single_commanders_trajectory.f90,commander_import_trajectory,type,public,27
single_commanders_trajectory,../scripts/../src/main/commanders/single/single_commanders_trajectory.f90,commander_track_particles,type,public,12
single_commanders_trajectory,../scripts/../src/main/commanders/single/single_commanders_trajectory.f90,commander_track_particles_distr,type,public,7
single_commanders_trajectory,../scripts/../src/main/commanders/single/single_commanders_trajectory.f90,commander_trajectory_backgr_subtr,type,public,17
single_commanders_trajectory,../scripts/../src/main/commanders/single/single_commanders_trajectory.f90,commander_trajectory_denoise,type,public,32
single_commanders_trajectory,../scripts/../src/main/commanders/single/single_commanders_trajectory.f90,commander_trajectory_swap_stack,type,public,37
single_commanders_trajectory,../scripts/../src/main/commanders/single/single_commanders_trajectory.f90,exec_extract_substk,subroutine,public,421
single_commanders_trajectory,../scripts/../src/main/commanders/single/single_commanders_trajectory.f90,exec_graphene_subtr,subroutine,public,248
single_commanders_trajectory,../scripts/../src/main/commanders/single/single_commanders_trajectory.f90,exec_import_trajectory,subroutine,public,338
single_commanders_trajectory,../scripts/../src/main/commanders/single/single_commanders_trajectory.f90,exec_track_particles,subroutine,public,123
single_commanders_trajectory,../scripts/../src/main/commanders/single/single_commanders_trajectory.f90,exec_track_particles_distr,subroutine,public,49
single_commanders_trajectory,../scripts/../src/main/commanders/single/single_commanders_trajectory.f90,exec_trajectory_backgr_subtr,subroutine,public,189
single_commanders_trajectory,../scripts/../src/main/commanders/single/single_commanders_trajectory.f90,exec_trajectory_denoise,subroutine,public,371
single_commanders_trajectory,../scripts/../src/main/commanders/single/single_commanders_trajectory.f90,exec_trajectory_swap_stack,subroutine,public,385
single_commanders_tseries,../scripts/../src/main/commanders/single/single_commanders_tseries.f90,commander_tseries_extractor,type,public,27
single_commanders_tseries,../scripts/../src/main/commanders/single/single_commanders_tseries.f90,commander_tseries_import,type,public,7
single_commanders_tseries,../scripts/../src/main/commanders/single/single_commanders_tseries.f90,commander_tseries_make_pickavg,type,public,32
single_commanders_tseries,../scripts/../src/main/commanders/single/single_commanders_tseries.f90,commander_tseries_motion_correct,type,public,17
single_commanders_tseries,../scripts/../src/main/commanders/single/single_commanders_tseries.f90,commander_tseries_motion_correct_distr,type,public,12
single_commanders_tseries,../scripts/../src/main/commanders/single/single_commanders_tseries.f90,commander_tseries_prep4tracking,type,public,22
single_commanders_tseries,../scripts/../src/main/commanders/single/single_commanders_tseries.f90,downscale_frames,subroutine,public,300
single_commanders_tseries,../scripts/../src/main/commanders/single/single_commanders_tseries.f90,exec_tseries_extractor,subroutine,public,355
single_commanders_tseries,../scripts/../src/main/commanders/single/single_commanders_tseries.f90,exec_tseries_import,subroutine,public,39
single_commanders_tseries,../scripts/../src/main/commanders/single/single_commanders_tseries.f90,exec_tseries_make_pickavg,subroutine,public,372
single_commanders_tseries,../scripts/../src/main/commanders/single/single_commanders_tseries.f90,exec_tseries_motion_correct,subroutine,public,119
single_commanders_tseries,../scripts/../src/main/commanders/single/single_commanders_tseries.f90,exec_tseries_motion_correct_distr,subroutine,public,72
single_commanders_tseries,../scripts/../src/main/commanders/single/single_commanders_tseries.f90,exec_tseries_prep4tracking,subroutine,public,209
single_commanders_tseries,../scripts/../src/main/commanders/single/single_commanders_tseries.f90,find_outliers,subroutine,public,318
single_exec_atom,../scripts/../src/main/exec/single_exec_atom.f90,exec_atom_commander,subroutine,public,22
single_exec_map,../scripts/../src/main/exec/single_exec_map.f90,exec_map_commander,subroutine,public,15
single_exec_nano2D,../scripts/../src/main/exec/single_exec_nano2D.f90,exec_nano2D_commander,subroutine,public,17
single_exec_nano3D,../scripts/../src/main/exec/single_exec_nano3D.f90,exec_nano3D_commander,subroutine,public,17
single_exec_trajectory,../scripts/../src/main/exec/single_exec_trajectory.f90,exec_trajectory_commander,subroutine,public,22
single_exec_tseries,../scripts/../src/main/exec/single_exec_tseries.f90,exec_tseries_commander,subroutine,public,20
single_exec_validate,../scripts/../src/main/exec/single_exec_validate.f90,exec_validate_commander,subroutine,public,16
single_tseries_extractor,../scripts/../src/main/nano/single_tseries_extractor.f90,build_mapping,subroutine,private,169
single_tseries_extractor,../scripts/../src/main/nano/single_tseries_extractor.f90,extract_trajectory,subroutine,public,73
single_tseries_extractor,../scripts/../src/main/nano/single_tseries_extractor.f90,identify_neighbours,subroutine,private,227
single_tseries_extractor,../scripts/../src/main/nano/single_tseries_extractor.f90,init_trajectory_extractor,subroutine,public,28
single_tseries_extractor,../scripts/../src/main/nano/single_tseries_extractor.f90,kill_trajectory_extractor,subroutine,public,256
single_tseries_extractor,../scripts/../src/main/nano/single_tseries_extractor.f90,update_background_pspec,subroutine,private,200
single_tseries_tracker,../scripts/../src/main/nano/single_tseries_tracker.f90,center_reference,function,private,366
single_tseries_tracker,../scripts/../src/main/nano/single_tseries_tracker.f90,cleanup_centering_images,subroutine,private,441
single_tseries_tracker,../scripts/../src/main/nano/single_tseries_tracker.f90,identify_neighbours,subroutine,private,335
single_tseries_tracker,../scripts/../src/main/nano/single_tseries_tracker.f90,init_tracker,subroutine,public,37
single_tseries_tracker,../scripts/../src/main/nano/single_tseries_tracker.f90,kill_tracker,subroutine,public,465
single_tseries_tracker,../scripts/../src/main/nano/single_tseries_tracker.f90,track_particle,subroutine,public,102
single_tseries_tracker,../scripts/../src/main/nano/single_tseries_tracker.f90,update_background_pspec,subroutine,private,308
single_tseries_tracker,../scripts/../src/main/nano/single_tseries_tracker.f90,write_tester_dump,subroutine,private,289
single_tseries_tracker,../scripts/../src/main/nano/single_tseries_tracker.f90,write_trajectory,subroutine,private,264
single_ui_atom,../scripts/../src/main/ui/single/single_ui_atom.f90,construct_single_atom_programs,subroutine,public,17
single_ui_atom,../scripts/../src/main/ui/single/single_ui_atom.f90,new_atoms_register,subroutine,public,28
single_ui_atom,../scripts/../src/main/ui/single/single_ui_atom.f90,new_atoms_rmsd,subroutine,public,56
single_ui_atom,../scripts/../src/main/ui/single/single_ui_atom.f90,new_atoms_stats,subroutine,public,90
single_ui_atom,../scripts/../src/main/ui/single/single_ui_atom.f90,new_core_atoms_analysis,subroutine,public,135
single_ui_atom,../scripts/../src/main/ui/single/single_ui_atom.f90,new_crys_score,subroutine,public,169
single_ui_atom,../scripts/../src/main/ui/single/single_ui_atom.f90,new_detect_atoms,subroutine,public,203
single_ui_atom,../scripts/../src/main/ui/single/single_ui_atom.f90,new_simulate_nanoparticle,subroutine,public,237
single_ui_map,../scripts/../src/main/ui/single/single_ui_map.f90,construct_single_map_programs,subroutine,public,12
single_ui_map,../scripts/../src/main/ui/single/single_ui_map.f90,new_conv_atom_denoise,subroutine,public,18
single_ui_map,../scripts/../src/main/ui/single/single_ui_map.f90,new_tsegmaps_core_finder,subroutine,public,54
single_ui_nano2D,../scripts/../src/main/ui/single/single_ui_nano2D.f90,construct_single_nano2D_programs,subroutine,public,14
single_ui_nano2D,../scripts/../src/main/ui/single/single_ui_nano2D.f90,new_analysis2D_nano,subroutine,public,22
single_ui_nano2D,../scripts/../src/main/ui/single/single_ui_nano2D.f90,new_center2D_nano,subroutine,public,55
single_ui_nano2D,../scripts/../src/main/ui/single/single_ui_nano2D.f90,new_cluster2D_nano,subroutine,public,94
single_ui_nano2D,../scripts/../src/main/ui/single/single_ui_nano2D.f90,new_estimate_diam,subroutine,public,151
single_ui_nano3D,../scripts/../src/main/ui/single/single_ui_nano3D.f90,construct_single_nano3D_programs,subroutine,public,13
single_ui_nano3D,../scripts/../src/main/ui/single/single_ui_nano3D.f90,new_abinitio3D_nano,subroutine,public,20
single_ui_nano3D,../scripts/../src/main/ui/single/single_ui_nano3D.f90,new_autorefine3D_nano,subroutine,public,56
single_ui_nano3D,../scripts/../src/main/ui/single/single_ui_nano3D.f90,new_refine3D_nano,subroutine,public,120
single_ui_trajectory,../scripts/../src/main/ui/single/single_ui_trajectory.f90,construct_single_trajectory_programs,subroutine,public,17
single_ui_trajectory,../scripts/../src/main/ui/single/single_ui_trajectory.f90,new_extract_substk,subroutine,public,28
single_ui_trajectory,../scripts/../src/main/ui/single/single_ui_trajectory.f90,new_graphene_subtr,subroutine,public,63
single_ui_trajectory,../scripts/../src/main/ui/single/single_ui_trajectory.f90,new_import_trajectory,subroutine,public,99
single_ui_trajectory,../scripts/../src/main/ui/single/single_ui_trajectory.f90,new_trajectory_denoise,subroutine,public,131
single_ui_trajectory,../scripts/../src/main/ui/single/single_ui_trajectory.f90,new_trajectory_make_projavgs,subroutine,public,189
single_ui_trajectory,../scripts/../src/main/ui/single/single_ui_trajectory.f90,new_trajectory_reconstruct3D,subroutine,public,223
single_ui_trajectory,../scripts/../src/main/ui/single/single_ui_trajectory.f90,new_trajectory_swap_stack,subroutine,public,268
single_ui_tseries,../scripts/../src/main/ui/single/single_ui_tseries.f90,construct_single_tseries_programs,subroutine,public,16
single_ui_tseries,../scripts/../src/main/ui/single/single_ui_tseries.f90,new_track_particles,subroutine,public,26
single_ui_tseries,../scripts/../src/main/ui/single/single_ui_tseries.f90,new_tseries_extractor,subroutine,public,255
single_ui_tseries,../scripts/../src/main/ui/single/single_ui_tseries.f90,new_tseries_import,subroutine,public,87
single_ui_tseries,../scripts/../src/main/ui/single/single_ui_tseries.f90,new_tseries_make_pickavg,subroutine,public,123
single_ui_tseries,../scripts/../src/main/ui/single/single_ui_tseries.f90,new_tseries_motion_correct,subroutine,public,174
single_ui_tseries,../scripts/../src/main/ui/single/single_ui_tseries.f90,new_tseries_prep4tracking,subroutine,public,226
single_ui_validate,../scripts/../src/main/ui/single/single_ui_validate.f90,construct_single_validate_programs,subroutine,public,14
single_ui_validate,../scripts/../src/main/ui/single/single_ui_validate.f90,new_cavgseoproc_nano,subroutine,public,22
single_ui_validate,../scripts/../src/main/ui/single/single_ui_validate.f90,new_cavgsproc_nano,subroutine,public,57
single_ui_validate,../scripts/../src/main/ui/single/single_ui_validate.f90,new_ptclsproc_nano,subroutine,public,92
single_ui_validate,../scripts/../src/main/ui/single/single_ui_validate.f90,new_validate_cavgs_vs_model,subroutine,public,125
subroutine,../scripts/../src/main/image/simple_image_ops.f90,add_edge,subroutine,public,537
subroutine,../scripts/../src/main/project/simple_sp_project_io.f90,add_fsc,subroutine,public,649
subroutine,../scripts/../src/main/project/simple_sp_project_io.f90,add_oriplot,subroutine,public,711
subroutine,../scripts/../src/main/nu_filt/simple_nu_filter_extend.f90,append_and_thin_nu_highres_candidate,subroutine,public,335
subroutine,../scripts/../src/main/image/simple_image_ops.f90,apply_dose_weighing,subroutine,public,664
subroutine,../scripts/../src/main/simple_abinitio_utils.f90,apply_refine3D_reconstruction_controls,subroutine,public,235
subroutine,../scripts/../src/main/pftc/simple_polarft_core.f90,assert_polarize_pdim,subroutine,public,292
subroutine,../scripts/../src/main/nu_filt/simple_nu_filter_bank.f90,cache_nu_extension_frontier_dmats,subroutine,public,230
subroutine,../scripts/../src/main/nu_filt/simple_nu_filter_extend.f90,cache_nu_highres_extension_frontier_after_selection,subroutine,public,712
subroutine,../scripts/../src/main/class/simple_classaverager_restore.f90,calc_class_center_shift,subroutine,public,199
subroutine,../scripts/../src/main/simple_abinitio_utils.f90,calc_final_rec,subroutine,public,785
subroutine,../scripts/../src/main/simple_abinitio_utils.f90,calc_lplim_final_stage,function,public,441
subroutine,../scripts/../src/main/simple_abinitio_utils.f90,calc_rec,subroutine,public,592
subroutine,../scripts/../src/main/project/simple_sp_project_io.f90,calculate_histogram,subroutine,public,533
subroutine,../scripts/../src/main/project/simple_sp_project_io.f90,calculate_indices,subroutine,public,616
subroutine,../scripts/../src/main/project/simple_sp_project_io.f90,calculate_optics_plot,subroutine,public,586
subroutine,../scripts/../src/main/project/simple_sp_project_io.f90,calculate_plot,subroutine,public,559
subroutine,../scripts/../src/main/class/simple_classaverager_restore.f90,cavger_update_sums,subroutine,public,286
subroutine,../scripts/../src/main/params/simple_parameters_phases.f90,check_file_formats,subroutine,public,451
subroutine,../scripts/../src/main/params/simple_parameters_phases.f90,check_vol,subroutine,public,399
subroutine,../scripts/../src/main/image/simple_image_polar.f90,clear_polar_memo,subroutine,public,185
subroutine,../scripts/../src/main/nu_filt/simple_nu_filter_extend.f90,collect_nu_base_label_voxels,subroutine,public,623
subroutine,../scripts/../src/main/nu_filt/simple_nu_filter_extend.f90,compact_nu_highres_dmat_bank_for_capacity,subroutine,public,485
subroutine,../scripts/../src/main/class/simple_classaverager_restore.f90,dealloc_cavgs,subroutine,public,792
subroutine,../scripts/../src/main/params/simple_parameters_phases.f90,double_check_file_formats,subroutine,public,464
subroutine,../scripts/../src/main/image/simple_image_seg.f90,dt_1d,subroutine,public,164
subroutine,../scripts/../src/main/project/simple_sp_project_io.f90,ensure_phase_shift_fields,subroutine,public,1107
subroutine,../scripts/../src/main/pftc/simple_polarft_corr.f90,eval_joint_coeffs_at_rotind,subroutine,public,1564
subroutine,../scripts/../src/main/pftc/simple_polarft_corr.f90,eval_series_at_rotind,subroutine,public,1807
subroutine,../scripts/../src/main/simple_abinitio_utils.f90,exec_refine3D,subroutine,public,474
subroutine,../scripts/../src/main/nu_filt/simple_nu_filter_extend.f90,fill_nu_frontier_dmat_from_bank,subroutine,public,648
subroutine,../scripts/../src/main/ori/simple_oris_stats.f90,gen_c1,subroutine,public,168
subroutine,../scripts/../src/main/pftc/simple_polarft_corr.f90,gen_euclid_crvec,subroutine,public,465
subroutine,../scripts/../src/main/pftc/simple_polarft_corr.f90,gen_euclid_residual_grad,subroutine,public,1350
subroutine,../scripts/../src/main/pftc/simple_polarft_corr.f90,gen_hybrid_grad_for_rot_8_local,subroutine,public,1209
subroutine,../scripts/../src/main/pftc/simple_polarft_corr.f90,gen_many2many_euclids_cufft_kernel,subroutine,public,2298
subroutine,../scripts/../src/main/pftc/simple_polarft_corr.f90,gen_normalized_corr_grad_at_angle,subroutine,public,1682
subroutine,../scripts/../src/main/simple_abinitio_utils.f90,gen_ortho_reprojs4viz,subroutine,public,753
subroutine,../scripts/../src/main/pftc/simple_polarft_corr.f90,gen_raw_euclid_vals_impl,subroutine,public,295
subroutine,../scripts/../src/main/simple_abinitio_utils.f90,generate_random_volumes,subroutine,public,999
subroutine,../scripts/../src/main/project/simple_sp_project_io.f90,get_projections,subroutine,public,779
subroutine,../scripts/../src/main/image/simple_image_ops.f90,init_gridcorr_mats,subroutine,public,617
subroutine,../scripts/../src/main/simple_abinitio_utils.f90,inject_refine3D_volume,subroutine,public,272
subroutine,../scripts/../src/main/image/simple_image_calc.f90,loc_var_masked,subroutine,public,228
subroutine,../scripts/../src/main/nu_filt/simple_nu_filter_bank.f90,log_nu_aux_replacement_margin_stats,subroutine,public,306
subroutine,../scripts/../src/main/nu_filt/simple_nu_filter_bank.f90,log_nu_objective_smoothing_bank,subroutine,public,358
subroutine,../scripts/../src/main/pftc/simple_polarft_memo.f90,memo_ptcls_alloc_error,subroutine,public,278
subroutine,../scripts/../src/main/image/simple_image_polar.f90,memoize_polar_point,subroutine,public,197
subroutine,../scripts/../src/main/params/simple_parameters_phases.f90,mkfnames,subroutine,public,482
subroutine,../scripts/../src/main/simple_abinitio_utils.f90,normalize_input_volumes,subroutine,public,1044
subroutine,../scripts/../src/main/image/simple_image_fft.f90,normalized_masked_value,subroutine,public,638
subroutine,../scripts/../src/main/pftc/simple_polarft_ops_io.f90,open_pft_or_ctf2_array_for_write,subroutine,public,82
subroutine,../scripts/../src/main/nu_filt/simple_nu_filter_extend.f90,pack_nu_dmat_to_mask_vector,subroutine,public,590
subroutine,../scripts/../src/main/simple_abinitio_utils.f90,prep_class_command_lines,subroutine,public,158
subroutine,../scripts/../src/main/simple_abinitio_utils.f90,prep_final_rec_cline,subroutine,public,920
subroutine,../scripts/../src/main/nu_filt/simple_nu_filter_state.f90,prepare_nu_smooth_norm,subroutine,public,330
subroutine,../scripts/../src/main/simple_abinitio_utils.f90,print_states,subroutine,public,1073
subroutine,../scripts/../src/main/nu_filt/simple_nu_filter_extend.f90,prune_nu_highres_extension_bank,subroutine,public,733
subroutine,../scripts/../src/main/simple_abinitio_utils.f90,randomize_states,subroutine,public,710
subroutine,../scripts/../src/main/class/simple_classaverager_restore.f90,read_cavgs,subroutine,public,573
subroutine,../scripts/../src/main/params/simple_parameters_phases.f90,read_masks,subroutine,public,433
subroutine,../scripts/../src/main/simple_abinitio_utils.f90,register_stage_volume,subroutine,public,284
subroutine,../scripts/../src/main/nu_filt/simple_nu_filter_evidence.f90,regularize_evidence_labels,subroutine,public,593
subroutine,../scripts/../src/main/nu_filt/simple_nu_filter_stats.f90,require_valid_stats_mask,subroutine,public,406
subroutine,../scripts/../src/main/image/simple_image_access.f90,reset_mats,subroutine,public,276
subroutine,../scripts/../src/main/image/simple_image_access.f90,set_action,subroutine,public,515
subroutine,../scripts/../src/main/project/simple_sp_project_ptcl.f90,set_boxcoords,subroutine,public,761
subroutine,../scripts/../src/main/image/simple_image_ops.f90,set_face_indices,subroutine,public,530
subroutine,../scripts/../src/main/project/simple_sp_project_ptcl.f90,set_indstk_from_range,subroutine,public,89
subroutine,../scripts/../src/main/params/simple_parameters_phases.f90,set_ldim_box_from_stk,subroutine,public,487
subroutine,../scripts/../src/main/simple_abinitio_utils.f90,set_lplims_from_frcs,subroutine,public,391
subroutine,../scripts/../src/main/simple_abinitio_utils.f90,set_lplims_from_input,subroutine,public,456
subroutine,../scripts/../src/main/simple_abinitio_utils.f90,set_symmetry_class_vars,subroutine,public,368
subroutine,../scripts/../src/main/class/simple_classaverager_restore.f90,shift_stack_slice2D,subroutine,public,228
subroutine,../scripts/../src/main/project/simple_sp_project_io.f90,sort_oris,function,public,764
subroutine,../scripts/../src/main/simple_abinitio_utils.f90,strip_refine3D_planning_keys,subroutine,public,214
subroutine,../scripts/../src/main/simple_abinitio_utils.f90,symmetrize,subroutine,public,503
subroutine,../scripts/../src/main/nu_filt/simple_nu_filter_evidence.f90,validate_compact_evidence_state,subroutine,public,545
subroutine,../scripts/../src/main/simple_abinitio_utils.f90,write_abinitio_lowpass_snapshot,subroutine,public,317
subroutine,../scripts/../src/main/simple_abinitio_utils.f90,write_final_rec_outputs,subroutine,public,962
unix_dirent,../scripts/../src/extlibs/unix/src/unix_dirent.F90,c_closedir,function,public,52
unix_dirent,../scripts/../src/extlibs/unix/src/unix_dirent.F90,c_dirent,type,private,23
unix_dirent,../scripts/../src/extlibs/unix/src/unix_dirent.F90,c_dirent,type,private,34
unix_dirent,../scripts/../src/extlibs/unix/src/unix_dirent.F90,c_opendir,function,public,60
unix_dirent,../scripts/../src/extlibs/unix/src/unix_dirent.F90,c_readdir,function,public,68
unix_errno,../scripts/../src/extlibs/unix/src/unix_errno.F90,c_errno,function,public,226
unix_fcntl,../scripts/../src/extlibs/unix/src/unix_fcntl.F90,c_fcntl,function,public,60
unix_fcntl,../scripts/../src/extlibs/unix/src/unix_fcntl.F90,c_open,function,public,70
unix_inet,../scripts/../src/extlibs/unix/src/unix_inet.F90,c_htonl,function,public,17
unix_inet,../scripts/../src/extlibs/unix/src/unix_inet.F90,c_htons,function,public,25
unix_inet,../scripts/../src/extlibs/unix/src/unix_inet.F90,c_inet_addr,function,public,33
unix_ioctl,../scripts/../src/extlibs/unix/src/unix_ioctl.F90,c_ioctl,function,public,15
unix_ipc,../scripts/../src/extlibs/unix/src/unix_ipc.F90,c_ftok,function,public,25
unix_mqueue,../scripts/../src/extlibs/unix/src/unix_mqueue.F90,c_mq_attr,type,private,13
unix_mqueue,../scripts/../src/extlibs/unix/src/unix_mqueue.F90,c_mq_close,function,public,33
unix_mqueue,../scripts/../src/extlibs/unix/src/unix_mqueue.F90,c_mq_getattr,function,public,41
unix_mqueue,../scripts/../src/extlibs/unix/src/unix_mqueue.F90,c_mq_open,function,public,50
unix_mqueue,../scripts/../src/extlibs/unix/src/unix_mqueue.F90,c_mq_receive,function,public,61
unix_mqueue,../scripts/../src/extlibs/unix/src/unix_mqueue.F90,c_mq_send,function,public,72
unix_mqueue,../scripts/../src/extlibs/unix/src/unix_mqueue.F90,c_mq_setattr,function,public,83
unix_mqueue,../scripts/../src/extlibs/unix/src/unix_mqueue.F90,c_mq_timedreceive,function,public,93
unix_mqueue,../scripts/../src/extlibs/unix/src/unix_mqueue.F90,c_mq_timedsend,function,public,106
unix_mqueue,../scripts/../src/extlibs/unix/src/unix_mqueue.F90,c_mq_unlink,function,public,118
unix_msg,../scripts/../src/extlibs/unix/src/unix_msg.F90,c_msgctl,function,public,18
unix_msg,../scripts/../src/extlibs/unix/src/unix_msg.F90,c_msgget,function,public,28
unix_msg,../scripts/../src/extlibs/unix/src/unix_msg.F90,c_msgrcv,function,public,37
unix_msg,../scripts/../src/extlibs/unix/src/unix_msg.F90,c_msgsnd,function,public,49
unix_netdb,../scripts/../src/extlibs/unix/src/unix_netdb.F90,c_addrinfo,type,private,50
unix_netdb,../scripts/../src/extlibs/unix/src/unix_netdb.F90,c_addrinfo,type,private,83
unix_netdb,../scripts/../src/extlibs/unix/src/unix_netdb.F90,c_freeaddrinfo,subroutine,public,130
unix_netdb,../scripts/../src/extlibs/unix/src/unix_netdb.F90,c_gai_strerror,function,public,111
unix_netdb,../scripts/../src/extlibs/unix/src/unix_netdb.F90,c_getaddrinfo,function,public,119
unix_netdb,../scripts/../src/extlibs/unix/src/unix_netdb.F90,c_in_addr,type,private,30
unix_netdb,../scripts/../src/extlibs/unix/src/unix_netdb.F90,c_sockaddr,type,private,44
unix_netdb,../scripts/../src/extlibs/unix/src/unix_netdb.F90,c_sockaddr,type,private,76
unix_netdb,../scripts/../src/extlibs/unix/src/unix_netdb.F90,c_sockaddr_in,type,private,62
unix_netdb,../scripts/../src/extlibs/unix/src/unix_netdb.F90,c_sockaddr_in,type,private,95
unix_pthread,../scripts/../src/extlibs/unix/src/unix_pthread.F90,c_pthread_cancel,function,public,89
unix_pthread,../scripts/../src/extlibs/unix/src/unix_pthread.F90,c_pthread_create,function,public,97
unix_pthread,../scripts/../src/extlibs/unix/src/unix_pthread.F90,c_pthread_detach,function,public,108
unix_pthread,../scripts/../src/extlibs/unix/src/unix_pthread.F90,c_pthread_exit,subroutine,public,116
unix_pthread,../scripts/../src/extlibs/unix/src/unix_pthread.F90,c_pthread_join,function,public,123
unix_pthread,../scripts/../src/extlibs/unix/src/unix_pthread.F90,c_pthread_mutex_destroy,function,public,132
unix_pthread,../scripts/../src/extlibs/unix/src/unix_pthread.F90,c_pthread_mutex_init,function,public,140
unix_pthread,../scripts/../src/extlibs/unix/src/unix_pthread.F90,c_pthread_mutex_lock,function,public,149
unix_pthread,../scripts/../src/extlibs/unix/src/unix_pthread.F90,c_pthread_mutex_t,type,private,69
unix_pthread,../scripts/../src/extlibs/unix/src/unix_pthread.F90,c_pthread_mutex_trylock,function,public,157
unix_pthread,../scripts/../src/extlibs/unix/src/unix_pthread.F90,c_pthread_mutex_unlock,function,public,165
unix_pthread,../scripts/../src/extlibs/unix/src/unix_pthread.F90,c_pthread_setcancelstate,function,public,173
unix_pthread,../scripts/../src/extlibs/unix/src/unix_pthread.F90,c_pthread_setcanceltype,function,public,182
unix_pthread,../scripts/../src/extlibs/unix/src/unix_pthread.F90,c_pthread_t,type,public,63
unix_regex,../scripts/../src/extlibs/unix/src/unix_regex.F90,c_regcomp,function,public,110
unix_regex,../scripts/../src/extlibs/unix/src/unix_regex.F90,c_regerror,function,public,120
unix_regex,../scripts/../src/extlibs/unix/src/unix_regex.F90,c_regex_t,type,private,41
unix_regex,../scripts/../src/extlibs/unix/src/unix_regex.F90,c_regex_t,type,private,89
unix_regex,../scripts/../src/extlibs/unix/src/unix_regex.F90,c_regexec,function,public,131
unix_regex,../scripts/../src/extlibs/unix/src/unix_regex.F90,c_regfree,subroutine,public,143
unix_regex,../scripts/../src/extlibs/unix/src/unix_regex.F90,c_regmatch_t,type,private,98
unix_semaphore,../scripts/../src/extlibs/unix/src/unix_semaphore.F90,c_sem_close,function,public,41
unix_semaphore,../scripts/../src/extlibs/unix/src/unix_semaphore.F90,c_sem_destroy,function,public,49
unix_semaphore,../scripts/../src/extlibs/unix/src/unix_semaphore.F90,c_sem_getvalue,function,public,57
unix_semaphore,../scripts/../src/extlibs/unix/src/unix_semaphore.F90,c_sem_init,function,public,66
unix_semaphore,../scripts/../src/extlibs/unix/src/unix_semaphore.F90,c_sem_open,function,public,75
unix_semaphore,../scripts/../src/extlibs/unix/src/unix_semaphore.F90,c_sem_post,function,public,86
unix_semaphore,../scripts/../src/extlibs/unix/src/unix_semaphore.F90,c_sem_t,type,private,23
unix_semaphore,../scripts/../src/extlibs/unix/src/unix_semaphore.F90,c_sem_timedwait,function,public,94
unix_semaphore,../scripts/../src/extlibs/unix/src/unix_semaphore.F90,c_sem_trywait,function,public,103
unix_semaphore,../scripts/../src/extlibs/unix/src/unix_semaphore.F90,c_sem_unlink,function,public,111
unix_semaphore,../scripts/../src/extlibs/unix/src/unix_semaphore.F90,c_sem_wait,function,public,119
unix_signal,../scripts/../src/extlibs/unix/src/unix_signal.F90,c_kill,function,public,90
unix_signal,../scripts/../src/extlibs/unix/src/unix_signal.F90,c_signal,function,public,99
unix_socket,../scripts/../src/extlibs/unix/src/unix_socket.F90,c_accept,function,public,56
unix_socket,../scripts/../src/extlibs/unix/src/unix_socket.F90,c_bind,function,public,66
unix_socket,../scripts/../src/extlibs/unix/src/unix_socket.F90,c_connect,function,public,76
unix_socket,../scripts/../src/extlibs/unix/src/unix_socket.F90,c_listen,function,public,86
unix_socket,../scripts/../src/extlibs/unix/src/unix_socket.F90,c_send,function,public,95
unix_socket,../scripts/../src/extlibs/unix/src/unix_socket.F90,c_setsockopt,function,public,106
unix_socket,../scripts/../src/extlibs/unix/src/unix_socket.F90,c_socket,function,public,118
unix_stat,../scripts/../src/extlibs/unix/src/unix_stat.F90,c_fstat,function,public,146
unix_stat,../scripts/../src/extlibs/unix/src/unix_stat.F90,c_lstat,function,public,155
unix_stat,../scripts/../src/extlibs/unix/src/unix_stat.F90,c_mkdir,function,public,164
unix_stat,../scripts/../src/extlibs/unix/src/unix_stat.F90,c_mkfifo,function,public,173
unix_stat,../scripts/../src/extlibs/unix/src/unix_stat.F90,c_stat,function,public,182
unix_stat,../scripts/../src/extlibs/unix/src/unix_stat.F90,c_stat_type,type,private,44
unix_stat,../scripts/../src/extlibs/unix/src/unix_stat.F90,c_stat_type,type,private,66
unix_stat,../scripts/../src/extlibs/unix/src/unix_stat.F90,c_stat_type,type,private,114
unix_stat,../scripts/../src/extlibs/unix/src/unix_stat.F90,c_umask,function,public,191
unix_stdio,../scripts/../src/extlibs/unix/src/unix_stdio.F90,c_fclose,function,public,51
unix_stdio,../scripts/../src/extlibs/unix/src/unix_stdio.F90,c_fdopen,function,public,59
unix_stdio,../scripts/../src/extlibs/unix/src/unix_stdio.F90,c_fflush,function,public,68
unix_stdio,../scripts/../src/extlibs/unix/src/unix_stdio.F90,c_fgetc,function,public,76
unix_stdio,../scripts/../src/extlibs/unix/src/unix_stdio.F90,c_fgets,function,public,84
unix_stdio,../scripts/../src/extlibs/unix/src/unix_stdio.F90,c_fopen,function,public,94
unix_stdio,../scripts/../src/extlibs/unix/src/unix_stdio.F90,c_fprintf,function,public,103
unix_stdio,../scripts/../src/extlibs/unix/src/unix_stdio.F90,c_fputs,function,public,113
unix_stdio,../scripts/../src/extlibs/unix/src/unix_stdio.F90,c_fread,function,public,122
unix_stdio,../scripts/../src/extlibs/unix/src/unix_stdio.F90,c_fwrite,function,public,133
unix_stdio,../scripts/../src/extlibs/unix/src/unix_stdio.F90,c_getchar,function,public,34
unix_stdio,../scripts/../src/extlibs/unix/src/unix_stdio.F90,c_getline,function,public,41
unix_stdio,../scripts/../src/extlibs/unix/src/unix_stdio.F90,c_pclose,function,public,144
unix_stdio,../scripts/../src/extlibs/unix/src/unix_stdio.F90,c_perror,subroutine,public,152
unix_stdio,../scripts/../src/extlibs/unix/src/unix_stdio.F90,c_popen,function,public,159
unix_stdio,../scripts/../src/extlibs/unix/src/unix_stdio.F90,c_putchar,function,public,168
unix_stdio,../scripts/../src/extlibs/unix/src/unix_stdio.F90,c_scanf,function,public,176
unix_stdio,../scripts/../src/extlibs/unix/src/unix_stdio.F90,c_setbuf,subroutine,public,185
unix_stdio,../scripts/../src/extlibs/unix/src/unix_stdio.F90,c_setvbuf,function,public,193
unix_stdlib,../scripts/../src/extlibs/unix/src/unix_stdlib.F90,c_exit,subroutine,public,18
unix_stdlib,../scripts/../src/extlibs/unix/src/unix_stdlib.F90,c_free,subroutine,public,25
unix_string,../scripts/../src/extlibs/unix/src/unix_string.F90,c_memcpy,function,public,17
unix_string,../scripts/../src/extlibs/unix/src/unix_string.F90,c_memset,function,public,27
unix_string,../scripts/../src/extlibs/unix/src/unix_string.F90,c_strerror,function,public,37
unix_string,../scripts/../src/extlibs/unix/src/unix_string.F90,c_strlen,function,public,45
unix_syslog,../scripts/../src/extlibs/unix/src/unix_syslog.F90,c_closelog,subroutine,public,53
unix_syslog,../scripts/../src/extlibs/unix/src/unix_syslog.F90,c_openlog,subroutine,public,57
unix_syslog,../scripts/../src/extlibs/unix/src/unix_syslog.F90,c_syslog,subroutine,public,66
unix_termios,../scripts/../src/extlibs/unix/src/unix_termios.F90,c_cfgetispeed,function,public,413
unix_termios,../scripts/../src/extlibs/unix/src/unix_termios.F90,c_cfgetospeed,function,public,421
unix_termios,../scripts/../src/extlibs/unix/src/unix_termios.F90,c_cfmakeraw,subroutine,public,429
unix_termios,../scripts/../src/extlibs/unix/src/unix_termios.F90,c_cfsetispeed,function,public,332
unix_termios,../scripts/../src/extlibs/unix/src/unix_termios.F90,c_cfsetospeed,function,public,341
unix_termios,../scripts/../src/extlibs/unix/src/unix_termios.F90,c_cfsetspeed,function,public,350
unix_termios,../scripts/../src/extlibs/unix/src/unix_termios.F90,c_tcdrain,function,public,359
unix_termios,../scripts/../src/extlibs/unix/src/unix_termios.F90,c_tcflow,function,public,367
unix_termios,../scripts/../src/extlibs/unix/src/unix_termios.F90,c_tcflush,function,public,376
unix_termios,../scripts/../src/extlibs/unix/src/unix_termios.F90,c_tcgetattr,function,public,385
unix_termios,../scripts/../src/extlibs/unix/src/unix_termios.F90,c_tcsendbreak,function,public,394
unix_termios,../scripts/../src/extlibs/unix/src/unix_termios.F90,c_tcsetattr,function,public,403
unix_termios,../scripts/../src/extlibs/unix/src/unix_termios.F90,c_termios,type,private,148
unix_termios,../scripts/../src/extlibs/unix/src/unix_termios.F90,c_termios,type,private,305
unix_time,../scripts/../src/extlibs/unix/src/unix_time.F90,c_asctime,function,public,97
unix_time,../scripts/../src/extlibs/unix/src/unix_time.F90,c_clock_gettime,function,public,105
unix_time,../scripts/../src/extlibs/unix/src/unix_time.F90,c_ctime,function,public,114
unix_time,../scripts/../src/extlibs/unix/src/unix_time.F90,c_gettimeofday,function,public,121
unix_time,../scripts/../src/extlibs/unix/src/unix_time.F90,c_gmtime,function,public,130
unix_time,../scripts/../src/extlibs/unix/src/unix_time.F90,c_gmtime_r,function,public,138
unix_time,../scripts/../src/extlibs/unix/src/unix_time.F90,c_localtime,function,public,147
unix_time,../scripts/../src/extlibs/unix/src/unix_time.F90,c_localtime_r,function,public,155
unix_time,../scripts/../src/extlibs/unix/src/unix_time.F90,c_mktime,function,public,164
unix_time,../scripts/../src/extlibs/unix/src/unix_time.F90,c_strftime,function,public,172
unix_time,../scripts/../src/extlibs/unix/src/unix_time.F90,c_time,function,public,183
unix_time,../scripts/../src/extlibs/unix/src/unix_time.F90,c_timegm,function,public,191
unix_time,../scripts/../src/extlibs/unix/src/unix_time.F90,c_timespec,type,private,50
unix_time,../scripts/../src/extlibs/unix/src/unix_time.F90,c_timeval,type,private,56
unix_time,../scripts/../src/extlibs/unix/src/unix_time.F90,c_timezone,type,private,62
unix_time,../scripts/../src/extlibs/unix/src/unix_time.F90,c_tm,type,private,68
unix_unistd,../scripts/../src/extlibs/unix/src/unix_unistd.F90,c_chdir,function,public,31
unix_unistd,../scripts/../src/extlibs/unix/src/unix_unistd.F90,c_close,function,public,39
unix_unistd,../scripts/../src/extlibs/unix/src/unix_unistd.F90,c_dup,function,public,47
unix_unistd,../scripts/../src/extlibs/unix/src/unix_unistd.F90,c_dup2,function,public,55
unix_unistd,../scripts/../src/extlibs/unix/src/unix_unistd.F90,c_execl,function,public,64
unix_unistd,../scripts/../src/extlibs/unix/src/unix_unistd.F90,c_fork,function,public,76
unix_unistd,../scripts/../src/extlibs/unix/src/unix_unistd.F90,c_getpid,function,public,83
unix_unistd,../scripts/../src/extlibs/unix/src/unix_unistd.F90,c_pipe,function,public,90
unix_unistd,../scripts/../src/extlibs/unix/src/unix_unistd.F90,c_read,function,public,98
unix_unistd,../scripts/../src/extlibs/unix/src/unix_unistd.F90,c_setsid,function,public,108
unix_unistd,../scripts/../src/extlibs/unix/src/unix_unistd.F90,c_unlink,function,public,115
unix_unistd,../scripts/../src/extlibs/unix/src/unix_unistd.F90,c_usleep,function,public,123
unix_unistd,../scripts/../src/extlibs/unix/src/unix_unistd.F90,c_write,function,public,131
unix_utsname,../scripts/../src/extlibs/unix/src/unix_utsname.F90,c_uname,function,public,43
unix_utsname,../scripts/../src/extlibs/unix/src/unix_utsname.F90,c_utsname,type,private,15
unix_utsname,../scripts/../src/extlibs/unix/src/unix_utsname.F90,c_utsname,type,private,29
unix_wait,../scripts/../src/extlibs/unix/src/unix_wait.F90,c_wait,function,public,18
unix_wait,../scripts/../src/extlibs/unix/src/unix_wait.F90,c_waitpid,function,public,26
