{
"1_intg.box!main": [1491491361.116845, "0 ln", "Text", "-", 0], 
"a.out!main": [1491491361.133562, "-", "-", "-", 17384], 
"base64.cpp!main": [1491491361.150565, "-", "-", "-", 3751], 
"base64.h!main": [1491491361.16782, "4 ln", "Text", "-", 136], 
"base64.o!main": [1491491361.184391, "-", "-", "-", 5992], 
"lodepng.cpp!main": [1491491361.201839, "6230 ln", "Text", "-", 220283], 
"lodepng.h!main": [1491491361.219748, "1761 ln", "Text", "-", 82254], 
"lodepng.o!main": [1491491361.235809, "-", "-", "-", 180304], 
"pick.cpp!main": [1491491361.253129, "209 ln", "Text", "-", 5499], 
"pick.o!main": [1491491361.270538, "-", "-", "-", 134512], 
"pick2.cpp!main": [1491491361.287788, "257 ln", "Text", "-", 6805], 
"pick2.o!main": [1491491361.303955, "-", "-", "-", 11320], 
"simple.cpp!main": [1491491361.326919, "1257 ln", "Text", "-", 34883], 
"simple.o!main": [1491491361.344396, "-", "-", "-", 329232]
}